omega,Overhead_R_0_0,Overhead_R_0_1,Overhead_R_0_2,Overhead_R_1_0,Overhead_R_1_1,Overhead_R_1_2,Overhead_R_2_0,Overhead_R_2_1,Overhead_R_2_2,Overhead_L_0_0,Overhead_L_0_1,Overhead_L_0_2,Overhead_L_1_0,Overhead_L_1_1,Overhead_L_1_2,Overhead_L_2_0,Overhead_L_2_1,Overhead_L_2_2,Overhead_G_0_0,Overhead_G_0_1,Overhead_G_0_2,Overhead_G_1_0,Overhead_G_1_1,Overhead_G_1_2,Overhead_G_2_0,Overhead_G_2_1,Overhead_G_2_2,Overhead_C_0_0,Overhead_C_0_1,Overhead_C_0_2,Overhead_C_1_0,Overhead_C_1_1,Overhead_C_1_2,Overhead_C_2_0,Overhead_C_2_1,Overhead_C_2_2,Overhead_Yc_real_0_0,Overhead_Yc_real_0_1,Overhead_Yc_real_0_2,Overhead_Yc_real_1_0,Overhead_Yc_real_1_1,Overhead_Yc_real_1_2,Overhead_Yc_real_2_0,Overhead_Yc_real_2_1,Overhead_Yc_real_2_2,Overhead_Yc_imag_0_0,Overhead_Yc_imag_0_1,Overhead_Yc_imag_0_2,Overhead_Yc_imag_1_0,Overhead_Yc_imag_1_1,Overhead_Yc_imag_1_2,Overhead_Yc_imag_2_0,Overhead_Yc_imag_2_1,Overhead_Yc_imag_2_2,Overhead_Zc_real_0_0,Overhead_Zc_real_0_1,Overhead_Zc_real_0_2,Overhead_Zc_real_1_0,Overhead_Zc_real_1_1,Overhead_Zc_real_1_2,Overhead_Zc_real_2_0,Overhead_Zc_real_2_1,Overhead_Zc_real_2_2,Overhead_Zc_imag_0_0,Overhead_Zc_imag_0_1,Overhead_Zc_imag_0_2,Overhead_Zc_imag_1_0,Overhead_Zc_imag_1_1,Overhead_Zc_imag_1_2,Overhead_Zc_imag_2_0,Overhead_Zc_imag_2_1,Overhead_Zc_imag_2_2,Overhead_Tv_real_0_0,Overhead_Tv_real_0_1,Overhead_Tv_real_0_2,Overhead_Tv_real_1_0,Overhead_Tv_real_1_1,Overhead_Tv_real_1_2,Overhead_Tv_real_2_0,Overhead_Tv_real_2_1,Overhead_Tv_real_2_2,Overhead_Tv_imag_0_0,Overhead_Tv_imag_0_1,Overhead_Tv_imag_0_2,Overhead_Tv_imag_1_0,Overhead_Tv_imag_1_1,Overhead_Tv_imag_1_2,Overhead_Tv_imag_2_0,Overhead_Tv_imag_2_1,Overhead_Tv_imag_2_2,Overhead_Ti_real_0_0,Overhead_Ti_real_0_1,Overhead_Ti_real_0_2,Overhead_Ti_real_1_0,Overhead_Ti_real_1_1,Overhead_Ti_real_1_2,Overhead_Ti_real_2_0,Overhead_Ti_real_2_1,Overhead_Ti_real_2_2,Overhead_Ti_imag_0_0,Overhead_Ti_imag_0_1,Overhead_Ti_imag_0_2,Overhead_Ti_imag_1_0,Overhead_Ti_imag_1_1,Overhead_Ti_imag_1_2,Overhead_Ti_imag_2_0,Overhead_Ti_imag_2_1,Overhead_Ti_imag_2_2,Overhead_Alpha_0,Overhead_Alpha_1,Overhead_Alpha_2,Overhead_Beta_0,Overhead_Beta_1,Overhead_Beta_2,Overhead_Tau_0,Overhead_Tau_1,Overhead_Tau_2,Overhead_H_real_0,Overhead_H_real_1,Overhead_H_real_2,Overhead_H_imag_0,Overhead_H_imag_1,Overhead_H_imag_2
6.2831853071795862e+00,4.6101291491267936e-05,9.8118120271755403e-07,9.8142603660834630e-07,9.8118120271755403e-07,4.6100425635884220e-05,9.8099569019910234e-07,9.8142603660834419e-07,9.8099569019910297e-07,4.6100920262929089e-05,2.6744189970392095e-06,1.3333349106628063e-06,1.2098802498618504e-06,1.3333349106628065e-06,2.6745580753785554e-06,1.3438591788327133e-06,1.2098802498618504e-06,1.3438591788327131e-06,2.6744786022568539e-06,0.0000000000000000e+00,0.0000000000000000e+00,0.0000000000000000e+00,0.0000000000000000e+00,0.0000000000000000e+00,0.0000000000000000e+00,0.0000000000000000e+00,0.0000000000000000e+00,0.0000000000000000e+00,7.3057828974835086e-12,-1.3367226169727789e-12,-6.5144771121979503e-13,-1.3367226169727789e-12,7.3872724892608116e-12,-1.4112782531568143e-12,-6.5144771121979513e-13,-1.4112782531568141e-12,7.2745285052488128e-12,7.7107435857817254e-04,-6.7683468261506104e-05,-3.6354800269470786e-05,-6.7683468261506199e-05,7.6980187857657832e-04,-7.1410987206068597e-05,-3.6354800269470670e-05,-7.1410987206068976e-05,7.6874974943929263e-04,5.6949666054736199e-04,-1.2417961295786286e-04,-8.9447492043999091e-05,-1.2417961295786283e-04,5.7484444417348264e-04,-1.2779265333598023e-04,-8.9447492043999281e-05,-1.2779265333597980e-04,5.6846332580643680e-04,8.7463010288473686e+02,1.7241549392471612e+02,1.3242001393709407e+02,1.7241549392471609e+02,8.8421630304730638e+02,1.7746549279822176e+02,1.3242001393709421e+02,1.7746549279822145e+02,8.7837590400793067e+02,-6.0438228399398872e+02,-1.8612961950422150e+01,2.1978724293544589e+00,-1.8612961950422147e+01,-6.0663198956754513e+02,-2.1412693810245440e+01,2.1978724293545491e+00,-2.1412693810245980e+01,-6.0650460320518198e+02,7.2372098037932930e-01,5.4292240105023482e-01,-4.1023339836930667e-01,-2.0870050169318338e-02,6.2572890092069322e-01,7.8641575759571125e-01,-6.8943270106420806e-01,5.5678127743486960e-01,-4.5405271912645534e-01,0.0000000000000000e+00,-4.9357743484348619e-02,-6.1192270699233040e-02,1.4761745965708877e-02,0.0000000000000000e+00,0.0000000000000000e+00,1.6032003120855037e-02,-3.5454636460655525e-02,-5.7883065987190452e-02,7.2620647927981630e-01,5.5589253332088262e-01,-4.2279907935790512e-01,-1.8965488588519822e-02,6.1559340947022390e-01,7.8147475130079247e-01,-6.8771337331764515e-01,5.6297045057725204e-01,-4.6625562895601180e-01,-1.2613680350431167e-02,1.4974710551520193e-02,1.3818622510329394e-03,-1.0463315562071866e-02,-8.1547466213329464e-02,6.4251348314326370e-02,3.4738292505663835e-03,-8.0839879345276418e-03,-6.3846205897745249e-03,3.0316096465206419e-08,2.0028662694612229e-08,3.2602968727092838e-08,3.7128294449272040e-08,3.8020989276904282e-08,3.9061405708945780e-08,5.9091515901730249e-04,6.0512283846632636e-04,6.2168158026967011e-04,9.9696610936230745e-01,9.9799192462152941e-01,9.9673740799872168e-01,-3.7015821353468879e-03,-3.7944823107549440e-03,-3.8934162297617476e-03
6.7325543550282072e+00,4.6171403558874546e-05,1.0511379871525430e-06,1.0514093630430100e-06,1.0511379871525424e-06,4.6170443485639434e-05,1.0509322892317007e-06,1.0514093630430100e-06,1.0509322892317013e-06,4.6170991929665068e-05,2.6675412053520635e-06,1.3264596225322823e-06,1.2030035658052931e-06,1.3264596225322827e-06,2.6676851707711986e-06,1.3369849379337435e-06,1.2030035658052931e-06,1.3369849379337428e-06,2.6676029050558385e-06,0.0000000000000000e+00,0.0000000000000000e+00,0.0000000000000000e+00,0.0000000000000000e+00,0.0000000000000000e+00,0.0000000000000000e+00,0.0000000000000000e+00,0.0000000000000000e+00,0.0000000000000000e+00,7.3057828974835086e-12,-1.3367226169727789e-12,-6.5144771121979503e-13,-1.3367226169727789e-12,7.3872724892608099e-12,-1.4112782531568143e-12,-6.5144771121979513e-13,-1.4112782531568143e-12,7.2745285052488136e-12,7.9944948707413096e-04,-7.2369933144010383e-05,-3.9860531263410503e-05,-7.2369933144010627e-05,7.9800742453724693e-04,-7.6236511795419121e-05,-3.9860531263410286e-05,-7.6236511795419202e-05,7.9703084797204578e-04,5.8032033844034579e-04,-1.3107626249826967e-04,-9.4908441993867023e-05,-1.3107626249826918e-04,5.8621396136998908e-04,-1.3481517688182553e-04,-9.4908441993867226e-05,-1.3481517688182553e-04,5.7931556579960731e-04,8.5566373374016462e+02,1.7294092596615789e+02,1.3353595389485506e+02,1.7294092596615744e+02,8.6524315573192803e+02,1.7790955807614799e+02,1.3353595389485514e+02,1.7790955807614802e+02,8.5934912242781365e+02,-5.7818745532598496e+02,-1.6023417534586311e+01,3.6345996987937754e+00,-1.6023417534586677e+01,-5.8038060909394153e+02,-1.8680843403136830e+01,3.6345996987939602e+00,-1.8680843403136773e+01,-5.8022222307145068e+02,7.2322061403896198e-01,5.4415691898357732e-01,-4.0803815554625905e-01,-2.1766318417359140e-02,6.2425217180245007e-01,7.8844035222084397e-01,-6.8991684547223753e-01,5.5711172706925016e-01,-4.5216896426409203e-01,1.9623836785272243e-04,-5.0284887640357344e-02,-6.2595429794077159e-02,1.5118445161884202e-02,1.2102095668381420e-03,-1.7241670538942543e-03,1.6257652096405405e-02,-3.6041123067177334e-02,-5.9065571879747904e-02,7.2596030901683450e-01,5.5835105744153901e-01,-4.2181056584356086e-01,-1.9636490123890633e-02,6.1293455100940908e-01,7.8296610205964590e-01,-6.8798470164682435e-01,5.6396081600462888e-01,-4.6557791698300810e-01,-1.2759116498082916e-02,1.6096562188399725e-02,2.6030528380406705e-03,-1.0706150070498957e-02,-8.3809287949424729e-02,6.4913012258828673e-02,3.3986780848658613e-03,-7.3621637676383987e-03,-5.3855572729908530e-03,3.1158173206890430e-08,2.0419078583459472e-08,3.3532703494651447e-08,3.8708253737839742e-08,4.0144881758507243e-08,4.0689755341192032e-08,5.7494157041495684e-04,5.9628009877892854e-04,6.0437321699159988e-04,9.9688156347152201e-01,9.9795213380747849e-01,9.9664409502581186e-01,-3.8587737229363122e-03,-4.0062885631944019e-03,-4.0553428197539097e-03
7.2140619649742463e+00,4.6246516461164617e-05,1.1260744603725164e-06,1.1263752482786937e-06,1.1260744603725164e-06,4.6245451929928839e-05,1.1258463833446436e-06,1.1263752482786937e-06,1.1258463833446430e-06,4.6246060039230990e-05,2.6606644598033795e-06,1.3195854752728780e-06,1.1961279736055301e-06,1.3195854752728778e-06,2.6608134839976946e-06,1.3301118746977769e-06,1.1961279736055301e-06,1.3301118746977769e-06,2.6607283275795570e-06,0.0000000000000000e+00,0.0000000000000000e+00,0.0000000000000000e+00,0.0000000000000000e+00,0.0000000000000000e+00,0.0000000000000000e+00,0.0000000000000000e+00,0.0000000000000000e+00,0.0000000000000000e+00,7.3057828974835086e-12,-1.3367226169727789e-12,-6.5144771121979503e-13,-1.3367226169727789e-12,7.3872724892608099e-12,-1.4112782531568141e-12,-6.5144771121979523e-13,-1.4112782531568139e-12,7.2745285052488128e-12,8.2868018581987125e-04,-7.7586281929810483e-05,-4.3829847509713237e-05,-7.7586281929810402e-05,8.2706583247891630e-04,-8.1598282465091329e-05,-4.3829847509712837e-05,-8.1598282465090855e-05,8.2616562746955365e-04,5.9075912695605792e-04,-1.3820262888072305e-04,-1.0053051909765878e-04,-1.3820262888072305e-04,5.9726472420739633e-04,-1.4207174799496833e-04,-1.0053051909765931e-04,-1.4207174799496899e-04,5.8979067524237067e-04,8.3764788584979647e+02,1.7357720990084263e+02,1.3471749708742931e+02,1.7357720990084263e+02,8.4721973901111971e+02,1.7846983003181938e+02,1.3471749708742965e+02,1.7846983003181984e+02,8.4127565421217196e+02,-5.5287483468377661e+02,-1.3614712345872981e+01,4.9277213416922852e+00,-1.3614712345872885e+01,-5.5502594539328686e+02,-1.6134706508359887e+01,4.9277213416930019e+00,-1.6134706508359116e+01,-5.5482625197102857e+02,7.2269533502608374e-01,5.4548481393218029e-01,-4.0566474321907303e-01,-2.2707206877338824e-02,6.2264004613187762e-01,7.9063186671703223e-01,-6.9042536587369718e-01,5.5749472304484049e-01,-4.5013374678400103e-01,3.6200428354829912e-04,-5.1161178187564563e-02,-6.3912191179203201e-02,1.5419546049371959e-02,2.3731271213919417e-03,-3.3861970685338297e-03,1.6454671010623832e-02,-3.6636411035334084e-02,-6.0172609506544961e-02,7.2569920079363825e-01,5.6096100933922677e-01,-4.2071035081781477e-01,-2.0339633665188844e-02,6.1002730232750180e-01,7.8456834730827996e-01,-6.8826639235287290e-01,5.6504601839407642e-01,-4.6481733856831142e-01,-1.2891749674448744e-02,1.7080482915636040e-02,3.8172808562529073e-03,-1.0906506255922342e-02,-8.6000809765099523e-02,6.5488421888368925e-02,3.3413715809862531e-03,-6.6773867708687070e-03,-4.3817922269674013e-03,3.2008077354216393e-08,2.0807491858224605e-08,3.4473799939113046e-08,4.0375065221125760e-08,4.2419977853820138e-08,4.2404188880396391e-08,5.5967172748383638e-04,5.8801793025590641e-04,5.8779906641053881e-04,9.9679618471734710e-01,9.9791243551456799e-01,9.9654959577584601e-01,-4.0245929659492837e-03,-4.2331677327978141e-03,-4.2258130571559823e-03
7.7300066646502463e+00,4.6326986709625074e-05,1.2063442041746436e-06,1.2066775833618414e-06,1.2063442041746438e-06,4.6325806369075470e-05,1.2060913163193886e-06,1.2066775833618414e-06,1.2060913163193882e-06,4.6326480626425970e-05,2.6537887961456803e-06,1.3127125089669720e-06,1.1892535116269687e-06,1.3127125089669715e-06,2.6539430568391941e-06,1.3232400304990435e-06,1.1892535116269687e-06,1.3232400304990437e-06,2.6538549081645044e-06,0.0000000000000000e+00,0.0000000000000000e+00,0.0000000000000000e+00,0.0000000000000000e+00,0.0000000000000000e+00,0.0000000000000000e+00,0.0000000000000000e+00,0.0000000000000000e+00,0.0000000000000000e+00,7.3057828974835070e-12,-1.3367226169727789e-12,-6.5144771121979493e-13,-1.3367226169727789e-12,7.3872724892608116e-12,-1.4112782531568143e-12,-6.5144771121979513e-13,-1.4112782531568141e-12,7.2745285052488128e-12,8.5876317046498611e-04,-8.3376358402976076e-05,-4.8299412299315653e-05,-8.3376358402976293e-05,8.5697820886304903e-04,-8.7540638145134288e-05,-4.8299412299316053e-05,-8.7540638145134248e-05,8.5615134246132707e-04,6.0075485089544547e-04,-1.4552457365131299e-04,-1.0627708043943533e-04,-1.4552457365131274e-04,6.0794591688266857e-04,-1.4952831866946024e-04,-1.0627708043943496e-04,-1.4952831866946038e-04,5.9983127451508687e-04,8.2055103124741015e+02,1.7431322793276627e+02,1.3595471629880589e+02,1.7431322793276610e+02,8.3011311863316666e+02,1.7913501079864844e+02,1.3595471629880572e+02,1.7913501079864855e+02,8.2412372821055169e+02,-5.2842322521625476e+02,-1.1388607419123018e+01,6.0750286205995421e+00,-1.1388607419123385e+01,-5.3054646847943161e+02,-1.3775953891470069e+01,6.0750286205990305e+00,-1.3775953891470044e+01,-5.3029537176021290e+02,7.2214880566540740e-01,5.4690202825047451e-01,-4.0311664640694223e-01,-2.3686144703492135e-02,6.2089311921795476e-01,7.9298736792516733e-01,-6.9095472935887103e-01,5.5793390806998855e-01,-4.4795041602334051e-01,4.9366845790404699e-04,-5.1973618519407530e-02,-6.5118183829680057e-02,1.5658313102970042e-02,3.4708362397582048e-03,-4.9627534917095675e-03,1.6619402033251539e-02,-3.7233808600000244e-02,-6.1183508380581036e-02,7.2542462959122933e-01,5.6370866837422373e-01,-4.1949456430946497e-01,-2.1069904957208830e-02,6.0686994272575290e-01,7.8627459931102250e-01,-6.8855610925556798e-01,5.6622552881728583e-01,-4.6396995637311744e-01,-1.3009320749827653e-02,1.7903219844156756e-02,5.0104050395185073e-03,-1.1059466800997409e-02,-8.8088759655117324e-02,6.5960809393675088e-02,3.3033732961451376e-03,-6.0436702384528427e-03,-3.3834903380523590e-03,3.2864217791403948e-08,2.1194096902530283e-08,3.5424786577640186e-08,4.2135369386860251e-08,4.4857943547368396e-08,4.4211033086377619e-08,5.4508839661869448e-04,5.8030924801793875e-04,5.7194042650127522e-04,9.9671012478573073e-01,9.9787279481512059e-01,9.9645405001542542e-01,-4.1996997816507167e-03,-4.4762821742077696e-03,-4.4054550007007424e-03
8.2828513707880980e+00,4.6413196237462997e-05,1.2923258102440066e-06,1.2926953023877230e-06,1.2923258102440068e-06,4.6411887504814879e-05,1.2920454160585836e-06,1.2926953023877239e-06,1.2920454160585821e-06,4.6412635096138740e-05,2.6469142512385030e-06,1.3058407651044057e-06,1.1823802195815877e-06,1.3058407651044055e-06,2.6470739323951730e-06,1.3163694481645158e-06,1.1823802195815877e-06,1.3163694481645155e-06,2.6469826863447838e-06,0.0000000000000000e+00,0.0000000000000000e+00,0.0000000000000000e+00,0.0000000000000000e+00,0.0000000000000000e+00,0.0000000000000000e+00,0.0000000000000000e+00,0.0000000000000000e+00,0.0000000000000000e+00,7.3057828974835070e-12,-1.3367226169727789e-12,-6.5144771121979503e-13,-1.3367226169727789e-12,7.3872724892608116e-12,-1.4112782531568143e-12,-6.5144771121979523e-13,-1.4112782531568141e-12,7.2745285052488136e-12,8.8969199628472515e-04,-8.9781928911214482e-05,-5.3302849634387164e-05,-8.9781928911214441e-05,8.8774385708682618e-04,-9.4105903545070775e-05,-5.3302849634387489e-05,-9.4105903545070734e-05,8.8698222462772649e-04,6.1024577599619475e-04,-1.5300049663114477e-04,-1.1210440149407233e-04,-1.5300049663114439e-04,6.1820343410691340e-04,-1.5714335254891082e-04,-1.1210440149407183e-04,-1.5714335254891109e-04,6.0937643553630810e-04,8.0434200296842994e+02,1.7513728643716621e+02,1.3723711660656400e+02,1.7513728643716590e+02,8.1389070036182670e+02,1.7989322818431447e+02,1.3723711660656369e+02,1.7989322818431467e+02,8.0786193680331462e+02,-5.0481215822486632e+02,-9.3462252002121051e+00,7.0750151924943010e+00,-9.3462252002123627e+00,-5.0692120829438653e+02,-1.1605620397886980e+01,7.0750151924938400e+00,-1.1605620397886868e+01,-5.0660897603484261e+02,7.2158539636810448e-01,5.4840225906894335e-01,-4.0040160086297727e-01,-2.4695291640878463e-02,6.1901501709076334e-01,7.9549997513482940e-01,-6.9150071152373682e-01,5.5843192446362455e-01,-4.4562598303826767e-01,5.8818228091882415e-04,-5.2709369692144577e-02,-6.6188450260685969e-02,1.5829030631303125e-02,4.4846394750944936e-03,-6.4296847850503370e-03,1.6748734641807164e-02,-3.7825480294235624e-02,-6.2077202205658898e-02,7.2513850030084548e-01,5.6657574808076550e-01,-4.1816140111124878e-01,-2.1821360713060702e-02,6.0346624146046046e-01,7.8807454376945951e-01,-6.8885121906524982e-01,5.6749616121257684e-01,-4.6303323494679099e-01,-1.3109764731881891e-02,1.8543088251871381e-02,6.1666550545366591e-03,-1.1160896689756573e-02,-9.0037558741921944e-02,6.6314051101522456e-02,3.2857384329179526e-03,-5.4757031052429603e-03,-2.4022488426721114e-03,3.3724840373269170e-08,2.1579224343584598e-08,3.6384022296736576e-08,4.3996442883636167e-08,4.7471216706876687e-08,4.6117217085035499e-08,5.3117508589858929e-04,5.7312650658320201e-04,5.5677948354453609e-04,9.9662355056545926e-01,9.9783316093377539e-01,9.9635761338615192e-01,-4.3848174040437907e-03,-4.7368710041081792e-03,-4.5949566102759043e-03
8.8752351462132193e+00,4.6505554216767398e-05,1.3844246387365026e-06,1.3848341446152896e-06,1.3844246387365015e-06,4.6504103144470396e-05,1.3841137503881041e-06,1.3848341446152907e-06,1.3841137503881051e-06,4.6504932034933682e-05,2.6400408630652175e-06,1.2989702866318251e-06,1.1755081385762311e-06,1.2989702866318254e-06,2.6402061551076131e-06,1.3095001720248277e-06,1.1755081385762315e-06,1.3095001720248275e-06,2.6401117028720715e-06,0.0000000000000000e+00,0.0000000000000000e+00,0.0000000000000000e+00,0.0000000000000000e+00,0.0000000000000000e+00,0.0000000000000000e+00,0.0000000000000000e+00,0.0000000000000000e+00,0.0000000000000000e+00,7.3057828974835070e-12,-1.3367226169727787e-12,-6.5144771121979493e-13,-1.3367226169727787e-12,7.3872724892608116e-12,-1.4112782531568143e-12,-6.5144771121979513e-13,-1.4112782531568141e-12,7.2745285052488128e-12,9.2145653635266071e-04,-9.6841489197860094e-05,-5.8869461081372574e-05,-9.6841489197860040e-05,9.1935996211525532e-04,-1.0133320334200800e-04,-5.8869461081372479e-05,-1.0133320334200835e-04,9.1864897711406912e-04,6.1916623776154807e-04,-1.6058126853625893e-04,-1.1796177877348470e-04,-1.6058126853625923e-04,6.2797932296169360e-04,-1.6486774581689687e-04,-1.1796177877348480e-04,-1.6486774581689622e-04,6.1836129137563282e-04,7.8899001182442896e+02,1.7603720609210262e+02,1.3855372932538148e+02,1.7603720609210285e+02,7.9852027353756512e+02,1.8073212631286594e+02,1.3855372932538154e+02,1.8073212631286555e+02,7.9245925600719147e+02,-4.8202180242621176e+02,-7.4879371550180416e+00,7.9269877525050401e+00,-7.4879371550177742e+00,-4.8412965098052564e+02,-9.6239923883927361e+00,7.9269877525050854e+00,-9.6239923883932583e+00,-4.8374707840538645e+02,7.2101006654982569e-01,5.4997691996690101e-01,-3.9753195342543718e-01,-2.5725751521231788e-02,6.1701273054639783e-01,7.9815851558445861e-01,-6.9205851107472216e-01,5.5899008690093033e-01,-4.4317141104657470e-01,6.4323842504036073e-04,-5.3356219232072476e-02,-6.7098319215026320e-02,1.5927291629628242e-02,5.3956608605816529e-03,-7.7628278178414533e-03,1.6840264760274313e-02,-3.8402621095782026e-02,-6.2832988943284485e-02,7.2484311268518675e-01,5.6953956899220293e-01,-4.1671160543818192e-01,-2.2587293494375035e-02,5.9982630285051441e-01,7.8995440234398484e-01,-6.8914888072029168e-01,5.6885175042799330e-01,-4.6200644510360112e-01,-1.3191312206835970e-02,1.8981040208103851e-02,7.2689703415712249e-03,-1.1207655187904028e-02,-9.1810373381328983e-02,6.6533486354648702e-02,3.2890478231600300e-03,-4.9882492635789019e-03,-1.4508910720310790e-03,3.4588027518964411e-08,2.1963345708851774e-08,3.7349691960119652e-08,4.5966261489227513e-08,5.0273041761138571e-08,4.8130335334280195e-08,5.1791598455664420e-04,5.6644180050360101e-04,5.4229926916151479e-04,9.9653664402575592e-01,9.9779346646435285e-01,9.9626045768225424e-01,-4.5807386584335030e-03,-5.0162535208347087e-03,-4.7950720173243694e-03
9.5099857976907742e+00,4.6604499006602352e-05,1.4830746993839957e-06,1.4835285394769015e-06,1.4830746993839974e-06,4.6602890134663419e-05,1.4827300050824770e-06,1.4835285394769017e-06,1.4827300050824766e-06,4.6603809152968052e-05,2.6331686707471691e-06,1.2921011180037413e-06,1.1686373111615487e-06,1.2921011180037413e-06,2.6333397707827570e-06,1.3026322479669707e-06,1.1686373111615489e-06,1.3026322479669707e-06,2.6332419997330482e-06,0.0000000000000000e+00,0.0000000000000000e+00,0.0000000000000000e+00,0.0000000000000000e+00,0.0000000000000000e+00,0.0000000000000000e+00,0.0000000000000000e+00,0.0000000000000000e+00,0.0000000000000000e+00,7.3057828974835086e-12,-1.3367226169727789e-12,-6.5144771121979503e-13,-1.3367226169727789e-12,7.3872724892608116e-12,-1.4112782531568143e-12,-6.5144771121979523e-13,-1.4112782531568141e-12,7.2745285052488128e-12,9.5404225427253803e-04,-1.0458902042571903e-04,-6.5022903248011517e-05,-1.0458902042571874e-04,9.5182106110646824e-04,-1.0925722494402845e-04,-6.5022903248011883e-05,-1.0925722494402847e-04,9.5113806206914651e-04,6.2744628427201818e-04,-1.6821035674666166e-04,-1.2379186802605711e-04,-1.6821035674666172e-04,6.3721117569673206e-04,-1.7264493785050072e-04,-1.2379186802605644e-04,-1.7264493785050113e-04,6.2671665469406256e-04,7.7446467403125735e+02,1.7700043185837771e+02,1.3989322642390627e+02,1.7700043185837760e+02,7.8397006909950676e+02,1.8163897607978214e+02,1.3989322642390593e+02,1.8163897607978242e+02,7.7788507672669630e+02,-4.6003288742837549e+02,-5.8132659803018027e+00,8.6311624840094048e+00,-5.8132659803016988e+00,-4.6215165379451048e+02,-7.8305100159094092e+00,8.6311624840089731e+00,-7.8305100159094012e+00,-4.6169023565167140e+02,7.2042820268093377e-01,5.5161521746085929e-01,-3.9452481299203546e-01,-2.6767862381583504e-02,6.1489680918637557e-01,8.0094737359865131e-01,-6.9262290628696954e-01,5.5960808922013061e-01,-4.4060172182612245e-01,6.5739986462676897e-04,-5.3903076817973725e-02,-6.7824416813065946e-02,1.5950230331756191e-02,6.1855674440979775e-03,-8.9389504022802466e-03,1.6892424036051346e-02,-3.8955737220172558e-02,-6.3431404150878293e-02,7.2454109885677775e-01,5.7257352527661098e-01,-4.1514889897881924e-01,-2.3360453033176538e-02,5.9596718163441109e-01,7.9189712592547201e-01,-6.8944615175455004e-01,5.7028299176182418e-01,-4.6089104293574257e-01,-1.3252583047676229e-02,1.9201724747267841e-02,8.2994995780657829e-03,-1.1197764151102348e-02,-9.3370467804903212e-02,6.6606778087779650e-02,3.3133668186829121e-03,-4.5954209469332959e-03,-5.4312858820074466e-04,3.5451700863817040e-08,2.2347075889481129e-08,3.8319803987131193e-08,4.8053567825102489e-08,5.3277507591565508e-08,5.0258716152941621e-08,5.0529589472963154e-04,5.6022699428744062e-04,5.2848360893604596e-04,9.9644960176391162e-01,9.9775362676111934e-01,9.9616277090683392e-01,-4.7883327088437738e-03,-5.3158329390349465e-03,-5.0066283493695922e-03
1.0190133374761123e+01,4.6710500241660763e-05,1.5887406635348845e-06,1.5892436229349372e-06,1.5887406635348839e-06,4.6708716434039217e-05,1.5883584924949301e-06,1.5892436229349353e-06,1.5883584924949308e-06,4.6709735365805863e-05,2.6262977145545653e-06,1.2852333052353714e-06,1.1617677813826488e-06,1.2852333052353716e-06,2.6264748266098854e-06,1.2957657234888215e-06,1.1617677813826488e-06,1.2957657234888217e-06,2.6263736201636472e-06,0.0000000000000000e+00,0.0000000000000000e+00,0.0000000000000000e+00,0.0000000000000000e+00,0.0000000000000000e+00,0.0000000000000000e+00,0.0000000000000000e+00,0.0000000000000000e+00,0.0000000000000000e+00,7.3057828974835070e-12,-1.3367226169727789e-12,-6.5144771121979503e-13,-1.3367226169727789e-12,7.3872724892608099e-12,-1.4112782531568141e-12,-6.5144771121979523e-13,-1.4112782531568141e-12,7.2745285052488128e-12,9.8742924300442253e-04,-1.1305272604033486e-04,-7.1779868544620290e-05,-1.1305272604033480e-04,9.8511825698474457e-04,-1.1790696059247101e-04,-7.1779868544619775e-05,-1.1790696059247140e-04,9.8443075174474491e-04,6.3501139733127638e-04,-1.7582415399144580e-04,-1.2953127343757044e-04,-1.7582415399144594e-04,6.4583153096398527e-04,-1.8041122089215735e-04,-1.2953127343757117e-04,-1.8041122089215654e-04,6.3436870891206800e-04,7.6073604585244800e+02,1.7801415974115861e+02,1.4124405268943917e+02,1.7801415974115872e+02,7.7020882745958284e+02,1.8260080227310962e+02,1.4124405268943943e+02,1.8260080227310922e+02,7.6410924317104855e+02,-4.3882664368799050e+02,-4.3208063314756489e+00,9.1887432024344911e+00,-4.3208063314753549e+00,-4.4096738184578572e+02,-6.2236882509878670e+00,9.1887432024350151e+00,-6.2236882509883298e+00,-4.4041948810684590e+02,7.1984542367257476e-01,5.5330435317600046e-01,-3.9140193762396797e-01,-2.7811544852820010e-02,6.1268137070236761e-01,8.0384658460993985e-01,-6.9318844349109743e-01,5.6028378283485003e-01,-4.3793587275842938e-01,6.3018456804893601e-04,-5.4340464628523329e-02,-6.8345757359554560e-02,1.5896675562959133e-02,6.8373720396888021e-03,-9.9367798440074331e-03,1.6904566672855052e-02,-3.9475026163051173e-02,-6.3855155185249188e-02,7.2423533578045196e-01,5.7564785274682007e-01,-4.1348029629077165e-01,-2.4133309751051778e-02,5.9191315680905110e-01,7.9388284376478657e-01,-6.8974010355116966e-01,5.7177749356217333e-01,-4.5969097861617936e-01,-1.3292663626195887e-02,1.9194445891031729e-02,9.2402537803256100e-03,-1.1130515773107211e-02,-9.4682801497289054e-02,6.6524738452525933e-02,3.3582336972466579e-03,-4.3098779032768233e-03,3.0690982886031725e-04,3.6313627582261135e-08,2.2731173587136788e-08,3.9292190410972226e-08,5.0267943691133200e-08,5.6499589596400108e-08,5.2511495798825313e-08,4.9330015459499892e-04,5.5445387728033117e-04,5.1531706080398863e-04,9.9636263415807802e-01,9.9771353948040742e-01,9.9606475705216180e-01,-5.0085522655226250e-03,-5.6371005342449850e-03,-5.2305331071890657e-03
1.0918924634002584e+01,4.6824061071847325e-05,1.7019200161076769e-06,1.7024773942055655e-06,1.7019200161076809e-06,4.6822083335211500e-05,1.7014962997343542e-06,1.7024773942055643e-06,1.7014962997343542e-06,4.6823213026425983e-05,2.6194280359134514e-06,1.2783668959573202e-06,1.1548995948315216e-06,1.2783668959573202e-06,2.6196113711764320e-06,1.2889006477555680e-06,1.1548995948315218e-06,1.2889006477555684e-06,2.6195066086595366e-06,0.0000000000000000e+00,0.0000000000000000e+00,0.0000000000000000e+00,0.0000000000000000e+00,0.0000000000000000e+00,0.0000000000000000e+00,0.0000000000000000e+00,0.0000000000000000e+00,0.0000000000000000e+00,7.3057828974835086e-12,-1.3367226169727789e-12,-6.5144771121979503e-13,-1.3367226169727789e-12,7.3872724892608116e-12,-1.4112782531568143e-12,-6.5144771121979523e-13,-1.4112782531568143e-12,7.2745285052488136e-12,1.0215910186219584e-03,-1.2225378031375015e-04,-7.9148814822215866e-05,-1.2225378031375056e-04,1.0192381453319195e-03,-1.2730445844665280e-04,-7.9148814822216083e-05,-1.2730445844665270e-04,1.0185019304973354e-03,6.4178237219326961e-04,-1.8335251438516938e-04,-1.3511139619285198e-04,-1.8335251438516943e-04,6.5376735921626760e-04,-1.8809625280693764e-04,-1.3511139619285152e-04,-1.8809625280693750e-04,6.4123885209070271e-04,7.4777466074389804e+02,1.7906547642365916e+02,1.4259457204251999e+02,1.7906547642365933e+02,7.5720587072790761e+02,1.8360452336955808e+02,1.4259457204251981e+02,1.8360452336955791e+02,7.5110209375851150e+02,-4.1838476007713882e+02,-3.0081671442074631e+00,9.6019777679210225e+00,-3.0081671442077620e+00,-4.2055726855989707e+02,-4.8010596985005325e+00,9.6019777679206850e+00,-4.8010596985005796e+00,-4.1991631844820836e+02,7.1926736798749380e-01,5.5502985222085255e-01,-3.8818932225852426e-01,-2.8846682996205995e-02,6.1038389245596669e-01,8.0683220779721698e-01,-6.9374964367052061e-01,5.6101306220974123e-01,-4.3519637630604407e-01,5.6209709884498689e-04,-5.4660965624895169e-02,-6.8644832965419886e-02,1.5767209117841244e-02,7.3362616023018266e-03,-1.0738043122662740e-02,1.6877005035612486e-02,-3.9950833617183254e-02,-6.4090045503731027e-02,7.2392883840925504e-01,5.7873067170333303e-01,-4.1171625082495705e-01,-2.4898340725270914e-02,5.8769556745359919e-01,7.9588956460468896e-01,-6.9002793604968882e-01,5.7332007488817183e-01,-4.5841288679726244e-01,-1.3311159789435293e-02,1.8953919560025328e-02,1.0073883712789436e-02,-1.1006508410639737e-02,-9.5715769895060587e-02,6.6282031179447615e-02,3.4226790753104147e-03,-4.1420262359511172e-03,1.0852661298993030e-03,3.7171431003033745e-08,2.3116540038342015e-08,4.0264510011752383e-08,5.2619886751683971e-08,5.9955196900806549e-08,5.4898697929460728e-08,4.8191455216954767e-04,5.4909433767955768e-04,5.0278484163633565e-04,9.9627596405899910e-01,9.9767308423586332e-01,9.9596663554039566e-01,-5.2424412254649042e-03,-5.9816402934965091e-03,-5.4677820779062370e-03
1.1699838537768235e+01,4.6945720563963022e-05,1.8231453570358522e-06,1.8237630224750552e-06,1.8231453570358505e-06,4.6943527846915809e-05,1.8226755859283748e-06,1.8237630224750567e-06,1.8226755859283731e-06,4.6944780318518571e-05,2.6125596774079949e-06,1.2715019394721675e-06,1.1480327987013018e-06,1.2715019394721673e-06,2.6127494544786956e-06,1.2820370716581066e-06,1.1480327987013020e-06,1.2820370716581068e-06,2.6126410109820213e-06,0.0000000000000000e+00,0.0000000000000000e+00,0.0000000000000000e+00,0.0000000000000000e+00,0.0000000000000000e+00,0.0000000000000000e+00,0.0000000000000000e+00,0.0000000000000000e+00,0.0000000000000000e+00,7.3057828974835070e-12,-1.3367226169727785e-12,-6.5144771121979493e-13,-1.3367226169727785e-12,7.3872724892608099e-12,-1.4112782531568141e-12,-6.5144771121979503e-13,-1.4112782531568139e-12,7.2745285052488120e-12,1.0564930816815382e-03,-1.3220511759422642e-04,-8.7128791612958557e-05,-1.3220511759422658e-04,1.0541614447930497e-03,-1.3746361015049653e-04,-8.7128791612958232e-05,-1.3746361015049653e-04,1.0533186585666428e-03,6.4767544773850947e-04,-1.9071949776284920e-04,-1.4045954398241822e-04,-1.9071949776284882e-04,6.6093972340405154e-04,-1.9562377377553867e-04,-1.4045954398241814e-04,-1.9562377377553894e-04,6.4724378543533031e-04,7.3555156416843454e+02,1.8014150730211716e+02,1.4393322375649811e+02,1.8014150730211693e+02,7.4493117328708183e+02,1.8463709946133176e+02,1.4393322375649797e+02,1.8463709946133190e+02,7.3883449949994326e+02,-3.9868935884031606e+02,-1.8719375998829482e+00,9.8741902147972223e+00,-1.8719375998831822e+00,-4.0090200022804538e+02,-3.5591411926462642e+00,9.8741902147973590e+00,-3.5591411926461349e+00,-4.0016262868407671e+02,7.1869947929021971e-01,5.5677600607887490e-01,-3.8491648022801894e-01,-2.9863507461290895e-02,6.0802477197005111e-01,8.0987698442791600e-01,-6.9430121085781538e-01,5.6178988425808773e-01,-4.3240865897831549e-01,4.5460376960137675e-04,-5.4859592213667548e-02,-6.8708606401798114e-02,1.5564123062508255e-02,7.6703822487590055e-03,-1.1328429612045377e-02,1.6810990457304335e-02,-4.0374150755351765e-02,-6.4125806601094362e-02,7.2362464162796425e-01,5.8178924110594277e-01,-4.0987058398124909e-01,-2.5648315297453820e-02,5.8335214970798510e-01,7.9789409120414545e-01,-6.9030708249197037e-01,5.7489331041073066e-01,-4.5706611477303311e-01,-1.3308220109628009e-02,1.8480739324972552e-02,1.0784528545731519e-02,-1.0827606521530064e-02,-9.6442946208629879e-02,6.5877663500158459e-02,3.5052744099706603e-03,-4.0993041151033060e-03,1.7788215192598850e-03,3.8022606108685877e-08,2.3504216391476638e-08,4.1234255202219735e-08,5.5120891140166340e-08,6.3661225646539837e-08,5.7431318111033011e-08,4.7112522931176063e-04,5.4412054868137804e-04,4.9087274089842383e-04,9.9618982495677066e-01,9.9763212232138876e-01,9.9586864025223865e-01,-5.4911427024452696e-03,-6.3511341639305415e-03,-5.7194677504593863e-03
1.2536602861381592e+01,4.7076056277534500e-05,1.9529868624216464e-06,1.9536713138782165e-06,1.9529868624216447e-06,4.7073625248212961e-05,1.9524660387469994e-06,1.9536713138782157e-06,1.9524660387470019e-06,4.7075013823025419e-05,2.6056926827771754e-06,1.2646384868130222e-06,1.1411674418424138e-06,1.2646384868130218e-06,2.6058891279272435e-06,1.2751750478734581e-06,1.1411674418424140e-06,1.2751750478734584e-06,2.6057768741584641e-06,0.0000000000000000e+00,0.0000000000000000e+00,0.0000000000000000e+00,0.0000000000000000e+00,0.0000000000000000e+00,0.0000000000000000e+00,0.0000000000000000e+00,0.0000000000000000e+00,0.0000000000000000e+00,7.3057828974835086e-12,-1.3367226169727787e-12,-6.5144771121979503e-13,-1.3367226169727787e-12,7.3872724892608099e-12,-1.4112782531568143e-12,-6.5144771121979523e-13,-1.4112782531568141e-12,7.2745285052488128e-12,1.0920912883391188e-03,-1.4291028969743837e-04,-9.5708412766764710e-05,-1.4291028969743813e-04,1.0898613469065303e-03,-1.4838900048862587e-04,-9.5708412766764710e-05,-1.4838900048862633e-04,1.0888385376692346e-03,6.5260278393761411e-04,-1.9784432186838942e-04,-1.4550029644639156e-04,-1.9784432186838982e-04,6.6726371668717496e-04,-2.0291252680832006e-04,-1.4550029644639156e-04,-2.0291252680831984e-04,6.5229594375169051e-04,7.2403834135430145e+02,1.8122956821213836e+02,1.4524868394953708e+02,1.8122956821213853e+02,7.3335542467302957e+02,1.8568568354805083e+02,1.4524868394953711e+02,1.8568568354805089e+02,7.2727789495653258e+02,-3.7972298628049765e+02,-9.0767767622544182e-01,1.0009787016340496e+01,-9.0767767622513795e-01,-3.8198252333822768e+02,-2.4934250217048142e+00,1.0009787016340502e+01,-2.4934250217052090e+00,-3.8114073364273980e+02,7.1814680763306693e-01,5.5852640575468737e-01,-3.8161544698702493e-01,-3.0852950554119050e-02,6.0562666833708689e-01,8.1295125623640252e-01,-6.9483822580113674e-01,5.6260643395474486e-01,-4.2960018726899557e-01,3.1005396114825530e-04,-5.4934041451497842e-02,-6.8529308734722516e-02,1.5291280546073512e-02,7.8315066094303918e-03,-1.1698383461755633e-02,1.6708641472938844e-02,-4.0737105204319113e-02,-6.3956753917898845e-02,7.2332568069653613e-01,5.8479132737322637e-01,-4.0796016940151986e-01,-2.6376557536023564e-02,5.7892586815511349e-01,7.9987307542909569e-01,-6.9057529612875623e-01,5.7647828927922029e-01,-4.5566255800463085e-01,-1.3284527076931662e-02,1.7781485420763372e-02,1.1358662469139521e-02,-1.0596828829685996e-02,-9.6844656277707164e-02,6.5315197127840285e-02,3.6042045664924855e-03,-4.1856410541038884e-03,2.3759905049712815e-03,3.8864540433012431e-08,2.3895380150300400e-08,4.2198763407468336e-08,5.7783531370055085e-08,6.7635619203049512e-08,6.0121412866408626e-08,4.6091857586120480e-04,5.3950515902037404e-04,4.7956702091608703e-04,9.9610445856585317e-01,9.9759049645073061e-01,9.9577101806406798e-01,-5.7559073851125870e-03,-6.7473679820136525e-03,-5.9867881824188143e-03
1.3433211988067390e+01,4.7215687027774915e-05,2.0920549162965541e-06,2.0928133496937773e-06,2.0920549162965532e-06,4.7212991827506228e-05,2.0914775010369300e-06,2.0928133496937786e-06,2.0914775010369258e-06,4.7214531270816137e-05,2.5988270969048714e-06,1.2577765908041107e-06,1.1343035748206874e-06,1.2577765908041109e-06,2.5990304443460112e-06,1.2683146309272922e-06,1.1343035748206876e-06,1.2683146309272920e-06,2.5989142464762430e-06,0.0000000000000000e+00,0.0000000000000000e+00,0.0000000000000000e+00,0.0000000000000000e+00,0.0000000000000000e+00,0.0000000000000000e+00,0.0000000000000000e+00,0.0000000000000000e+00,0.0000000000000000e+00,7.3057828974835070e-12,-1.3367226169727787e-12,-6.5144771121979493e-13,-1.3367226169727787e-12,7.3872724892608099e-12,-1.4112782531568141e-12,-6.5144771121979513e-13,-1.4112782531568139e-12,7.2745285052488120e-12,1.1283301067160343e-03,-1.5436241882870407e-04,-1.0486502784962295e-04,-1.5436241882870372e-04,1.1263016318396656e-03,-1.6007484447975407e-04,-1.0486502784962246e-04,-1.6007484447975415e-04,1.1250079515928394e-03,6.5647337952474320e-04,-2.0464252223775521e-04,-1.5015711445630036e-04,-2.0464252223775532e-04,6.7264878272683417e-04,-2.0987738285674741e-04,-1.5015711445630131e-04,-2.0987738285674703e-04,6.5630436189375425e-04,7.1320713382324163e+02,1.8231731621595421e+02,1.4653002758536877e+02,1.8231731621595418e+02,7.2245007916596705e+02,1.8673777153520871e+02,1.4653002758536906e+02,1.8673777153520859e+02,7.1640429742646563e+02,-3.6146861611676769e+02,-1.0993314672812526e-01,1.0014236882113595e+01,-1.0993314672773616e-01,-3.6378007173551663e+02,-1.5983945342901293e+00,1.0014236882114204e+01,-1.5983945342902000e+00,-3.6283336783149923e+02,7.1761384107784110e-01,5.6026452986497521e-01,-3.7831957055202459e-01,-3.1806946595799371e-02,6.0321366395201248e-01,8.1602408449724784e-01,-6.9535631037062662e-01,5.6345343007026338e-01,-4.2679941870803684e-01,1.3155575405164583e-04,-5.4884811397763147e-02,-6.8104955120449118e-02,1.4953894609450414e-02,7.8155145028552912e-03,-1.1843642670882518e-02,1.6572827115522756e-02,-4.1033395542041072e-02,-6.3582194556090460e-02,7.2303468004901494e-01,5.8770656894662798e-01,-4.0600437341759738e-01,-2.7077165852860473e-02,5.7446329994808376e-01,8.0180411506685711e-01,-6.9083071319115308e-01,5.7805552078346223e-01,-4.5421629433915622e-01,-1.3241257444179144e-02,1.6868449398966086e-02,1.1785854592058538e-02,-1.0318176222611714e-02,-9.6909216310880231e-02,6.4602639186471661e-02,3.7173571506673403e-03,-4.4011608935943022e-03,2.8673728222492465e-03,3.9694540730540299e-08,2.4291341096705422e-08,4.3155233701389804e-08,6.0621548757353691e-08,7.1897436005623920e-08,6.2982192581147144e-08,4.5128111438428356e-04,5.3522147993711263e-04,4.6885430407183108e-04,9.9602011178471694e-01,9.9754803046136686e-01,9.9567402681117900e-01,-6.0381021433586219e-03,-7.1722381521214518e-03,-6.2710562498649331e-03
1.4393945976563458e+01,4.7365275849692201e-05,2.2410029246099885e-06,2.2418433074410809e-06,2.2410029246099855e-06,4.7362287820141247e-05,2.2403627791350564e-06,2.2418433074410818e-06,2.2403627791350598e-06,4.7363994495408632e-05,2.5919629658021268e-06,1.2509163061234786e-06,1.1274412499775002e-06,1.2509163061234784e-06,2.5921734579638690e-06,1.2614558772586168e-06,1.1274412499775000e-06,1.2614558772586166e-06,2.5920531774690182e-06,0.0000000000000000e+00,0.0000000000000000e+00,0.0000000000000000e+00,0.0000000000000000e+00,0.0000000000000000e+00,0.0000000000000000e+00,0.0000000000000000e+00,0.0000000000000000e+00,0.0000000000000000e+00,7.3057828974835086e-12,-1.3367226169727787e-12,-6.5144771121979503e-13,-1.3367226169727787e-12,7.3872724892608116e-12,-1.4112782531568143e-12,-6.5144771121979523e-13,-1.4112782531568141e-12,7.2745285052488136e-12,1.1651408688049811e-03,-1.6654327599500035e-04,-1.1456414780878310e-04,-1.6654327599500106e-04,1.1634346304130344e-03,-1.7250403978019823e-04,-1.1456414780878283e-04,-1.7250403978019785e-04,1.1617602897014674e-03,6.5919450810377714e-04,-2.1102732047192395e-04,-1.5435417241390137e-04,-2.1102732047192338e-04,6.7699951946798801e-04,-2.1643067293313219e-04,-1.5435417241390175e-04,-2.1643067293313200e-04,6.5917605735578682e-04,7.0303064149002228e+02,1.8339289517277118e+02,1.4776688630786663e+02,1.8339289517277120e+02,7.1218738740438528e+02,1.8778134666929699e+02,1.4776688630786671e+02,1.8778134666929677e+02,7.0618631100911068e+02,-3.4390966124320079e+02,5.2772605423933561e-01,9.8940243978533342e+00,5.2772605423883978e-01,-3.4627620917333752e+02,-8.6756291848882250e-01,9.8940243978534888e+00,-8.6756291848858358e-01,-3.4522370128280198e+02,7.1710437870040067e-01,5.6197434481393915e-01,-3.7506218332302160e-01,-3.2718658050460092e-02,6.0081031038406130e-01,8.1906448222919059e-01,-6.9585175198634563e-01,5.6432054610898441e-01,-4.2403466116366006e-01,-7.7181776825074582e-05,-5.4715165698614954e-02,-6.7439518529949602e-02,1.4558247007120093e-02,7.6226344299939342e-03,-1.1765465520432755e-02,1.6407017056026180e-02,-4.1258623744963682e-02,-6.3006538430167500e-02,7.2275405908655421e-01,5.9050771251572620e-01,-4.0402428555834746e-01,-2.7745175612101772e-02,5.7001269417985090e-01,8.0366678250767321e-01,-6.9107188939016928e-01,5.7960589516783423e-01,-4.5274303501063651e-01,-1.3180016232164067e-02,1.5758992421629349e-02,1.2059359160676561e-02,-9.9964163965660744e-03,-9.6633689782776602e-02,6.3752015139129592e-02,3.8424201839244517e-03,-4.7421679134126669e-03,3.2462930827454094e-03,4.0509865582141813e-08,2.4693537073912585e-08,4.4100749416441103e-08,6.3649939389344472e-08,7.6466925560188811e-08,6.6028117425199808e-08,4.4219937668920468e-04,5.3124366094394100e-04,4.5872144811928743e-04,9.9593703300657765e-01,9.9750452893188657e-01,9.9557793259853322e-01,-6.3392187861144008e-03,-7.6277591264323191e-03,-6.5737091958356104e-03
1.5423390992434918e+01,4.7525533178475047e-05,2.4005303238366163e-06,2.4014614773379159e-06,2.4005303238366188e-06,4.7522220559446497e-05,2.3998206451935569e-06,2.4014614773379193e-06,2.3998206451935539e-06,4.7524112600747744e-05,2.5851003365802434e-06,1.2440576893678594e-06,1.1205805214920157e-06,1.2440576893678597e-06,2.5853182243973593e-06,1.2545988452867177e-06,1.1205805214920157e-06,1.2545988452867172e-06,2.5851937178939550e-06,0.0000000000000000e+00,0.0000000000000000e+00,0.0000000000000000e+00,0.0000000000000000e+00,0.0000000000000000e+00,0.0000000000000000e+00,0.0000000000000000e+00,0.0000000000000000e+00,0.0000000000000000e+00,7.3057828974835070e-12,-1.3367226169727787e-12,-6.5144771121979493e-13,-1.3367226169727787e-12,7.3872724892608099e-12,-1.4112782531568143e-12,-6.5144771121979513e-13,-1.4112782531568141e-12,7.2745285052488120e-12,1.2024401611376051e-03,-1.7942252053867831e-04,-1.2475918340086297e-04,-1.7942252053867848e-04,1.2011991479776028e-03,-1.8564736816542506e-04,-1.2475918340086291e-04,-1.8564736816542536e-04,1.1990142943812130e-03,6.6067372409477944e-04,-2.1691120133425279e-04,-1.5801838110691700e-04,-2.1691120133425290e-04,6.8021705258193360e-04,-2.2248373031231842e-04,-1.5801838110691670e-04,-2.2248373031231780e-04,6.6081798332710915e-04,6.9348210847223072e+02,1.8444507236286077e+02,1.4894959768439966e+02,1.8444507236286083e+02,7.0254040664373838e+02,1.8880501473005606e+02,1.4894959768439952e+02,1.8880501473005583e+02,6.9659711355777313e+02,-3.2702998871796973e+02,1.0126459282016551e+00,9.6565786170221948e+00,1.0126459282016391e+00,-3.2945288162163587e+02,-2.9353319885012041e-01,9.6565786170220296e+00,-2.9353319885051488e-01,-3.2829535907040815e+02,7.1662145087973272e-01,5.6364087172021982e-01,-3.7187526782512359e-01,-3.3582616939325717e-02,5.9844063862227248e-01,8.2204265512812635e-01,-6.9632158223563956e-01,5.6519690606836759e-01,-4.2133293753256484e-01,-3.1202496166295532e-04,-5.4430948386933811e-02,-6.6542738519068625e-02,1.4111373165952760e-02,7.2574190600752184e-03,-1.1470519192974891e-02,1.6215112678723505e-02,-4.1410492255789147e-02,-6.2239097197012969e-02,7.2248586127319980e-01,5.9317161096041193e-01,-4.0204180365680853e-01,-2.8376657487918414e-02,5.6562187852782597e-01,8.0544348303756663e-01,-6.9129781019733061e-01,5.8111159900452780e-01,-4.5125943704731425e-01,-1.3102751408315351e-02,1.4474600034482213e-02,1.2176469364183887e-02,-9.6368451359103383e-03,-9.6024072662549073e-02,6.2778668521174114e-02,3.9769798002715221e-03,-5.2014165177993810e-03,3.5091676249070416e-03,4.1307763815134867e-08,2.5103529963043979e-08,4.5032307305105064e-08,6.6885042539990254e-08,8.1365612978594857e-08,6.9274995305397132e-08,4.3365977412358265e-04,5.2754684763230218e-04,4.4915541166904284e-04,9.9585546778519241e-01,9.9745977666509078e-01,9.9548300639318643e-01,-6.6608828602288481e-03,-8.1160717202443129e-03,-6.8963183784824470e-03
1.6526461200621817e+01,4.7697220262503584e-05,2.5713857974111664e-06,2.5724174874042432e-06,2.5713857974111630e-06,4.7693547857259469e-05,2.5705990466606177e-06,2.5724174874042437e-06,2.5705990466606160e-06,4.7695645360258733e-05,2.5782392574131011e-06,1.2372007991197963e-06,1.1137214454455914e-06,1.2372007991197965e-06,2.5784648006229535e-06,1.2477435954804083e-06,1.1137214454455916e-06,1.2477435954804079e-06,2.5783359196983159e-06,0.0000000000000000e+00,0.0000000000000000e+00,0.0000000000000000e+00,0.0000000000000000e+00,0.0000000000000000e+00,0.0000000000000000e+00,0.0000000000000000e+00,0.0000000000000000e+00,0.0000000000000000e+00,7.3057828974835070e-12,-1.3367226169727787e-12,-6.5144771121979503e-13,-1.3367226169727787e-12,7.3872724892608099e-12,-1.4112782531568141e-12,-6.5144771121979523e-13,-1.4112782531568139e-12,7.2745285052488120e-12,1.2401285244527333e-03,-1.9295714483320907e-04,-1.3539155609523627e-04,-1.9295714483320896e-04,1.2395184994843688e-03,-1.9946288885397417e-04,-1.3539155609523630e-04,-1.9946288885397452e-04,1.2366727010328408e-03,6.6082145054183411e-04,-2.2220769575699565e-04,-1.6108155310750089e-04,-2.2220769575699551e-04,6.8220103861810699e-04,-2.2794864352398324e-04,-1.6108155310750062e-04,-2.2794864352398245e-04,6.6113956822356611e-04,6.8453529234639598e+02,1.8546336308552088e+02,1.5006934177807034e+02,1.8546336308552074e+02,6.9348298789465071e+02,1.8979812699396655e+02,1.5006934177807022e+02,1.8979812699396635e+02,6.8761042616119619e+02,-3.1081393232800320e+02,1.3530093078750725e+00,9.3101783856458127e+00,1.3530093078751051e+00,-3.1329247289265703e+02,1.3192300077574959e-01,9.3101783856455782e+00,1.3192300077529592e-01,-3.1203243866777257e+02,7.1616728753506331e-01,5.6525067809598029e-01,-3.6878823044906539e-01,-3.4394780422653370e-02,5.9612721880498720e-01,8.2493114515181087e-01,-6.9676360893576839e-01,5.6607160567250014e-01,-4.1871895276685611e-01,-5.6859576844872336e-04,-5.4040265931511747e-02,-6.5429584013199843e-02,1.3620739808578024e-02,6.7284583806961539e-03,-1.0970444185350285e-02,1.6001273482756918e-02,-4.1488849936982514e-02,-6.1293591221532627e-02,7.2223170987444685e-01,5.9567990452446107e-01,-4.0007865957978561e-01,-2.8968751395011642e-02,5.6133620869503742e-01,8.0712006563306826e-01,-6.9150787770067612e-01,5.8255689334106286e-01,-4.4978234217781238e-01,-1.3011657608409189e-02,1.3039731372028907e-02,1.2138596545768033e-02,-9.2450441715926611e-03,-9.5094886498818393e-02,6.1700367488268064e-02,4.1186107852098086e-03,-5.7686261185843912e-03,3.6556587657435558e-03,4.2085518257191042e-08,2.5523002134346715e-08,4.5946853583705668e-08,7.0344628361604466e-08,8.6616392245168226e-08,7.2740080748964056e-08,4.2564846465108761e-04,5.2410731610170265e-04,4.4014311270840711e-04,9.9577565389438027e-01,9.9741353799217414e-01,9.9538951985614521e-01,-7.0048623729478164e-03,-8.6394522802232514e-03,-7.2405991084647497e-03
1.7708422223726551e+01,4.7881152826654731e-05,2.7543707140682011e-06,2.7555137513732566e-06,2.7543707140682036e-06,4.7877081631275784e-05,2.7534985369233008e-06,2.7555137513732613e-06,2.7534985369233004e-06,4.7879406864702235e-05,2.5713797774869007e-06,1.2303456960170953e-06,1.1068640798884344e-06,1.2303456960170951e-06,2.5716132449370796e-06,1.2408901904296867e-06,1.1068640798884348e-06,1.2408901904296867e-06,2.5714798359736166e-06,0.0000000000000000e+00,0.0000000000000000e+00,0.0000000000000000e+00,0.0000000000000000e+00,0.0000000000000000e+00,0.0000000000000000e+00,0.0000000000000000e+00,0.0000000000000000e+00,0.0000000000000000e+00,7.3057828974835070e-12,-1.3367226169727787e-12,-6.5144771121979493e-13,-1.3367226169727787e-12,7.3872724892608099e-12,-1.4112782531568141e-12,-6.5144771121979513e-13,-1.4112782531568139e-12,7.2745285052488128e-12,1.2780896490244211e-03,-2.0709117794600113e-04,-1.4639123818766496e-04,-2.0709117794600086e-04,1.2782988340154559e-03,-2.1389557723795210e-04,-1.4639123818766496e-04,-2.1389557723795188e-04,1.2746213566696314e-03,6.5955410967249170e-04,-2.2683335853189822e-04,-1.6348264305586754e-04,-2.2683335853189847e-04,6.8285231962876677e-04,-2.3274021344284911e-04,-1.6348264305586678e-04,-2.3274021344284955e-04,6.6005580762888542e-04,6.7616441831518580e+02,1.8643814080758963e+02,1.5111826135432500e+02,1.8643814080758963e+02,6.8498973997738130e+02,1.9075088868109486e+02,1.5111826135432469e+02,1.9075088868109495e+02,6.7920046655934652e+02,-2.9524629708189599e+02,1.5577401689485721e+00,8.8638367461895715e+00,1.5577401689486436e+00,-2.9777785680077631e+02,4.1777063443577123e-01,8.8638367461894223e+00,4.1777063443592516e-01,-2.9641951930751753e+02,7.1574333036399584e-01,5.6679226101747726e-01,-3.6582688204443292e-01,-3.5152507659309988e-02,5.9389034683208286e-01,8.2770578460117239e-01,-6.9717640538824743e-01,5.6693420886766455e-01,-4.1621424575395999e-01,-8.4244262297478363e-04,-5.3553066309483102e-02,-6.4119427720858616e-02,1.3093938901303776e-02,6.0478638936762048e-03,-1.0281144360436603e-02,1.5769751713833813e-02,-4.1495590574607666e-02,-6.0187417308412039e-02,7.2199279062238897e-01,5.9801934914215860e-01,-3.9815547905788390e-01,-2.9519641931637343e-02,5.5719674813006326e-01,8.0868614620814061e-01,-6.9170187860655252e-01,5.8392868698176870e-01,-4.4832801709275966e-01,-1.2909077389884924e-02,1.1480579354883568e-02,1.1951071941728278e-02,-8.8266531823578617e-03,-9.3868232778541727e-02,6.0536318526884299e-02,4.2649546103615474e-03,-6.4311724993672305e-03,3.6886044814959441e-03,4.2840493923744738e-08,2.5953753608919134e-08,4.6841326826447155e-08,7.4047983706558416e-08,9.2243628285895473e-08,7.6442173544687418e-08,4.1815122076401337e-04,5.2090258025530502e-04,4.3167128374806146e-04,9.9569781586049322e-01,9.9736555585560438e-01,9.9529774040626162e-01,-7.3730763228535392e-03,-9.2003227097833453e-03,-7.6084204576176004e-03
1.8974916278021663e+01,4.8078205005016295e-05,2.9503428030881527e-06,2.9516091545030196e-06,2.9503428030881481e-06,4.8073691797967014e-05,2.9493759420348481e-06,2.9516091545030162e-06,2.9493759420348476e-06,4.8076269437786608e-05,2.5645219469351921e-06,1.2234924428246750e-06,1.1000084849085781e-06,1.2234924428246752e-06,2.5647636169017959e-06,1.2340386949198665e-06,1.1000084849085781e-06,1.2340386949198669e-06,2.5646255208952327e-06,0.0000000000000000e+00,0.0000000000000000e+00,0.0000000000000000e+00,0.0000000000000000e+00,0.0000000000000000e+00,0.0000000000000000e+00,0.0000000000000000e+00,0.0000000000000000e+00,0.0000000000000000e+00,7.3057828974835070e-12,-1.3367226169727787e-12,-6.5144771121979493e-13,-1.3367226169727787e-12,7.3872724892608099e-12,-1.4112782531568141e-12,-6.5144771121979513e-13,-1.4112782531568139e-12,7.2745285052488128e-12,1.3161902531689913e-03,-2.2175571082262406e-04,-1.5767776887929625e-04,-2.2175571082262414e-04,1.3174279468680784e-03,-2.2887727284823231e-04,-1.5767776887929603e-04,-2.2887727284823237e-04,1.3127290056043303e-03,6.5679769680005394e-04,-2.3070991489892569e-04,-1.6516997257814018e-04,-2.3070991489892561e-04,6.8207620070777060e-04,-2.3677809385923369e-04,-1.6516997257814045e-04,-2.3677809385923385e-04,6.5749081509601807e-04,6.6834412146166687e+02,1.8736073102549619e+02,1.5208956242230673e+02,1.8736073102549616e+02,6.7703597239351222e+02,1.9165445121719856e+02,1.5208956242230678e+02,1.9165445121719861e+02,6.7134188965097405e+02,-2.8031235051818777e+02,1.6363940732804203e+00,8.3271672625082811e+00,1.6363940732803957e+00,-2.8289243922808316e+02,5.7360311149802345e-01,8.3271672625084623e+00,5.7360311149809773e-01,-2.8144165802155243e+02,7.1535028172762205e-01,5.6825630116779646e-01,-3.6301269553978099e-01,-3.5854471121409270e-02,5.9174741675186004e-01,8.3034639500724483e-01,-6.9755926390154555e-01,5.6777517626050478e-01,-4.1383658302427800e-01,-1.1291914817448507e-03,-5.2980653278837608e-02,-6.2635018330931838e-02,1.2538416401747285e-02,5.2305807753393850e-03,-9.4218797151385172e-03,1.5524745366146632e-02,-4.1434425009251583e-02,-5.8940753197781352e-02,7.2176985893849621e-01,6.0018180041327429e-01,-3.9629096114648604e-01,-3.0028485693594509e-02,5.5323882819997561e-01,8.1013514380995866e-01,-6.9187993885278154e-01,5.8521687054757654e-01,-4.4691146703022006e-01,-1.2797407547523334e-02,9.8238578817132945e-03,1.1622702822962580e-02,-8.3871694351265701e-03,-9.2372424616794388e-02,5.9306189876084464e-02,4.4137817355414336e-03,-7.1748707889264891e-03,3.6137406117554534e-03,4.3570189283935942e-08,2.6397700131664098e-08,4.7712707209716538e-08,7.8015995082051112e-08,9.8273267831338497e-08,8.0401715956365756e-08,4.1115330333454892e-04,5.1791147002406982e-04,4.2372632784416423e-04,9.9562215909093421e-01,9.9731555062922317e-01,9.9520792555392601e-01,-7.7676029389622189e-03,-9.8012613473202753e-03,-8.0018149196003675e-03
2.0331989107167519e+01,4.8289313563699587e-05,3.1602200824312487e-06,3.1616229933715665e-06,3.1602200824312508e-06,4.8284310451349917e-05,3.1591482794213153e-06,3.1616229933715673e-06,3.1591482794213124e-06,4.8287167840051462e-05,2.5576658167568309e-06,1.2166411045089096e-06,1.0931547227032530e-06,1.2166411045089094e-06,2.5579159772737110e-06,1.2271891760082677e-06,1.0931547227032530e-06,1.2271891760082675e-06,2.5577730296450556e-06,0.0000000000000000e+00,0.0000000000000000e+00,0.0000000000000000e+00,0.0000000000000000e+00,0.0000000000000000e+00,0.0000000000000000e+00,0.0000000000000000e+00,0.0000000000000000e+00,0.0000000000000000e+00,7.3057828974835086e-12,-1.3367226169727789e-12,-6.5144771121979503e-13,-1.3367226169727789e-12,7.3872724892608116e-12,-1.4112782531568143e-12,-6.5144771121979523e-13,-1.4112782531568141e-12,7.2745285052488128e-12,1.3542808131741875e-03,-2.3686931014588314e-04,-1.6916177358714332e-04,-2.3686931014588335e-04,1.3567747830729412e-03,-2.4432700692112987e-04,-1.6916177358714351e-04,-2.4432700692113003e-04,1.3508479135044171e-03,6.5249163342947147e-04,-2.3376652920885227e-04,-1.6610332679263090e-04,-2.3376652920885192e-04,6.7978626112728856e-04,-2.3998907399912334e-04,-1.6610332679263117e-04,-2.3998907399912334e-04,6.5338167384999552e-04,6.6104938180041154e+02,1.8822348747224945e+02,1.5297759221757059e+02,1.8822348747224936e+02,6.6959762071044611e+02,1.9250098713104572e+02,1.5297759221757076e+02,1.9250098713104586e+02,6.6400971982838257e+02,-2.6599779677097735e+02,1.5990374386975243e+00,7.7102355825044038e+00,1.5990374386973496e+00,-2.6862018413081893e+02,6.0952355935408564e-01,7.7102355825043754e+00,6.0952355935405977e-01,-2.6708436808980383e+02,7.1498818088228877e-01,5.6963578143843996e-01,-3.6036237467652421e-01,-3.6500518994281542e-02,5.8971251255983048e-01,8.3283719853687077e-01,-6.9791212257390645e-01,5.6858619478218930e-01,-4.1159961996606609e-01,-1.4246703763127889e-03,-5.2335176986564619e-02,-6.1001350783231365e-02,1.1961247954301738e-02,4.2935985538604697e-03,-8.4142530474543165e-03,1.5270276286407513e-02,-4.1310560390092101e-02,-5.7575585475248901e-02,7.2156326742582655e-01,6.0216389985749719e-01,-3.9450124195202196e-01,-3.0495303230598386e-02,5.4949108155161541e-01,8.1146406575652286e-01,-6.9204247037994582e-01,5.8641441156108309e-01,-4.4554588038675402e-01,-1.2679016318788225e-02,8.0957143033003331e-03,1.1165142240198227e-02,-7.9317837097665558e-03,-9.0640351840813260e-02,5.8029232757416921e-02,4.5630369863965117e-03,-7.9847648167332974e-03,3.4392570524531055e-03,4.4272288799870444e-08,2.6856872330229816e-08,4.8558071061087861e-08,8.2271228039013811e-08,1.0473295904039395e-07,8.4640887400448825e-08,4.0463934741146997e-04,5.1511418036060742e-04,4.1629418033974286e-04,9.9554886376500418e-01,9.9726321863372880e-01,9.9512031659500133e-01,-8.1906875573761109e-03,-1.0445014690058492e-02,-8.4229878108323247e-03
2.1786118842210723e+01,4.8515482436161141e-05,3.3849850567821559e-06,3.3865391867895374e-06,3.3849850567821521e-06,4.8509936349569074e-05,3.3837969454941086e-06,3.3865391867895361e-06,3.3837969454941086e-06,4.8513103783240419e-05,2.5508114387140250e-06,1.2097917483145308e-06,1.0863028576527515e-06,1.2097917483145313e-06,2.5510703879133881e-06,1.2203417031035546e-06,1.0863028576527513e-06,1.2203417031035546e-06,2.5509224183144261e-06,0.0000000000000000e+00,0.0000000000000000e+00,0.0000000000000000e+00,0.0000000000000000e+00,0.0000000000000000e+00,0.0000000000000000e+00,0.0000000000000000e+00,0.0000000000000000e+00,0.0000000000000000e+00,7.3057828974835070e-12,-1.3367226169727787e-12,-6.5144771121979503e-13,-1.3367226169727787e-12,7.3872724892608099e-12,-1.4112782531568141e-12,-6.5144771121979513e-13,-1.4112782531568139e-12,7.2745285052488128e-12,1.3921972702929373e-03,-2.5233888503355698e-04,-1.8074698343241812e-04,-2.5233888503355735e-04,1.3961898228972533e-03,-2.6015177913473223e-04,-1.8074698343241880e-04,-2.6015177913473277e-04,1.3888154609159470e-03,6.4659267331104026e-04,-2.3594212256618390e-04,-1.6625579065373397e-04,-2.3594212256618336e-04,6.7590854225146044e-04,-2.4230943456565913e-04,-1.6625579065373432e-04,-2.4230943456565968e-04,6.4768236886615746e-04,6.5425545803106854e+02,1.8901984963987110e+02,1.5377789218383933e+02,1.8901984963987107e+02,6.6265115974616219e+02,1.9328374674671508e+02,1.5377789218383975e+02,1.9328374674671548e+02,6.5717928111794947e+02,-2.5228873085598579e+02,1.4561182711815877e+00,7.0234000417581717e+00,1.4561182711812388e+00,-2.5494561867274419e+02,5.3601803329946485e-01,7.0234000417579932e+00,5.3601803329950082e-01,-2.5333357714867040e+02,7.1465649772867623e-01,5.7092597734679074e-01,-3.5788773144258834e-01,-3.7091506214188032e-02,5.8779622611859195e-01,8.3516694348186493e-01,-6.9823547486615400e-01,5.6936039315193654e-01,-4.0951282419072510e-01,-1.7250042171163512e-03,-5.1629139606095324e-02,-5.9244533804751226e-02,1.1368967320338015e-02,3.2551333232327421e-03,-7.2811817651690820e-03,1.5010096665309086e-02,-4.1130325938498954e-02,-5.6114745189959375e-02,7.2137300829097406e-01,6.0396653570265768e-01,-3.9279947871455839e-01,-3.0920848924405536e-02,5.4597497673738493e-01,8.1267310197970211e-01,-6.9219011506107442e-01,5.8751723973600745e-01,-4.4424224030731624e-01,-1.2556175253649222e-02,6.3208362408296408e-03,1.0592146975670102e-02,-7.4652563566937015e-03,-8.8707747846751117e-02,5.6723562668876411e-02,4.7108685099787849e-03,-8.8458506612403599e-03,3.1752447958890572e-03,4.4944714539996823e-08,2.7333416113670337e-08,4.9374649087975305e-08,8.6838002753385574e-08,1.1165217988247470e-07,8.9183695677892569e-08,3.9859326657640590e-04,5.1249229241395668e-04,4.0936018170018739e-04,9.9547807869065486e-01,9.9720823030440875e-01,9.9503513181123981e-01,-8.6447501104743984e-03,-1.1134509958639500e-02,-8.8743263197056249e-03
2.3344246925629559e+01,4.8757787595327058e-05,3.6256892036333496e-06,3.6274107760803698e-06,3.6256892036333445e-06,4.8751639733089522e-05,3.6243721901903784e-06,3.6274107760803685e-06,3.6243721901903801e-06,4.8755150779241899e-05,2.5439588652073184e-06,1.2029444438441932e-06,1.0794529563968485e-06,1.2029444438441930e-06,2.5442269116720499e-06,1.2134963480478097e-06,1.0794529563968483e-06,1.2134963480478097e-06,2.5440737437841518e-06,0.0000000000000000e+00,0.0000000000000000e+00,0.0000000000000000e+00,0.0000000000000000e+00,0.0000000000000000e+00,0.0000000000000000e+00,0.0000000000000000e+00,0.0000000000000000e+00,0.0000000000000000e+00,7.3057828974835070e-12,-1.3367226169727785e-12,-6.5144771121979493e-13,-1.3367226169727785e-12,7.3872724892608099e-12,-1.4112782531568141e-12,-6.5144771121979513e-13,-1.4112782531568139e-12,7.2745285052488120e-12,1.4297637739455842e-03,-2.6806105709777794e-04,-1.9233271145153568e-04,-2.6806105709777756e-04,1.4355065031173538e-03,-2.7624784157559526e-04,-1.9233271145153489e-04,-2.7624784157559494e-04,1.4264567733210714e-03,6.3907858468156028e-04,-2.3718763779756799e-04,-1.6561518404752018e-04,-2.3718763779756767e-04,6.7038588737081540e-04,-2.4368727874770379e-04,-1.6561518404751961e-04,-2.4368727874770423e-04,6.4036752683691370e-04,6.4793782661011198e+02,1.8974438082220016e+02,1.5448722406193039e+02,1.8974438082219990e+02,6.5617351109848164e+02,1.9399709604310732e+02,1.5448722406192985e+02,1.9399709604310721e+02,6.5082613186444621e+02,-2.3917157252242711e+02,1.2183309658506476e+00,6.2771456148674334e+00,1.2183309658506059e+00,-2.4185381425772212e+02,3.6382314094051588e-01,6.2771456148675178e+00,3.6382314094074514e-01,-2.4017556410478377e+02,7.1435423487509053e-01,5.7212433737731727e-01,-3.5559583897524288e-01,-3.7629110557777720e-02,5.8600568401818132e-01,8.3732877403240513e-01,-6.9853027090677267e-01,5.7009244260322323e-01,-4.0758163000562725e-01,-2.0266797574904761e-03,-5.0874947923854247e-02,-5.7390739966278262e-02,1.0767447784611910e-02,2.1338470099124753e-03,-6.0459341673817658e-03,1.4747624179233665e-02,-4.0900784055110051e-02,-5.4581022425435943e-02,7.2119876512516401e-01,6.0559416125929233e-01,-3.9119566048906690e-01,-3.1306471052080891e-02,5.4270482302199174e-01,8.1376509939865982e-01,-6.9232368985529069e-01,5.8852397054625560e-01,-4.4300911508794405e-01,-1.2431007488228171e-02,4.5217883001943742e-03,9.9188005984330151e-03,-6.9918332139567796e-03,-8.6611513043118052e-02,5.5405632735005851e-02,4.8556420279009587e-03,-9.7436835835196991e-03,2.8330954424352216e-03,4.5585674389138858e-08,2.7829594443757115e-08,5.0159886105551056e-08,9.1742466164611455e-08,1.1906237535136453e-07,9.4056064197706634e-08,3.9299818262240768e-04,5.1002876953227562e-04,4.0290896723870254e-04,9.9540991535612433e-01,9.9715022796618891e-01,9.9495255937650784e-01,-9.1323922641328489e-03,-1.1872868504328924e-02,-9.3584081466734012e-03
2.5013811247045712e+01,4.9017382288873336e-05,3.8834577667067190e-06,3.8853647341617141e-06,3.8834577667067140e-06,4.9010567500304900e-05,3.8819978976236260e-06,3.8853647341617073e-06,3.8819978976236244e-06,4.9014459349715812e-05,2.5371081491238405e-06,1.1960992631407721e-06,1.0726050879138840e-06,1.1960992631407721e-06,2.5373856122519389e-06,1.2066531852014309e-06,1.0726050879138842e-06,1.2066531852014311e-06,2.5372270635779662e-06,0.0000000000000000e+00,0.0000000000000000e+00,0.0000000000000000e+00,0.0000000000000000e+00,0.0000000000000000e+00,0.0000000000000000e+00,0.0000000000000000e+00,0.0000000000000000e+00,0.0000000000000000e+00,7.3057828974835086e-12,-1.3367226169727787e-12,-6.5144771121979503e-13,-1.3367226169727787e-12,7.3872724892608116e-12,-1.4112782531568145e-12,-6.5144771121979523e-13,-1.4112782531568141e-12,7.2745285052488136e-12,1.4667964330929472e-03,-2.8392405823772276e-04,-2.0381669502064908e-04,-2.8392405823772276e-04,1.4745437654327981e-03,-2.9250252349542121e-04,-2.0381669502064927e-04,-2.9250252349542104e-04,1.4635883696688928e-03,6.2995130293869574e-04,-2.3746812377486737e-04,-1.6418495979337279e-04,-2.3746812377486786e-04,6.6318214877055209e-04,-2.4408471077571714e-04,-1.6418495979337339e-04,-2.4408471077571651e-04,6.3143565998603215e-04,6.4207213286313174e+02,1.9039278606648011e+02,1.5510356790167816e+02,1.9039278606648031e+02,6.5014195235942373e+02,1.9463653519072159e+02,1.5510356790167839e+02,1.9463653519072139e+02,6.4492601085353670e+02,-2.2663298110327511e+02,8.9647783139504367e-01,5.4819160074514617e+00,8.9647783139529169e-01,-2.2933034216720333e+02,1.0379053869409685e-01,5.4819160074516091e+00,1.0379053869395229e-01,-2.2759687611152421e+02,7.1408003022136146e-01,5.7323027831051709e-01,-3.5348940546996255e-01,-3.8115647666491746e-02,5.8434474863112673e-01,8.3931989432520704e-01,-6.9879781811782182e-01,5.7077855443232495e-01,-4.0580777574352317e-01,-2.3265829935923644e-03,-5.0084535396394514e-02,-5.5465301232429862e-02,1.0161832544390662e-02,9.4815468872983791e-04,-4.7312897029432944e-03,1.4485903724250291e-02,-4.0629359978125161e-02,-5.2996411326166434e-02,7.2103996889519839e-01,6.0705405121256895e-01,-3.8969662604276550e-01,-3.1653972278968011e-02,5.3968816989545720e-01,8.1474498510968696e-01,-6.9244413615559164e-01,5.8943552285666878e-01,-4.4185261749578947e-01,-1.2305452411999594e-02,2.7185830790927364e-03,9.1607695924412463e-03,-6.5151980187042203e-03,-8.4388217275055480e-02,5.4089902872924173e-02,4.9959428280422612e-03,-1.0664841496807404e-02,2.4249099421063138e-03,4.6193704273906951e-08,2.8347790588189091e-08,5.0911499619950338e-08,9.7012661757897603e-08,1.2699710369119221e-07,9.9285915142121239e-08,3.8783638686549777e-04,5.0770793157796520e-04,3.9692437974180169e-04,9.9534444241304709e-01,9.9708882316897929e-01,9.9487275021171340e-01,-9.6564043104411211e-03,-1.2663420070473526e-02,-9.8780097288954007e-03
2.6802781648779053e+01,4.9295502666272384e-05,4.1594948772567557e-06,4.1616071041184216e-06,4.1594948772567455e-06,4.9287948768566177e-05,4.1578766932583794e-06,4.1616071041184123e-06,4.1578766932583794e-06,4.9292262624754682e-05,2.5302593436546135e-06,1.1892562807725015e-06,1.0657593236025851e-06,1.1892562807725012e-06,2.5305465540361190e-06,1.1998122915309435e-06,1.0657593236025849e-06,1.1998122915309437e-06,2.5303824356851919e-06,0.0000000000000000e+00,0.0000000000000000e+00,0.0000000000000000e+00,0.0000000000000000e+00,0.0000000000000000e+00,0.0000000000000000e+00,0.0000000000000000e+00,0.0000000000000000e+00,0.0000000000000000e+00,7.3057828974835070e-12,-1.3367226169727787e-12,-6.5144771121979483e-13,-1.3367226169727787e-12,7.3872724892608099e-12,-1.4112782531568141e-12,-6.5144771121979513e-13,-1.4112782531568139e-12,7.2745285052488120e-12,1.5031079475797131e-03,-2.9981014204943284e-04,-2.1509816641512714e-04,-2.9981014204943246e-04,1.5131097366851416e-03,-3.0879659261972035e-04,-2.1509816641512608e-04,-3.0879659261972008e-04,1.5000227122783695e-03,6.1923924953827118e-04,-2.3676449267499741e-04,-1.6198445222520146e-04,-2.3676449267499744e-04,6.5428593622544092e-04,-2.4347971278496666e-04,-1.6198445222520260e-04,-2.4347971278496764e-04,6.2091160768881651e-04,6.3663416029620532e+02,1.9096190962481398e+02,1.5562609171630336e+02,1.9096190962481381e+02,6.4453403558262778e+02,1.9519869741150330e+02,1.5562609171630334e+02,1.9519869741150347e+02,6.3945480124926121e+02,-2.1465975488845783e+02,5.0133013292955542e-01,4.6479490783588240e+00,5.0133013292973250e-01,-2.1736120465979027e+02,-2.3324914331425506e-01,4.6479490783596251e+00,-2.3324914331372454e-01,-2.1558422899664285e+02,7.1383225407817552e-01,5.7424492340830779e-01,-3.5156730425941990e-01,-3.8553895649673979e-02,5.8281434877929739e-01,8.4114108650494146e-01,-6.9903968700337415e-01,5.7141639392932386e-01,-4.0418976782649318e-01,-2.6220128241076380e-03,-4.9269066030440338e-02,-5.3491987480961047e-02,9.5565073265846470e-03,-2.8434692074027839e-04,-3.3588596579070301e-03,1.4227592157370721e-02,-4.0323514540212338e-02,-5.1381515066713568e-02,7.2089585384173616e-01,6.0835556366420696e-01,-3.8830625167547317e-01,-3.1965478322955473e-02,5.3692650044856449e-01,8.1561919607008082e-01,-6.9255247522668073e-01,5.9025468444587303e-01,-4.4077650703182014e-01,-1.2181245405644005e-02,9.2846661616235375e-04,8.3336442165464538e-03,-6.0384559811849205e-03,-8.2072861729990440e-02,5.2788686741699453e-02,5.1305682203550262e-03,-1.1597239829966898e-02,1.9629616476004061e-03,4.6767701939665092e-08,2.8890512937762174e-08,5.1627534321136191e-08,1.0267859885358315e-07,1.3549219193910989e-07,1.0490324919379494e-07,3.8308933826001031e-04,5.0551541147700980e-04,3.9138941087696252e-04,9.9528168081269108e-01,9.9702359353391157e-01,9.9479581105831694e-01,-1.0219772000838599e-02,-1.3509717931120255e-02,-1.0436114109975431e-02
2.8719697970734991e+01,4.9593473828689918e-05,4.4550890251153560e-06,4.4574284892887190e-06,4.4550890251153560e-06,4.9585100851046895e-05,4.4532953993263992e-06,4.4574284892887165e-06,4.4532953993263941e-06,4.9589882361376526e-05,2.5234125020760772e-06,1.1824155739210316e-06,1.0589157373667263e-06,1.1824155739210316e-06,2.5237098018829263e-06,1.1929737466998270e-06,1.0589157373667263e-06,1.1929737466998276e-06,2.5235399183478436e-06,0.0000000000000000e+00,0.0000000000000000e+00,0.0000000000000000e+00,0.0000000000000000e+00,0.0000000000000000e+00,0.0000000000000000e+00,0.0000000000000000e+00,0.0000000000000000e+00,0.0000000000000000e+00,7.3057828974835070e-12,-1.3367226169727789e-12,-6.5144771121979493e-13,-1.3367226169727789e-12,7.3872724892608116e-12,-1.4112782531568143e-12,-6.5144771121979523e-13,-1.4112782531568141e-12,7.2745285052488128e-12,1.5385128900615127e-03,-3.1559844672338056e-04,-2.2608097341093850e-04,-3.1559844672338110e-04,1.5510064406356043e-03,-3.2500710007093991e-04,-2.2608097341093874e-04,-3.2500710007093964e-04,1.5355734395248899e-03,6.0699855090450385e-04,-2.3507479892840010e-04,-1.5904840657635232e-04,-2.3507479892840094e-04,6.4371356935696801e-04,-2.4186756212617001e-04,-1.5904840657635232e-04,-2.4186756212616931e-04,6.0884790371708514e-04,6.3159982303387267e+02,1.9144971178822101e+02,1.5605509359746836e+02,1.9144971178822146e+02,6.3932752215569019e+02,1.9568132801762727e+02,1.5605509359746850e+02,1.9568132801762698e+02,6.3438851753033555e+02,-2.0323872041456028e+02,4.3491657312844108e-02,3.7851209899331293e+00,4.3491657313014492e-02,-2.0593274458916096e+02,-6.3662019928011371e-01,3.7851209899330538e+00,-6.3662019928033009e-01,-2.0412439645244996e+02,7.1360909671875095e-01,5.7517081049311936e-01,-3.4982519471635104e-01,-3.8946936545118237e-02,5.8141289298590015e-01,8.4279614315220408e-01,-6.9925762611842757e-01,5.7200493395065033e-01,-4.0272341587247074e-01,-2.9106755689393650e-03,-4.8438723076715734e-02,-5.1492481245586939e-02,8.9551070911772033e-03,-1.5473144500763971e-03,-1.9485825912833954e-03,1.3974961679312741e-02,-3.9990474956625610e-02,-4.9755119721530870e-02,7.2076551003139877e-01,6.0950945810984036e-01,-3.8702576257658655e-01,-3.2243319978635943e-02,5.3441611089837937e-01,8.1639515717358169e-01,-6.9264977069358580e-01,5.9098567070080987e-01,-4.3978240006634078e-01,-1.2059910490565966e-02,-8.3411695292952769e-04,7.4523964477168176e-03,-5.5641422566611127e-03,-7.9697938385381611e-02,5.1512144940382344e-02,5.2585131335951786e-03,-1.2530309124488674e-02,1.4592437955764741e-03,4.7306950177027893e-08,2.9460401440456152e-08,5.2306409463402157e-08,1.0877232401830004e-07,1.4458590121756833e-07,1.1094022323748929e-07,3.7873770166085195e-04,5.0343809800820175e-04,3.8628617665316666e-04,9.9522159977713831e-01,9.9695407905815292e-01,9.9472179804429950e-01,-1.0825683579440179e-02,-1.4415554941215826e-02,-1.1035918594274533e-02
3.0773710816235855e+01,4.9912716335531215e-05,4.7716189027352461e-06,4.7742099182971279e-06,4.7716189027352470e-06,4.9903435682506646e-05,4.7696308615833576e-06,4.7742099182971279e-06,4.7696308615833584e-06,4.9908735415329237e-05,2.5165676774903386e-06,1.1755772224725143e-06,1.0520744057027210e-06,1.1755772224725143e-06,2.5168754208795495e-06,1.1861376331624575e-06,1.0520744057027210e-06,1.1861376331624569e-06,2.5166995698065909e-06,0.0000000000000000e+00,0.0000000000000000e+00,0.0000000000000000e+00,0.0000000000000000e+00,0.0000000000000000e+00,0.0000000000000000e+00,0.0000000000000000e+00,0.0000000000000000e+00,0.0000000000000000e+00,7.3057828974835070e-12,-1.3367226169727789e-12,-6.5144771121979503e-13,-1.3367226169727789e-12,7.3872724892608116e-12,-1.4112782531568143e-12,-6.5144771121979523e-13,-1.4112782531568141e-12,7.2745285052488128e-12,1.5728333216800605e-03,-3.3116819532927756e-04,-2.3667654779724792e-04,-3.3116819532927750e-04,1.5880353291289810e-03,-3.4101060171383988e-04,-2.3667654779724811e-04,-3.4101060171383966e-04,1.5700609732494451e-03,5.9331296624581169e-04,-2.3241490195898687e-04,-1.5542577778342967e-04,-2.3241490195898720e-04,6.3151092232467524e-04,-2.3926164103406993e-04,-1.5542577778343011e-04,-2.3926164103407012e-04,5.9532486793952249e-04,6.2694518450074736e+02,1.9185522541832378e+02,1.5639191834982219e+02,1.9185522541832384e+02,6.3450034014820801e+02,1.9608324383102979e+02,1.5639191834982236e+02,1.9608324383102979e+02,6.2970331882188589e+02,-1.9235661848330429e+02,-4.6673197495843605e-01,2.9028044019874035e+00,-4.6673197495830038e-01,-1.9503153863866797e+02,-1.0959305862075686e+00,2.9028044019875736e+00,-1.0959305862074300e+00,-1.9320409478613988e+02,7.1340864398199477e-01,5.7601159347917819e-01,-3.4825617554652527e-01,-3.9298018837492558e-02,5.8013672170340080e-01,8.4429126816256506e-01,-6.9945348856378897e-01,5.7254427140948194e-01,-4.0140238968500908e-01,-3.1906650934400448e-03,-4.7602578025975582e-02,-4.9486042071053962e-02,8.3605484128775765e-03,-2.8259562869037162e-03,-5.1839050283741480e-04,1.3729917321778955e-02,-3.9637029673525517e-02,-4.8133929454675504e-02,7.2064793037597585e-01,6.1052730093281693e-01,-3.8585412018235038e-01,-3.2489931387000674e-02,5.3214907634542585e-01,8.1708083311654689e-01,-6.9273709830519936e-01,5.9163370999391551e-01,-4.3887005028927362e-01,-1.1942763329979135e-02,-2.5574235819977678e-03,6.5309688255905888e-03,-5.0942489440895999e-03,-7.7292788653384917e-02,5.0268387361138020e-02,5.3789512608146345e-03,-1.3455056940971403e-02,9.2511648226842422e-04,4.7811127991715665e-08,3.0060235677266923e-08,5.2946956305220054e-08,1.1532799784777283e-07,1.5431910233241667e-07,1.1743122829488632e-07,3.7476142716895585e-04,5.0146406864589005e-04,3.8159593100787494e-04,9.9516411372344526e-01,9.9687977782212278e-01,9.9465071099293723e-01,-1.1477537339499390e-02,-1.5384980543591970e-02,-1.1680842409589803e-02
3.2974625233396054e+01,5.0254753204415454e-05,5.1105596469665266e-06,5.1134291099627686e-06,5.1105596469665275e-06,5.0244466729917452e-05,5.1083561719671452e-06,5.1134291099627661e-06,5.1083561719671444e-06,5.0250340702635038e-05,2.5097249225177835e-06,1.1687413091117988e-06,1.0452354077902451e-06,1.1687413091117988e-06,2.5100434760483879e-06,1.1793040362612492e-06,1.0452354077902453e-06,1.1793040362612492e-06,2.5098614479992968e-06,0.0000000000000000e+00,0.0000000000000000e+00,0.0000000000000000e+00,0.0000000000000000e+00,0.0000000000000000e+00,0.0000000000000000e+00,0.0000000000000000e+00,0.0000000000000000e+00,0.0000000000000000e+00,7.3057828974835070e-12,-1.3367226169727787e-12,-6.5144771121979493e-13,-1.3367226169727787e-12,7.3872724892608099e-12,-1.4112782531568141e-12,-6.5144771121979513e-13,-1.4112782531568139e-12,7.2745285052488128e-12,1.6059043658808638e-03,-3.4640207120430926e-04,-2.4680651829519145e-04,-3.4640207120430970e-04,1.6240033168342279e-03,-3.5668659676259745e-04,-2.4680651829519118e-04,-3.5668659676259712e-04,1.6033181303368618e-03,5.7829243938491203e-04,-2.2881840834425226e-04,-1.5117785435727533e-04,-2.2881840834425247e-04,6.1775391672567320e-04,-2.3569352145589437e-04,-1.5117785435727561e-04,-2.3569352145589410e-04,5.8044932427449498e-04,6.2264650324694321e+02,1.9217849308307891e+02,1.5663885198062584e+02,1.9217849308307908e+02,6.3003056851210113e+02,1.9640427369845401e+02,1.5663885198062582e+02,1.9640427369845381e+02,6.2537554980563846e+02,-1.8199999449730484e+02,-1.0194548772258301e+00,2.0097455746183042e+00,-1.0194548772258101e+00,-1.8464428093642758e+02,-1.6011923252305942e+00,2.0097455746184538e+00,-1.6011923252305826e+00,-1.8280987088059456e+02,7.1322893997284209e-01,5.7677175592800523e-01,-3.4685142340427400e-01,-3.9610442686544907e-02,5.7898056211952620e-01,8.4563448974814437e-01,-6.9962917096424992e-01,5.7303542735625679e-01,-4.0021875903434495e-01,-3.4604329820949681e-03,-4.6768530223378360e-02,-4.7489339837436598e-02,7.7750796671240000e-03,-4.1072056318042938e-03,9.1597140586330587e-04,1.3494024270569512e-02,-3.9269386152037490e-02,-4.6532444015129022e-02,7.2054205089046108e-01,6.1142097342720869e-01,-3.8478844272875734e-01,-3.2707765554208873e-02,5.3011421999617869e-01,8.1768436500438491e-01,-6.9281552267056290e-01,5.9220467710099511e-01,-4.3803766455684157e-01,-1.1830921967105524e-02,-4.2322123662953586e-03,5.5819927739965830e-03,-4.6302647161053333e-03,-7.4883236046114673e-02,4.9063648268514760e-02,5.4912137741698263e-03,-1.4364040128592276e-02,3.7105533947121385e-04,4.8280308993737775e-08,3.0692944580470942e-08,5.3548443258812052e-08,1.2238198080504351e-07,1.6473546234612186e-07,1.2441297075996052e-07,3.7113986872881099e-04,4.9958251588946346e-04,3.7729911979092793e-04,9.9510908017578337e-01,9.9680014103776948e-01,9.9458248867208110e-01,-1.2178950068932192e-02,-1.6422318787437589e-02,-1.2374534682458976e-02
3.5332947520558996e+01,5.0621217444631388e-05,5.4734895048668444e-06,5.4766671645957516e-06,5.4734895048668538e-06,5.0609816427108024e-05,5.4710473132657530e-06,5.4766671645957482e-06,5.4710473132657428e-06,5.0616326690540361e-05,2.5028842889348135e-06,1.1619079194198569e-06,1.0383988255859915e-06,1.1619079194198567e-06,2.5032140319990014e-06,1.1724730443271269e-06,1.0383988255859913e-06,1.1724730443271269e-06,2.5030256102048604e-06,0.0000000000000000e+00,0.0000000000000000e+00,0.0000000000000000e+00,0.0000000000000000e+00,0.0000000000000000e+00,0.0000000000000000e+00,0.0000000000000000e+00,0.0000000000000000e+00,0.0000000000000000e+00,7.3057828974835070e-12,-1.3367226169727785e-12,-6.5144771121979493e-13,-1.3367226169727785e-12,7.3872724892608099e-12,-1.4112782531568141e-12,-6.5144771121979513e-13,-1.4112782531568139e-12,7.2745285052488112e-12,1.6375793465185668e-03,-3.6118957037219336e-04,-2.5640478861465877e-04,-3.6118957037219347e-04,1.6587289254160447e-03,-3.7192098387762518e-04,-2.5640478861465904e-04,-3.7192098387762480e-04,1.6351953446630974e-03,5.6207031450947523e-04,-2.2433584108486705e-04,-1.4637582854921943e-04,-2.2433584108486713e-04,6.0254752394300816e-04,-2.3121225888588618e-04,-1.4637582854921906e-04,-2.3121225888588656e-04,5.6435196984269871e-04,6.1868030443745249e+02,1.9242048642968905e+02,1.5679899855022899e+02,1.9242048642968911e+02,6.2589645033722377e+02,1.9664518148505013e+02,1.5679899855022902e+02,1.9664518148505013e+02,6.2138180799010570e+02,-1.7215510071504130e+02,-1.6053199762954435e+00,1.1139643984482344e+00,-1.6053199762955093e+00,-1.7475766489930368e+02,-2.1429303227708849e+00,1.1139643984481082e+00,-2.1429303227707441e+00,-1.7292800110750696e+02,7.1306803698487209e-01,5.7745634973866500e-01,-3.4560078282471107e-01,-3.9887467590205915e-02,5.7793795811485338e-01,8.4683511722479776e-01,-6.9978656483473689e-01,5.7348014724300722e-01,-3.9916348840911048e-01,-3.7187526286832132e-03,-4.5943304552296435e-02,-4.5516428311657094e-02,7.2003421714107061e-03,-5.3797865391893573e-03,2.3409962725551565e-03,1.3268541294407341e-02,-3.8893085481586244e-02,-4.4962953162374329e-02,7.2044678374204507e-01,6.1220228443243008e-01,-3.8382442438333775e-01,-3.2899226719446853e-02,5.2829802439981211e-01,8.1821379166109487e-01,-6.9288608033143384e-01,5.9270478536628868e-01,-4.3728222507474290e-01,-1.1725322874047884e-02,-5.8514909097596929e-03,4.6166241763690779e-03,-4.1732220044079270e-03,-7.2491451213293062e-02,4.7902502339552538e-02,5.5947672033123813e-03,-1.5251273561969338e-02,-1.9350538173204854e-04,4.8714947168894210e-08,3.1361617777204663e-08,5.4110587139478127e-08,1.2997293196798254e-07,1.7588164289650019e-07,1.3192456067110704e-07,3.6785193732381333e-04,4.9778367002685205e-04,3.7337547509826288e-04,9.9505629860632827e-01,9.9671456736968000e-01,9.9451700510219510e-01,-1.2933766767322913e-02,-1.7532187420943722e-02,-1.3120883096725471e-02
3.7859935379226179e+01,5.1013860167722539e-05,5.8620969515007784e-06,5.8656157098695779e-06,5.8620969515007699e-06,5.1001224176083941e-05,5.8593902535390571e-06,5.8656157098695695e-06,5.8593902535390580e-06,5.1008439461092045e-05,2.4960458272484286e-06,1.1550771419745287e-06,1.0315647439206584e-06,1.1550771419745285e-06,2.4963871525173435e-06,1.1656447487834058e-06,1.0315647439206584e-06,1.1656447487834060e-06,2.4961921126241084e-06,0.0000000000000000e+00,0.0000000000000000e+00,0.0000000000000000e+00,0.0000000000000000e+00,0.0000000000000000e+00,0.0000000000000000e+00,0.0000000000000000e+00,0.0000000000000000e+00,0.0000000000000000e+00,7.3057828974835086e-12,-1.3367226169727787e-12,-6.5144771121979503e-13,-1.3367226169727787e-12,7.3872724892608099e-12,-1.4112782531568143e-12,-6.5144771121979523e-13,-1.4112782531568141e-12,7.2745285052488128e-12,1.6677341243530141e-03,-3.7543011714182700e-04,-2.6541894921021570e-04,-3.7543011714182814e-04,1.6920481051264334e-03,-3.8660931412060978e-04,-2.6541894921021554e-04,-3.8660931412060897e-04,1.6655651280798388e-03,5.4479938189964819e-04,-2.1903304867446145e-04,-1.4109798731643506e-04,-2.1903304867446188e-04,5.8602327040066396e-04,-2.2588289506610359e-04,-1.4109798731643574e-04,-2.2588289506610346e-04,5.4718354688527049e-04,6.1502347326216932e+02,1.9258301022433693e+02,1.5687614480013801e+02,1.9258301022433744e+02,6.2207643492490479e+02,1.9680757369758200e+02,1.5687614480013815e+02,1.9680757369758169e+02,6.1769903381233030e+02,-1.6280781725688510e+02,-2.2155924718823368e+00,2.2268016695208376e-01,-2.2155924718823612e+00,-1.6535827150544293e+02,-2.7122765138320299e+00,2.2268016695235110e-01,-2.7122765138318528e+00,-1.6354440823509330e+02,7.1292403350844979e-01,5.7807076692673920e-01,-3.4449328610559754e-01,-4.0132240886203520e-02,5.7700165703428696e-01,8.4790326160451879e-01,-6.9992751951740628e-01,5.7388071340246571e-01,-3.9822686964200460e-01,-3.9646804057778696e-03,-4.5132493732541336e-02,-4.3578827197216632e-02,6.6374366874600316e-03,-6.6341945494162516e-03,3.7453664085470824e-03,1.3054457216022488e-02,-3.8512964846386930e-02,-4.3435620569950303e-02,7.2036104322105998e-01,6.1288268079364605e-01,-3.8295672780237289e-01,-3.3066618225885039e-02,5.2668544461355959e-01,8.1867684837425014e-01,-6.9294976835871513e-01,5.9314034009314465e-01,-4.3659979612546851e-01,-1.1626740215332759e-02,-7.4102335305506932e-03,3.6444776649987103e-03,-3.7237476381575302e-03,-7.0136000444082594e-02,4.6788096484271124e-02,5.6891916623997198e-03,-1.6112098651425513e-02,-7.6024852777107819e-04,4.9115851084335395e-08,3.2069518531017813e-08,5.4633549840180884e-08,1.3814192442015175e-07,1.8780751112115592e-07,1.4000761119072343e-07,3.6487628157957843e-04,4.9605872075578412e-04,3.6980414728215799e-04,9.9500551005044646e-01,9.9662239645195894e-01,9.9445406694157545e-01,-1.3746072004231516e-02,-1.8719518127285121e-02,-1.3924023648822817e-02
4.0567651653889108e+01,5.1434559322807548e-05,6.2781882894358862e-06,6.2820845312313097e-06,6.2781882894358760e-06,5.1420554961536014e-05,6.2751885197685020e-06,6.2820845312313114e-06,6.2751885197685029e-06,5.1428551394473750e-05,2.4892095861981736e-06,1.1482490684546976e-06,1.0247332505992860e-06,1.1482490684546976e-06,2.4895629000828216e-06,1.1588192442532094e-06,1.0247332505992860e-06,1.1588192442532097e-06,2.4893610098882489e-06,0.0000000000000000e+00,0.0000000000000000e+00,0.0000000000000000e+00,0.0000000000000000e+00,0.0000000000000000e+00,0.0000000000000000e+00,0.0000000000000000e+00,0.0000000000000000e+00,0.0000000000000000e+00,7.3057828974835070e-12,-1.3367226169727787e-12,-6.5144771121979493e-13,-1.3367226169727787e-12,7.3872724892608099e-12,-1.4112782531568143e-12,-6.5144771121979513e-13,-1.4112782531568139e-12,7.2745285052488128e-12,1.6962703378916374e-03,-3.8903573796456162e-04,-2.7381095581093895e-04,-3.8903573796456053e-04,1.7238193139537459e-03,-4.0065962465939928e-04,-2.7381095581093846e-04,-4.0065962465939933e-04,1.6943254659585974e-03,5.2664702858483197e-04,-2.1298893574900468e-04,-1.3542673055453957e-04,-2.1298893574900424e-04,5.6833538065444145e-04,-2.1978424154238196e-04,-1.3542673055453959e-04,-2.1978424154238253e-04,5.2911008058491315e-04,6.1165336464823747e+02,1.9266859425777426e+02,1.5687461849800559e+02,1.9266859425777375e+02,6.1854924600155005e+02,1.9689379466374811e+02,1.5687461849800536e+02,1.9689379466374831e+02,6.1430461809917392e+02,-1.5394359723029089e+02,-2.8422350434072161e+00,-6.5773555134872608e-01,-2.8422350434071473e+00,-1.5643247174625861e+02,-3.3010466359136279e+00,-6.5773555134858852e-01,-3.3010466359134334e+00,-1.5464460196215083e+02,7.1279510163104565e-01,5.7862054807601981e-01,-3.4351759264588616e-01,-4.0347744704096022e-02,5.7616394303891005e-01,8.4884942997509338e-01,-7.0005381543711120e-01,5.7423977744001231e-01,-3.9739888441755378e-01,-4.1975163539082752e-03,-4.4340632324274563e-02,-4.1685681795388077e-02,6.0869909791260255e-03,-7.8626138117771152e-03,5.1198309865955376e-03,1.2852528051009492e-02,-3.8133157761150380e-02,-4.1958630832524234e-02,7.2028376515297010e-01,6.1347304368717204e-01,-3.8217933407732446e-01,-3.3212103997634274e-02,5.2526060195667179e-01,8.1908083189731351e-01,-6.9300753760214817e-01,5.9351755000794892e-01,-4.3598580083004140e-01,-1.1535806623368505e-02,-8.9050952678053266e-03,2.6736385739350448e-03,-3.2821138141890917e-03,-6.7832028522906943e-02,4.5722379187409012e-02,5.7741602493073200e-03,-1.6943030703897549e-02,-1.3219845219274600e-03,4.9484148363589312e-08,3.2820098251560325e-08,5.5117920788139533e-08,1.4693258062712222e-07,2.0056636412866406e-07,1.4870635359680064e-07,3.6219148665716817e-04,4.9439973957535286e-04,3.6656386932504281e-04,9.9495639725607743e-01,9.9652290151283651e-01,9.9439341185681096e-01,-1.4620203248663605e-02,-1.9989577978233350e-02,-1.4788351925853037e-02
4.3469021915296487e+01,5.1885329108583507e-05,6.7236957614927045e-06,6.7280097186846835e-06,6.7236957614927122e-06,5.1869808629280141e-05,6.7203712820341599e-06,6.7280097186846793e-06,6.7203712820341556e-06,5.1878670523530194e-05,2.4823756121746609e-06,1.1414237937480074e-06,1.0179044365050398e-06,1.1414237937480074e-06,2.4827413353024103e-06,1.1519966286705227e-06,1.0179044365050398e-06,1.1519966286705227e-06,2.4825323544841028e-06,0.0000000000000000e+00,0.0000000000000000e+00,0.0000000000000000e+00,0.0000000000000000e+00,0.0000000000000000e+00,0.0000000000000000e+00,0.0000000000000000e+00,0.0000000000000000e+00,0.0000000000000000e+00,7.3057828974835070e-12,-1.3367226169727787e-12,-6.5144771121979493e-13,-1.3367226169727787e-12,7.3872724892608099e-12,-1.4112782531568143e-12,-6.5144771121979513e-13,-1.4112782531568139e-12,7.2745285052488120e-12,1.7231173600371834e-03,-4.0193312263933509e-04,-2.8155707867416033e-04,-4.0193312263933504e-04,1.7539274976791175e-03,-4.1399466824262638e-04,-2.8155707867416011e-04,-4.1399466824262600e-04,1.7214019447528821e-03,5.0778984449450766e-04,-2.0629265983112738e-04,-1.2944562879440495e-04,-2.0629265983112651e-04,5.4965582309087619e-04,-2.1300608341226498e-04,-1.2944562879440425e-04,-2.1300608341226523e-04,5.1030752602921844e-04,6.0854792238670404e+02,1.9268037694911382e+02,1.5679914649676130e+02,1.9268037694911365e+02,6.1529397123620026e+02,1.9690681286674987e+02,1.5679914649676107e+02,1.9690681286674982e+02,6.1117652006329547e+02,-1.4554743937374928e+02,-3.4779629269179559e+00,-1.5217791392079028e+00,-3.4779629269182903e+00,-1.4796634980080657e+02,-3.9017976134959245e+00,-1.5217791392081410e+00,-3.9017976134957886e+00,-1.4621364677005388e+02,7.1267950534370361e-01,5.7911122767748002e-01,-3.4266234573129756e-01,-4.0536758605065455e-02,5.7541691334285816e-01,8.4968419580304155e-01,-7.0016714621703524e-01,5.7456021655746981e-01,-3.9666949567898091e-01,-4.4167661618943529e-03,-4.3571291003277730e-02,-3.9843972713066445e-02,5.5492253184531081e-03,-9.0587908555199298e-03,6.4570354022316419e-03,1.2663313080637138e-02,-3.7757122173655629e-02,-4.0538376268680544e-02,7.2021392049489585e-01,6.1398355660179216e-01,-3.8148584182782624e-01,-3.3337681481142092e-02,5.2400735182323643e-01,8.1943251916392756e-01,-6.9306028974669620e-01,5.9384239031932273e-01,-4.3543525983459541e-01,-1.1453034178713064e-02,-1.0334137593625182e-02,1.7107318104330181e-03,-2.8482871797213421e-03,-6.5591531293777039e-02,4.4706315368946557e-02,5.8494201436342140e-03,-1.7741599618182901e-02,-1.8726129021947675e-03,4.9821242854163884e-08,3.3617012547022658e-08,5.5564686547122080e-08,1.5639123053533030e-07,2.1421516803215476e-07,1.5806777190128885e-07,3.5977628123327329e-04,4.9279960439315459e-04,3.6363314594310150e-04,9.9490858506008484e-01,9.9641528100573029e-01,9.9433470767756449e-01,-1.5560766438130676e-02,-2.1347992183664458e-02,-1.5718536312609672e-02
4.6577896162036787e+01,5.2368330118738176e-05,7.2006862102619374e-06,7.2054623637631121e-06,7.2006862102619433e-06,5.2351129884025404e-05,7.1970019814490225e-06,7.2054623637631054e-06,7.1970019814490200e-06,5.2360950615631304e-05,2.4755439485423650e-06,1.1346014160622329e-06,1.0110783957065729e-06,1.1346014160622334e-06,2.4759225162495137e-06,1.1451770033950093e-06,1.0110783957065727e-06,1.1451770033950093e-06,2.4757061960838261e-06,0.0000000000000000e+00,0.0000000000000000e+00,0.0000000000000000e+00,0.0000000000000000e+00,0.0000000000000000e+00,0.0000000000000000e+00,0.0000000000000000e+00,0.0000000000000000e+00,0.0000000000000000e+00,7.3057828974835086e-12,-1.3367226169727789e-12,-6.5144771121979513e-13,-1.3367226169727789e-12,7.3872724892608116e-12,-1.4112782531568143e-12,-6.5144771121979523e-13,-1.4112782531568143e-12,7.2745285052488128e-12,1.7482329050637125e-03,-4.1406495669731009e-04,-2.8864719246837804e-04,-4.1406495669730976e-04,1.7822867201277167e-03,-4.2655340739396219e-04,-2.8864719246837766e-04,-4.2655340739396126e-04,1.7467485306168551e-03,4.8840806699218422e-04,-1.9904048530009955e-04,-1.2323671234655789e-04,-1.9904048530010042e-04,5.3016862148430187e-04,-2.0564599458481502e-04,-1.2323671234655803e-04,-2.0564599458481575e-04,4.9095620538046260e-04,6.0568580024557059e+02,1.9262198487902066e+02,1.5665471809213284e+02,1.9262198487902069e+02,6.1229016659881870e+02,1.9685010249823580e+02,1.5665471809213270e+02,1.9685010249823557e+02,6.0829338838164028e+02,-1.3760388940145884e+02,-4.1162779377056271e+00,-2.3648099363018327e+00,-4.1162779377053473e+00,-1.3994565165711191e+02,-4.5078644240112800e+00,-2.3648099363015547e+00,-4.5078644240109229e+00,-1.3823615856596447e+02,7.1257561130351865e-01,5.7954821421410563e-01,-3.4191645075798927e-01,-4.0701835080414285e-02,5.7475269844594956e-01,8.5041794172924789e-01,-7.0026910815778176e-01,5.7484501498054075e-01,-3.9602887183739982e-01,-4.6221056342626403e-03,-4.2827181618878836e-02,-3.8058752664442558e-02,5.0240138677444873e-03,-1.0217882261388603e-02,7.7513231537393373e-03,1.2487208678118656e-02,-3.7387687532633961e-02,-3.9179664269096970e-02,7.2015052395779688e-01,6.1442363057850768e-01,-3.8086971323650326e-01,-3.3445163888609915e-02,5.2290972962055027e-01,8.1973812751055830e-01,-6.9310887740277871e-01,5.9412050936829730e-01,-4.3494298889796840e-01,-1.1378834649827882e-02,-1.1696575781326197e-02,7.6102900280691462e-04,-2.4219745798719364e-03,-6.3423680281164768e-02,4.3740079861684350e-02,5.9147756989672085e-03,-1.8506194119479610e-02,-2.4070499368774060e-03,5.0128767244009989e-08,3.4464138804135501e-08,5.5975189792523043e-08,1.6656709440163855e-07,2.2881481263233779e-07,1.6814176072363171e-07,3.5760974223090542e-04,4.9125192738703560e-04,3.6099045808916393e-04,9.9486164064144300e-01,9.9629864912991051e-01,9.9427755203888935e-01,-1.6572653981695235e-02,-2.2800768218223390e-02,-1.6719533483902121e-02
4.9909114934975022e+01,5.2885880282741468e-05,7.7113703199648425e-06,7.7166578426002841e-06,7.7113703199648425e-06,5.2866819066977150e-05,7.7072875371136607e-06,7.7166578426002807e-06,7.7072875371136421e-06,5.2877702043214221e-05,2.4687146348526472e-06,1.1277820370404081e-06,1.0042552255690572e-06,1.1277820370404079e-06,2.4691064976935624e-06,1.1383604733306853e-06,1.0042552255690572e-06,1.1383604733306853e-06,2.4688825807650661e-06,0.0000000000000000e+00,0.0000000000000000e+00,0.0000000000000000e+00,0.0000000000000000e+00,0.0000000000000000e+00,0.0000000000000000e+00,0.0000000000000000e+00,0.0000000000000000e+00,0.0000000000000000e+00,7.3057828974835070e-12,-1.3367226169727785e-12,-6.5144771121979503e-13,-1.3367226169727785e-12,7.3872724892608099e-12,-1.4112782531568141e-12,-6.5144771121979513e-13,-1.4112782531568139e-12,7.2745285052488112e-12,1.7716023426546600e-03,-4.2539047603871896e-04,-2.9508352812714794e-04,-4.2539047603871750e-04,1.8088413253633888e-03,-4.3829171086871518e-04,-2.9508352812714740e-04,-4.3829171086871550e-04,1.7703470411222703e-03,4.6868023366402608e-04,-1.9133250931607082e-04,-1.1687814290227438e-04,-1.9133250931607074e-04,5.1006384858617870e-04,-1.9780598462270101e-04,-1.1687814290227351e-04,-1.9780598462270177e-04,4.7123540880572904e-04,6.0304647784570466e+02,1.9249741258160947e+02,1.5644645844298586e+02,1.9249741258160887e+02,6.0951796817233469e+02,1.9672752447056848e+02,1.5644645844298543e+02,1.9672752447056871e+02,6.0563467802802597e+02,-1.3009706904040695e+02,-4.7514815685295835e+00,-3.1830229551501201e+00,-4.7514815685294778e+00,-1.3235576171047484e+02,-5.1133763380028814e+00,-3.1830229551502240e+00,-5.1133763380027810e+00,-1.3069632937125095e+02,7.1248189352251157e-01,5.7993670139467379e-01,-3.4126928265486484e-01,-4.0845285217730884e-02,5.7416363065694420e-01,8.5106066791321422e-01,-7.0036119565754595e-01,5.7509716965057023e-01,-3.9546755069255418e-01,-4.8133483747476681e-03,-4.2110265614618878e-02,-3.6333392408482670e-02,4.5109407109107632e-03,-1.1336290113711140e-02,8.9985267068118258e-03,1.2324479158073366e-02,-3.7027113343184898e-02,-3.7885930235091986e-02,7.2009263850165151e-01,6.1480187340067649e-01,-3.8032446907315903e-01,-3.3536169706356839e-02,5.2195228566094831e-01,8.2000330553143685e-01,-6.9315410655765086e-01,5.9435717059846360e-01,-4.3450375603422348e-01,-1.1313538354210969e-02,-1.2992553241132977e-02,-1.7142168455796269e-04,-2.0026646480849220e-03,-6.1335169589500964e-02,4.2823226427087413e-02,5.9700736557683556e-03,-1.9235916125297410e-02,-2.9211351659575954e-03,5.0408533944184792e-08,3.5365595294962932e-08,5.6351080509350516e-08,1.7751249161053379e-07,2.4443038290765063e-07,1.7898130933758100e-07,3.5567148774689572e-04,4.8975098682096669e-04,3.5861447266850952e-04,9.9481507328402685e-01,9.9617202510591829e-01,9.9422147214106260e-01,-1.7661065314873946e-02,-2.4354321408560912e-02,-1.7796606466094184e-02
5.3478580160148283e+01,5.3440466669739734e-05,8.2581124784108859e-06,8.2639657232141607e-06,8.2581124784108892e-06,5.3419343779383919e-05,8.2535881695006090e-06,8.2639657232141590e-06,8.2535881695006039e-06,5.3431403510029125e-05,2.4618877059311288e-06,1.1209657618798452e-06,9.9743502686903672e-07,1.1209657618798448e-06,2.4622933302044520e-06,1.1315471470486005e-06,9.9743502686903693e-07,1.1315471470486008e-06,2.4620615501057031e-06,0.0000000000000000e+00,0.0000000000000000e+00,0.0000000000000000e+00,0.0000000000000000e+00,0.0000000000000000e+00,0.0000000000000000e+00,0.0000000000000000e+00,0.0000000000000000e+00,0.0000000000000000e+00,7.3057828974835086e-12,-1.3367226169727787e-12,-6.5144771121979503e-13,-1.3367226169727787e-12,7.3872724892608116e-12,-1.4112782531568143e-12,-6.5144771121979513e-13,-1.4112782531568139e-12,7.2745285052488120e-12,1.7932368802743368e-03,-4.3588526435832896e-04,-3.0087903901661984e-04,-4.3588526435832864e-04,1.8335656520845401e-03,-4.4918226253103338e-04,-3.0087903901662033e-04,-4.4918226253103289e-04,1.7922054594291753e-03,4.4877836067189902e-04,-1.8326947245519805e-04,-1.1044236533045602e-04,-1.8326947245519886e-04,4.8953171967931026e-04,-1.8958919932334786e-04,-1.1044236533045545e-04,-1.8958919932334802e-04,4.5131848472225748e-04,6.0061036493436416e+02,1.9231090670133418e+02,1.5617951571132076e+02,1.9231090670133420e+02,6.0695820387640424e+02,1.9654321098749656e+02,1.5617951571132076e+02,1.9654321098749648e+02,6.0318075632559226e+02,-1.2301072983807528e+02,-5.3786683337072150e+00,-3.9734031407965067e+00,-5.3786683337070063e+00,-1.2518170757634259e+02,-5.7132534648427304e+00,-3.9734031407966577e+00,-5.7132534648427127e+00,-1.2357797734336224e+02,7.1239693330569342e-01,5.8028160620978964e-01,-3.4071083222378529e-01,-4.0969172104446026e-02,5.7364236702608162e-01,8.5162185713765925e-01,-7.0044480129217312e-01,5.7531961806675136e-01,-3.9497655147416921e-01,-4.9904170564689636e-03,-4.1421860349283940e-02,-3.4669822629531791e-02,4.0093499655183750e-03,-1.2411495762620801e-02,1.0195759590585369e-02,1.2175284265430374e-02,-3.6677153283301483e-02,-3.6659445188932667e-02,7.2003937649748573e-01,6.1512609117837058e-01,-3.7984383742836797e-01,-3.3612117641036901e-02,5.2112032346983483e-01,8.2023314545684833e-01,-6.9319674082443594e-01,5.9455722209324346e-01,-4.3411240125936629e-01,-1.1257411248407321e-02,-1.4222944761932055e-02,-1.0836553630307381e-03,-1.5896649012838852e-03,-5.9330562942436813e-02,4.1954831876310043e-02,6.0151904857382466e-03,-1.9930449002790316e-02,-3.4115272049974011e-03,5.0662486866906938e-08,3.6325761826985144e-08,5.6694262588396005e-08,1.8928307605761619e-07,2.6113144854125953e-07,1.9064271397903497e-07,3.5394185015904389e-04,4.8829166324025207e-04,3.5648424735311137e-04,9.9476833328797221e-01,9.9603432105030609e-01,9.9416592421187022e-01,-1.8831530054730726e-02,-2.6015502065932034e-02,-1.8955345467000735e-02
5.7303331058295733e+01,5.4034758229584484e-05,8.8434412991017853e-06,8.8499203374480238e-06,8.8434412991017870e-06,5.4011351424282729e-05,8.8384278799382431e-06,8.8499203374480340e-06,8.8384278799382448e-06,5.4024714706352358e-05,2.4550631908213209e-06,1.1141526994551497e-06,9.9061790391319059e-07,1.1141526994551497e-06,2.4554830591137668e-06,1.1247371369136161e-06,9.9061790391319038e-07,1.1247371369136161e-06,2.4552431401350548e-06,0.0000000000000000e+00,0.0000000000000000e+00,0.0000000000000000e+00,0.0000000000000000e+00,0.0000000000000000e+00,0.0000000000000000e+00,0.0000000000000000e+00,0.0000000000000000e+00,0.0000000000000000e+00,7.3057828974835086e-12,-1.3367226169727789e-12,-6.5144771121979503e-13,-1.3367226169727789e-12,7.3872724892608116e-12,-1.4112782531568143e-12,-6.5144771121979523e-13,-1.4112782531568141e-12,7.2745285052488128e-12,1.8131708499747692e-03,-4.4554037555835624e-04,-3.0605554289625449e-04,-4.4554037555835511e-04,1.8564624448437277e-03,-4.5921375872526576e-04,-3.0605554289625341e-04,-4.5921375872526592e-04,1.8123553191861485e-03,4.2886388357333280e-04,-1.7494984138575600e-04,-1.0399478132067295e-04,-1.7494984138575513e-04,4.6875715835246291e-04,-1.8109687415377652e-04,-1.0399478132067289e-04,-1.8109687415377679e-04,4.3136866745529319e-04,5.9835888903299713e+02,1.9206685810498394e+02,1.5585896433012925e+02,1.9206685810498340e+02,6.0459249812764563e+02,1.9630145732739237e+02,1.5585896433012880e+02,1.9630145732739243e+02,6.0091299298572903e+02,-1.1632832736614799e+02,-5.9937014431011848e+00,-4.7336655071085794e+00,-5.9937014431012834e+00,-1.1840819123759393e+02,-6.3031854746149527e+00,-4.7336655071084683e+00,-6.3031854746148470e+00,-1.1686461789962028e+02,7.1231941558050060e-01,5.8058752929165180e-01,-3.4023180172568668e-01,-4.1075309859420359e-02,5.7318197358376122e-01,8.5211038728617239e-01,-7.0052121944781165e-01,5.7551518548063574e-01,-3.9454744380729084e-01,-5.1533183883368510e-03,-4.0762739568301329e-02,-3.3068762750513722e-02,3.5183898940597080e-03,-1.3441899397499943e-02,1.1341218242241996e-02,1.2039703173214834e-02,-3.6339120439313422e-02,-3.5501510637827874e-02,7.1998989826302651e-01,6.1540331275258642e-01,-3.7942186228416913e-01,-3.3674225427727016e-02,5.2040005727751382e-01,8.2043220978778164e-01,-6.9323750703122478e-01,5.9472508686343339e-01,-4.3376392333573532e-01,-1.1210670040628392e-02,-1.5389188313808809e-02,-1.9736489828776557e-03,-1.1821343580669993e-03,-5.7412625480186177e-02,4.1133616539155538e-02,6.0500218059829662e-03,-2.0589941395238127e-02,-3.8755966714070010e-03,5.0892656345424583e-08,3.7349301971879230e-08,5.7006839012715758e-08,2.0193809814628069e-07,2.7899237278966845e-07,2.0318581966662886e-07,3.5240202343707621e-04,4.8686938025617460e-04,3.5457942132530515e-04,9.9472080969238741e-01,9.9588432827094131e-01,9.9411029224021241e-01,-2.0089933748215886e-02,-2.7791624249515215e-02,-2.0201691587564498e-02
6.1401625483385601e+01,5.4671619551920657e-05,9.4700608459498174e-06,9.4772320604663741e-06,9.4700608459498275e-06,5.4645682745408660e-05,9.4645056282436620e-06,9.4772320604663707e-06,9.4645056282436603e-06,5.4660489973244894e-05,2.4482411115641030e-06,1.1073429624453610e-06,9.8380396466116363e-07,1.1073429624453610e-06,2.4486757233123532e-06,1.1179305592154247e-06,9.8380396466116341e-07,1.1179305592154245e-06,2.4484273801211748e-06,0.0000000000000000e+00,0.0000000000000000e+00,0.0000000000000000e+00,0.0000000000000000e+00,0.0000000000000000e+00,0.0000000000000000e+00,0.0000000000000000e+00,0.0000000000000000e+00,0.0000000000000000e+00,7.3057828974835086e-12,-1.3367226169727791e-12,-6.5144771121979513e-13,-1.3367226169727791e-12,7.3872724892608116e-12,-1.4112782531568145e-12,-6.5144771121979523e-13,-1.4112782531568143e-12,7.2745285052488128e-12,1.8314583753045943e-03,-4.5436090949661117e-04,-3.1064179103963067e-04,-4.5436090949661149e-04,1.8775602011817344e-03,-4.6838952088555110e-04,-3.1064179103963100e-04,-4.6838952088555175e-04,1.8308484325608833e-03,4.0908450379390697e-04,-1.6646730796528991e-04,-9.7592935935834975e-05,-1.6646730796528921e-04,4.4791512511399882e-04,-1.7242569723572600e-04,-9.7592935935835828e-05,-1.7242569723572611e-04,4.1153579776056375e-04,5.9627456305006967e+02,1.9176970479855333e+02,1.5548972556380346e+02,1.9176970479855333e+02,6.0240336360734375e+02,1.9600662380600343e+02,1.5548972556380374e+02,1.9600662380600377e+02,5.9881383049848614e+02,-1.1003311055056446e+02,-6.5931735883659472e+00,-5.4621855847720955e+00,-6.5931735883661418e+00,-1.1201964292419892e+02,-6.8795951098583181e+00,-5.4621855847719480e+00,-6.8795951098582551e+00,-1.1053955074446682e+02,7.1224812257149528e-01,5.8085873323210269e-01,-3.3982365973100898e-01,-4.1165266520698407e-02,5.7277597782108736e-01,8.5253448205855642e-01,-7.0059165258057288e-01,5.7568654839653610e-01,-3.9417238205560251e-01,-5.3021217095925166e-03,-4.0133225684168591e-02,-3.1529931113974202e-02,3.0370512788754156e-03,-1.4426670376578993e-02,1.2433999028164054e-02,1.1917755031388477e-02,-3.6013950524847523e-02,-3.4412636122505037e-02,7.1994340857592276e-01,6.1563982928287497e-01,-3.7905297852631736e-01,-3.3723511181956899e-02,5.1977870417908112e-01,8.2060456662264103e-01,-6.9327710178981650e-01,5.9486476816486777e-01,-4.3345353846232815e-01,-1.1173495251707374e-02,-1.6493143644523749e-02,-2.8401849863770420e-03,-7.7911195026247231e-04,-5.5582630517427505e-02,4.0358043263539360e-02,6.0744737635255470e-03,-2.1214906857821281e-02,-4.3113218756381548e-03,5.1101118937069750e-08,3.8441186928022882e-08,5.7291058569182753e-08,2.1554069310207431e-07,2.9809264207705728e-07,2.1667429204917773e-07,3.5103418094427569e-04,4.8548004996662003e-04,3.5288038442533848e-04,9.9467182650611508e-01,9.9572070177777838e-01,9.9405388555915286e-01,-2.1442546169989914e-02,-2.9690496245502070e-02,-2.1541963452375124e-02
6.5793027078417055e+01,5.5354125731780062e-05,1.0140862605624381e-05,1.0148799343287187e-05,1.0140862605624372e-05,5.5325386449558894e-05,1.0134707253058493e-05,1.0148799343287196e-05,1.0134707253058500e-05,5.5341793063369449e-05,2.4414214817899513e-06,1.1005366674653394e-06,9.7699332085257364e-07,1.1005366674653392e-06,2.4418713538612043e-06,1.1111275343039328e-06,9.7699332085257385e-07,1.1111275343039330e-06,2.4416142911711200e-06,0.0000000000000000e+00,0.0000000000000000e+00,0.0000000000000000e+00,0.0000000000000000e+00,0.0000000000000000e+00,0.0000000000000000e+00,0.0000000000000000e+00,0.0000000000000000e+00,0.0000000000000000e+00,7.3057828974835086e-12,-1.3367226169727789e-12,-6.5144771121979503e-13,-1.3367226169727789e-12,7.3872724892608116e-12,-1.4112782531568145e-12,-6.5144771121979523e-13,-1.4112782531568143e-12,7.2745285052488128e-12,1.8481696991760450e-03,-4.6236419592019147e-04,-3.1467159183287073e-04,-4.6236419592019234e-04,1.8969097496476966e-03,-4.7672568066504993e-04,-3.1467159183287186e-04,-4.7672568066504934e-04,1.8477532432250457e-03,3.8957199107638336e-04,-1.5790879674459270e-04,-9.1286168750222176e-05,-1.5790879674459248e-04,4.2716689781488259e-04,-1.6366568506649785e-04,-9.1286168750222055e-05,-1.6366568506649766e-04,3.9195399813487272e-04,5.9434103112271714e+02,1.9142384762813350e+02,1.5507650540886692e+02,1.9142384762813381e+02,6.0037427583014903e+02,1.9566305004620330e+02,1.5507650540886726e+02,1.9566305004620313e+02,5.9686683292017130e+02,-1.0410822052983772e+02,-7.1743560545767506e+00,-6.1579243774024475e+00,-7.1743560545769549e+00,-1.0600029293654978e+02,-7.4395895863120955e+00,-6.1579243774026713e+00,-7.4395895863120858e+00,-1.0458595720580732e+02,7.1218192559400362e-01,5.8109913490807208e-01,-3.3947866437892310e-01,-4.1240369342121622e-02,5.7241839591106491e-01,8.5290169156342355e-01,-7.0065721935198755e-01,5.7583621138016927e-01,-3.9384411270391290e-01,-5.4369410338602148e-03,-3.9533272623906622e-02,-3.0052233656457698e-02,2.5642005573132463e-03,-1.5365611217501331e-02,1.3473933446912023e-02,1.1809416216715857e-02,-3.5702261028998164e-02,-3.3392697075060263e-02,7.1989915166427310e-01,6.1584124312508237e-01,-3.7873205985128561e-01,-3.3760796225258918e-02,5.1924452518872721e-01,8.2075382957165377e-01,-6.9331619876673833e-01,5.9497986522019852e-01,-4.3317671586764256e-01,-1.1146042236671126e-02,-1.7536975121950467e-02,-3.6827240905694600e-03,-3.7954116823781041e-04,-5.3840635826103822e-02,3.9626397547744434e-02,6.0884562789319920e-03,-2.1806138618287056e-02,-4.7171910667731694e-03,5.1289963298872607e-08,3.9606721091445239e-08,5.7549266555459127e-08,2.3015819516715164e-07,3.1851721778399113e-07,2.3117591923201638e-07,3.4982156223459953e-04,4.8412002293853800e-04,3.5136841926498321e-04,9.9462063717943250e-01,9.9554194277432140e-01,9.9399593488407956e-01,-2.2896052108605274e-02,-3.1720452845641296e-02,-2.2982886736705378e-02
7.0498498664544471e+01,5.6085578438301478e-05,1.0858938255219519e-05,1.0867721546552637e-05,1.0858938255219512e-05,5.6053735006657358e-05,1.0852118182073771e-05,1.0867721546552637e-05,1.0852118182073755e-05,5.6071913093959837e-05,2.4346043050979596e-06,1.0937339352015263e-06,9.7018608813833740e-07,1.0937339352015260e-06,2.4350699723896539e-06,1.1043281867291282e-06,9.7018608813833761e-07,1.1043281867291280e-06,2.4348038846182621e-06,0.0000000000000000e+00,0.0000000000000000e+00,0.0000000000000000e+00,0.0000000000000000e+00,0.0000000000000000e+00,0.0000000000000000e+00,0.0000000000000000e+00,0.0000000000000000e+00,0.0000000000000000e+00,7.3057828974835070e-12,-1.3367226169727787e-12,-6.5144771121979493e-13,-1.3367226169727787e-12,7.3872724892608099e-12,-1.4112782531568141e-12,-6.5144771121979513e-13,-1.4112782531568139e-12,7.2745285052488112e-12,1.8633874302812041e-03,-4.6957774798285398e-04,-3.1818208451870678e-04,-4.6957774798285387e-04,1.9145803699240390e-03,-4.8424910443696457e-04,-3.1818208451870754e-04,-4.8424910443696452e-04,1.8631510661752050e-03,3.7044091150909307e-04,-1.4935301933730833e-04,-8.5115655617990101e-05,-1.4935301933730822e-04,4.0665738778976205e-04,-1.5489861833950860e-04,-8.5115655617990304e-05,-1.5489861833950877e-04,3.7274028214277864e-04,5.9254309250113999e+02,1.9103357984301743e+02,1.5462374897440921e+02,1.9103357984301738e+02,5.9848972788444337e+02,1.9527498279124740e+02,1.5462374897440944e+02,1.9527498279124748e+02,5.9505671268039089e+02,-9.8536793617296638e+01,-7.7351395227440989e+00,-6.8203515306073745e+00,-7.7351395227441255e+00,-1.0033425601911340e+02,-7.9809031897111886e+00,-6.8203515306073959e+00,-7.9809031897111389e+00,-9.8987002403792758e+01,7.1211977557863859e-01,5.8131230837104675e-01,-3.3918986302317505e-01,-4.1301711350807437e-02,5.7210374046293544e-01,8.5321889547494845e-01,-7.0071896404541967e-01,5.7596649440962866e-01,-3.9355596142946742e-01,-5.5579203042376854e-03,-3.8962538817333747e-02,-2.8633930196157217e-02,2.0986083579773913e-03,-1.6259036605429315e-02,1.4461442713944516e-02,1.1714634492345126e-02,-3.5404405088885170e-02,-3.2441072212684510e-02,7.1985640507664928e-01,6.1601252158935149e-01,-3.7845444548387819e-01,-3.3786708540189649e-02,5.1878682764792983e-01,8.2088319934156040e-01,-6.9335545644727303e-01,5.9507359571837415e-01,-4.3292919492923415e-01,-1.1128450230527645e-02,-1.8523055941389498e-02,-4.5012894388391129e-03,1.7708513571385496e-05,-5.2185727241441410e-02,3.8936851485308892e-02,6.0918780435645550e-03,-2.2364638238661666e-02,-5.0921135565397298e-03,5.1461262792019280e-08,4.0851569429331751e-08,5.7783861365331420e-08,2.4586247727947608e-07,3.4035691178952473e-07,2.4676294318962998e-07,3.4874852931176918e-04,4.8278604259227874e-04,3.5002581312236296e-04,9.9456641708110038e-01,9.9534637886159205e-01,9.9393558644873059e-01,-2.4457584580267155e-02,-3.3890389506260894e-02,-2.4531626529373910e-02
7.5540502309327024e+01,5.6869523292037490e-05,1.1627593275750305e-05,1.1637312626598524e-05,1.1627593275750317e-05,5.6834241730368685e-05,1.1620036982094113e-05,1.1637312626598522e-05,1.1620036982094108e-05,5.6854381796273024e-05,2.4277895731925120e-06,1.0869348905522031e-06,9.6338238621644510e-07,1.0869348905522029e-06,2.4282715892517745e-06,1.0975326453855650e-06,9.6338238621644467e-07,1.0975326453855648e-06,2.4279961601674774e-06,0.0000000000000000e+00,0.0000000000000000e+00,0.0000000000000000e+00,0.0000000000000000e+00,0.0000000000000000e+00,0.0000000000000000e+00,0.0000000000000000e+00,0.0000000000000000e+00,0.0000000000000000e+00,7.3057828974835070e-12,-1.3367226169727789e-12,-6.5144771121979503e-13,-1.3367226169727789e-12,7.3872724892608116e-12,-1.4112782531568141e-12,-6.5144771121979513e-13,-1.4112782531568141e-12,7.2745285052488128e-12,1.8772029227259852e-03,-4.7603713619502472e-04,-3.2121222539641185e-04,-4.7603713619502429e-04,1.9306557482441640e-03,-4.9099521524637079e-04,-3.2121222539641245e-04,-4.9099521524637230e-04,1.8771324354677355e-03,3.5178818920160611e-04,-1.4086956638637612e-04,-7.9114754993900692e-05,-1.4086956638637604e-04,3.8651348113597823e-04,-1.4619703460930434e-04,-7.9114754993900909e-05,-1.4619703460930491e-04,3.5399401274523304e-04,5.9086670458705498e+02,1.9060303075727782e+02,1.5413560982114521e+02,1.9060303075727762e+02,5.9673526434374287e+02,1.9484651764807936e+02,1.5413560982114547e+02,1.9484651764807995e+02,5.9336933636634740e+02,-9.3302063505777440e+01,-8.2739698283436400e+00,-7.4493697733669402e+00,-8.2739698283436081e+00,-9.5005622831696201e+01,-8.5018343245875450e+00,-7.4493697733669233e+00,-8.5018343245875396e+00,-9.3725937297769789e+01,7.1206069279960971e-01,5.8150149539951879e-01,-3.3895107497683746e-01,-4.1350158280237720e-02,5.7182701377845413e-01,8.5349232258210217e-01,-7.0077786680315568e-01,5.7607952833164944e-01,-3.9330180543893167e-01,-5.6652216011388763e-03,-3.8420450473032629e-02,-2.7272778860220174e-02,1.6389741650722964e-03,-1.7107667659029734e-02,1.5397411653446182e-02,1.1633340305091961e-02,-3.5120519518376844e-02,-3.1556760789850778e-02,7.1981447274757715e-01,6.1615805237936572e-01,-3.7821595088527432e-01,-3.3801686209718428e-02,5.1839593949987950e-01,8.2099550499840235e-01,-6.9339552623627332e-01,5.9514882232825472e-01,-4.3270698792468082e-01,-1.1120849502975989e-02,-1.9453890778978196e-02,-5.2963630108712164e-03,4.1382281831041780e-04,-5.0616229660272218e-02,3.8287514072105559e-02,6.0846431862863056e-03,-2.2891556688697266e-02,-5.4353409497902546e-03,5.1617055005972925e-08,4.2181786769072185e-08,5.7997258209328645e-08,2.6273031603359481e-07,3.6370878742258051e-07,2.6351242025110075e-07,3.4780059438545112e-04,4.8147520376982348e-04,3.4883593859630016e-04,9.9450825376674445e-01,9.9513214164878760e-01,9.9387189391963271e-01,-2.6134760423858771e-02,-3.6209798464530499e-02,-2.6195822453876173e-02
8.0943106551789853e+01,5.7709768665822276e-05,1.2450361464944020e-05,1.2461115727888645e-05,1.2450361464944017e-05,5.7670679251360313e-05,1.2441989801794105e-05,1.2461115727888642e-05,1.2441989801794111e-05,5.7692992175252184e-05,2.4209772637450400e-06,1.0801396627723902e-06,9.5658233897233068e-07,1.0801396627723902e-06,2.4214762014084270e-06,1.0907410436616034e-06,9.5658233897233068e-07,1.0907410436616034e-06,2.4211911037656807e-06,0.0000000000000000e+00,0.0000000000000000e+00,0.0000000000000000e+00,0.0000000000000000e+00,0.0000000000000000e+00,0.0000000000000000e+00,0.0000000000000000e+00,0.0000000000000000e+00,0.0000000000000000e+00,7.3057828974835070e-12,-1.3367226169727787e-12,-6.5144771121979493e-13,-1.3367226169727787e-12,7.3872724892608099e-12,-1.4112782531568141e-12,-6.5144771121979513e-13,-1.4112782531568141e-12,7.2745285052488120e-12,1.8897129504387631e-03,-4.8178391082761272e-04,-3.2380151821623389e-04,-4.8178391082761402e-04,1.9452300183696080e-03,-4.9700584802962180e-04,-3.2380151821623454e-04,-4.9700584802962158e-04,1.8897937287335671e-03,3.3369336997897663e-04,-1.3251849051643575e-04,-7.3309571901726116e-05,-1.3251849051643588e-04,3.6684332001804548e-04,-1.3762373426069342e-04,-7.3309571901727350e-05,-1.3762373426069255e-04,3.3579708203602965e-04,5.8929896721075363e+02,1.9013612302964390e+02,1.5361593232651308e+02,1.9013612302964444e+02,5.9509749477274329e+02,1.9438155441046268e+02,1.5361593232651350e+02,1.9438155441046257e+02,5.9179171145901626e+02,-8.8387458671301275e+01,-8.7897816395681332e+00,-8.0452429847710860e+00,-8.7897816395680906e+00,-8.9998553453641748e+01,-9.0011800082767230e+00,-8.0452429847708409e+00,-9.0011800082768598e+00,-8.8786196451264772e+01,7.1200375616541900e-01,5.8166962134050648e-01,-3.3875686282547379e-01,-4.1386355222918225e-02,5.7158369073996140e-01,8.5372758167737872e-01,-7.0083485433420822e-01,5.7617725635130068e-01,-3.9307603561867832e-01,-5.7590160503292222e-03,-3.7906255666261074e-02,-2.5966160105487260e-02,1.1839478773929368e-03,-1.7912540934860770e-02,1.6283080978146645e-02,1.1565455442909930e-02,-3.4850566878955144e-02,-3.0738480728182214e-02,7.1977267750328067e-01,6.1628169847152525e-01,-3.7801286682150192e-01,-3.3805980371654012e-02,5.1806316402736596e-01,8.2109324361286795e-01,-6.9343706077652323e-01,5.9520808117735025e-01,-4.3250637192632441e-01,-1.1123366708687856e-02,-2.0332054115528436e-02,-6.0687942198138440e-03,8.1002580909485223e-04,-4.9129886996049893e-02,3.7676470183481942e-02,6.0666495536675453e-03,-2.3388146261085520e-02,-5.7463989275650532e-03,5.1759328024053637e-08,4.3603849134173439e-08,5.8191860634502631e-08,2.8084378201898802e-07,3.8867658758214109e-07,2.8150661022521004e-07,3.4696442227516395e-04,4.8018491523234784e-04,3.4778330387541225e-04,9.9444513483286368e-01,9.9489714142243235e-01,9.9380380780039512e-01,-2.7935718255002722e-02,-3.8688806882449564e-02,-2.7983626472393712e-02
8.6732101296147420e+01,5.8610406034320210e-05,1.3331020405893311e-05,1.3342918739032345e-05,1.3331020405893314e-05,5.8567099505170979e-05,1.3321745763059798e-05,1.3342918739032341e-05,1.3321745763059795e-05,5.8591818703152007e-05,2.4141673379446811e-06,1.0733483856234953e-06,9.4978607462396956e-07,1.0733483856234953e-06,2.4146837899987521e-06,1.0839535195935270e-06,9.4978607462396956e-07,1.0839535195935268e-06,2.4143886851614920e-06,0.0000000000000000e+00,0.0000000000000000e+00,0.0000000000000000e+00,0.0000000000000000e+00,0.0000000000000000e+00,0.0000000000000000e+00,0.0000000000000000e+00,0.0000000000000000e+00,0.0000000000000000e+00,7.3057828974835070e-12,-1.3367226169727787e-12,-6.5144771121979493e-13,-1.3367226169727787e-12,7.3872724892608099e-12,-1.4112782531568141e-12,-6.5144771121979513e-13,-1.4112782531568141e-12,7.2745285052488120e-12,1.9010167830178519e-03,-4.8686367114596712e-04,-3.2598899546227249e-04,-4.8686367114596772e-04,1.9584040813698479e-03,-5.0232724385341218e-04,-3.2598899546227336e-04,-5.0232724385341153e-04,1.9012341823177274e-03,3.1621943659701973e-04,-1.2435030870696617e-04,-6.7719659940801706e-05,-1.2435030870696707e-04,3.4773638855451069e-04,-1.2923172870493415e-04,-6.7719659940801408e-05,-1.2923172870493398e-04,3.1821466330349073e-04,5.8782809086319003e+02,1.8963654252973654e+02,1.5306824495415364e+02,1.8963654252973691e+02,5.9356408837402648e+02,1.9388376503268543e+02,1.5306824495415387e+02,1.9388376503268515e+02,5.9031195667046006e+02,-8.3776691874088456e+01,-9.2819325812160525e+00,-8.6085295475180974e+00,-9.2819325812158784e+00,-8.5297368560861770e+01,-9.4781703918976756e+00,-8.6085295475182146e+00,-9.4781703918977360e+00,-8.4151488288090306e+01,7.1194809234077550e-01,5.8181931434801704e-01,-3.3860249663458669e-01,-4.1410732543521490e-02,5.7136969466991450e-01,8.5392969975888733e-01,-7.0089081082916738e-01,5.7626143984489109e-01,-3.9287351211746796e-01,-5.8394772045111936e-03,-3.7419069988817319e-02,-2.4711182351164356e-02,7.3214904558114246e-04,-1.8674931171404181e-02,1.7119956526787126e-02,1.1510899249168687e-02,-3.4594371785316540e-02,-2.9984749029053522e-02,7.1973035319582246e-01,6.1638685092971457e-01,-3.7784195036221008e-01,-3.3799657370504450e-02,5.1778072189347246e-01,8.2117861750039434e-01,-6.9348072238861891e-01,5.9525361082030648e-01,-4.3232387276043155e-01,-1.1136128504852870e-02,-2.1160141697738957e-02,-6.8197199708831006e-03,1.2075643264144746e-03,-4.7724013554585505e-02,3.7101810239895498e-02,6.0377885836088727e-03,-2.3855721795552655e-02,-6.0250295107229851e-03,5.1890012989947444e-08,4.5124687276197411e-08,5.8370039998328518e-08,3.0029065599493580e-07,4.1537119189666757e-07,3.0083339397227487e-07,3.4622781128015227e-04,4.7891286581237032e-04,3.4685357494692416e-04,9.9437593314424366e-01,9.9463903847806634e-01,9.9373016205565901e-01,-2.9869158786071173e-02,-4.1338217080263383e-02,-2.9903743314127505e-02
9.2935120922645595e+01,5.9575832008097175e-05,1.4273607951392933e-05,1.4286770872911210e-05,1.4273607951392937e-05,5.9527855367051360e-05,1.4263333359995331e-05,1.4286770872911220e-05,1.4263333359995340e-05,5.9555239181461517e-05,2.4073597376978276e-06,1.0665611975278720e-06,9.4299372587186087e-07,1.0665611975278722e-06,2.4078943175611300e-06,1.0771702160246802e-06,9.4299372587186077e-07,1.0771702160246800e-06,2.4075888551140584e-06,0.0000000000000000e+00,0.0000000000000000e+00,0.0000000000000000e+00,0.0000000000000000e+00,0.0000000000000000e+00,0.0000000000000000e+00,0.0000000000000000e+00,0.0000000000000000e+00,0.0000000000000000e+00,7.3057828974835070e-12,-1.3367226169727787e-12,-6.5144771121979503e-13,-1.3367226169727787e-12,7.3872724892608099e-12,-1.4112782531568143e-12,-6.5144771121979513e-13,-1.4112782531568139e-12,7.2745285052488128e-12,1.9112137193289674e-03,-4.9132434839909778e-04,-3.2781243880071654e-04,-4.9132434839909821e-04,1.9702823363065129e-03,-5.0700825638785440e-04,-3.2781243880071611e-04,-5.0700825638785364e-04,1.9115533596791010e-03,2.9941402347819450e-04,-1.1640633971745649e-04,-6.2358793849227702e-05,-1.1640633971745657e-04,3.2926424146662654e-04,-1.2106454494041399e-04,-6.2358793849227282e-05,-1.2106454494041314e-04,3.0129638274689347e-04,5.8644335191437597e+02,1.8910771938368606e+02,1.5249576229638356e+02,1.8910771938368617e+02,5.9212375210326661e+02,1.9335657292040327e+02,1.5249576229638336e+02,1.9335657292040290e+02,5.8891925888433946e+02,-7.9453839609292345e+01,-9.7501398216277764e+00,-9.1400220257433720e+00,-9.7501398216277817e+00,-8.0886634799796710e+01,-9.9324053961042615e+00,-9.1400220257435283e+00,-9.9324053961044907e+00,-7.9805875570348888e+01,7.1189286490175929e-01,5.8195292654808117e-01,-3.3848391436425818e-01,-4.1423510763667015e-02,5.7118136879486425e-01,8.5410316441946754e-01,-7.0094658888207195e-01,5.7633366712057499e-01,-3.9268951618604842e-01,-5.9067767085809022e-03,-3.6957914624572756e-02,-2.3504771536793482e-02,2.8218457024504638e-04,-1.9396286505900678e-02,1.7909733764234208e-02,1.1469592553731140e-02,-3.4351651830489265e-02,-2.9293946036106723e-02,7.1968683661364830e-01,6.1647647870487243e-01,-3.7770041063619958e-01,-3.3782599926302150e-02,5.1754168578568605e-01,8.2125356862676324e-01,-6.9352719154397202e-01,5.9528738067044007e-01,-4.3215624340599401e-01,-1.1159263482918900e-02,-2.1940732890957115e-02,-7.5504950410845541e-03,1.6076930467266290e-03,-4.6395619756702748e-02,3.6561652282971153e-02,5.9979467904927647e-03,-2.4295629784892629e-02,-6.2711434153502211e-03,5.2010982374679058e-08,4.6751722569325008e-08,5.8534122655396890e-08,3.2116487174998403e-07,4.4391110491161089e-07,3.2158671958073073e-07,3.4557965660506876e-04,4.7765699393784573e-04,3.4603357308632859e-04,9.9429938920106875e-01,9.9435521066468335e-01,9.9364965768691416e-01,-3.1944387549197019e-02,-4.4169548909113579e-02,-3.1965473495679977e-02
9.9581776203206147e+01,6.0610772199231056e-05,1.5282439787186439e-05,1.5297000334903935e-05,1.5282439787186435e-05,6.0557624076971669e-05,1.5271057928006816e-05,1.5297000334903928e-05,1.5271057928006809e-05,6.0587958416483954e-05,2.4005543824326448e-06,1.0597782417284034e-06,9.3620543005402856e-07,1.0597782417284034e-06,2.4011077248596667e-06,1.0703912807697580e-06,9.3620543005402846e-07,1.0703912807697578e-06,2.4007915422070881e-06,0.0000000000000000e+00,0.0000000000000000e+00,0.0000000000000000e+00,0.0000000000000000e+00,0.0000000000000000e+00,0.0000000000000000e+00,0.0000000000000000e+00,0.0000000000000000e+00,0.0000000000000000e+00,7.3057828974835070e-12,-1.3367226169727789e-12,-6.5144771121979503e-13,-1.3367226169727789e-12,7.3872724892608116e-12,-1.4112782531568143e-12,-6.5144771121979513e-13,-1.4112782531568143e-12,7.2745285052488128e-12,1.9204010932571689e-03,-4.9521474010771785e-04,-3.2930781503501109e-04,-4.9521474010771861e-04,1.9809698964469613e-03,-5.1109881301775379e-04,-3.2930781503501093e-04,-5.1109881301775368e-04,1.9208490925144070e-03,2.8331089018723582e-04,-1.0871928974473160e-04,-5.7235759273657317e-05,-1.0871928974473229e-04,3.1148170783014661e-04,-1.1315679685954138e-04,-5.7235759273656199e-05,-1.1315679685954227e-04,2.8507776795357677e-04,5.8513503789868344e+02,1.8855281858447646e+02,1.5190139387942114e+02,1.8855281858447674e+02,5.9076619503141535e+02,1.9280314197009247e+02,1.5190139387942105e+02,1.9280314197009241e+02,5.8760381978159137e+02,-7.5403410242798770e+01,-1.0194420618371890e+01,-9.6406936793931717e+00,-1.0194420618371886e+01,-7.6751241823607600e+01,-1.0363795032307985e+01,-9.6406936793933919e+00,-1.0363795032307806e+01,-7.5733844724394373e+01,7.1183726368168942e-01,5.8207255601678420e-01,-3.3839768093509021e-01,-4.1424704282223584e-02,5.7101544533915127e-01,8.5425196805777526e-01,-7.0100302026070871e-01,5.7639536404631220e-01,-3.9251970044388457e-01,-5.9610821029481087e-03,-3.6521747748893267e-02,-2.2343747026470274e-02,-1.6733436284373303e-04,-2.0078174781545350e-02,1.8654235759504503e-02,1.1441459436309436e-02,-3.4122043622059860e-02,-2.8664365118733784e-02,7.1964145929077383e-01,6.1655317487495509e-01,-3.7758589150425403e-01,-3.3754507264203863e-02,5.1733991166461324e-01,8.2131980999345267e-01,-6.9357717527694340e-01,5.9531111821056726e-01,-4.3200043873661231e-01,-1.1192902429183105e-02,-2.2676361974169706e-02,-8.2626313987777030e-03,2.0116594829512630e-03,-4.5141515288768849e-02,3.6054157903537110e-02,5.9470089199311817e-03,-2.4709224077312960e-02,-6.4847819487667876e-03,5.2124053272168399e-08,4.8492905451268697e-08,5.8686384340083805e-08,3.4356698688076897e-07,4.7442297742005453e-07,3.4386707772003323e-07,3.4500990038547583e-04,4.7641546024640994e-04,3.4531125154700951e-04,9.9421409037627928e-01,9.9404271663145805e-01,9.9356084297736136e-01,-3.4171360087244876e-02,-4.7195084296965034e-02,-3.4178758931760075e-02
1.0670379565158628e+02,6.1720307076915638e-05,1.6362128140913391e-05,1.6378233146823758e-05,1.6362128140913394e-05,6.1661432609052522e-05,1.6349520248858796e-05,1.6378233146823755e-05,1.6349520248858796e-05,6.1695033865207864e-05,2.3937511654608012e-06,1.0529996664532492e-06,9.2942132930620169e-07,1.0529996664532492e-06,2.3943239272684656e-06,1.0636168667843797e-06,9.2942132930620190e-07,1.0636168667843797e-06,2.3939966492203487e-06,0.0000000000000000e+00,0.0000000000000000e+00,0.0000000000000000e+00,0.0000000000000000e+00,0.0000000000000000e+00,0.0000000000000000e+00,0.0000000000000000e+00,0.0000000000000000e+00,0.0000000000000000e+00,7.3057828974835086e-12,-1.3367226169727789e-12,-6.5144771121979503e-13,-1.3367226169727789e-12,7.3872724892608116e-12,-1.4112782531568145e-12,-6.5144771121979533e-13,-1.4112782531568143e-12,7.2745285052488136e-12,1.9286727342499891e-03,-4.9858330836401047e-04,-3.3050889753684696e-04,-4.9858330836400992e-04,1.9905703168510871e-03,-5.1464864666762725e-04,-3.3050889753684685e-04,-5.1464864666762714e-04,1.9292158809068034e-03,2.6793153203884181e-04,-1.0131400478780103e-04,-5.2355120430405112e-05,-1.0131400478780072e-04,2.9442841189324071e-04,-1.0553493830627036e-04,-5.2355120430404753e-05,-1.0553493830627149e-04,2.6958184859329911e-04,5.8389438579508396e+02,1.8797473848770943e+02,1.5128775792623313e+02,1.8797473848770923e+02,5.8948208189466686e+02,1.9222637370059689e+02,1.5128775792623304e+02,1.9222637370059698e+02,5.8635679510302487e+02,-7.1610400326399059e+01,-1.0615037827635748e+01,-1.0111651912232988e+01,-1.0615037827635888e+01,-7.2876469358044545e+01,-1.0772504486526202e+01,-1.0111651912233018e+01,-1.0772504486525870e+01,-7.1920363417127589e+01,7.1178049443993696e-01,5.8218006875190353e-01,-3.3834094765351980e-01,-4.1414123934068854e-02,5.7086901376572452e-01,8.5437965217211598e-01,-7.0106092638887141e-01,5.7644780571657717e-01,-3.9236003923067214e-01,-6.0025566658416596e-03,-3.6109490131108278e-02,-2.1224886261387976e-02,-6.1777534481418153e-04,-2.0722239552002031e-02,1.9355362884991529e-02,1.1426426890625672e-02,-3.3905124467292658e-02,-2.8094249248905176e-02,7.1959353932744630e-01,6.1661919907202667e-01,-3.7749645272904542e-01,-3.3714894271985339e-02,5.1716996955185046e-01,8.2137885397523280e-01,-6.9363141542036655e-01,5.9532633455635542e-01,-4.3185358811859509e-01,-1.1237176892440512e-02,-2.3369496712408726e-02,-8.9577449666634404e-03,2.4206882437446194e-03,-4.3958392711725060e-02,3.5577543211323948e-02,5.8848628703396773e-03,-2.5097847043944733e-02,-6.6660878408461707e-03,5.2230995049780909e-08,5.0356756611197872e-08,5.8829051066293533e-08,3.6760468308995959e-07,5.0704216318605918e-07,3.6778200717678547e-07,3.4450947208127241e-04,4.7518662301543102e-04,3.4467565556682046e-04,9.9411844670486127e-01,9.9369825419794988e-01,9.9346209009052977e-01,-3.6560729701004969e-02,-5.0427913981355661e-02,-3.6554231164772792e-02
1.1433517698280325e+02,6.2909899982927352e-05,1.7517601707270721e-05,1.7535413197970747e-05,1.7517601707270735e-05,6.2844685150675286e-05,1.7503636361234478e-05,1.7535413197970750e-05,1.7503636361234468e-05,6.2881903419336786e-05,2.3869499498450172e-06,1.0462256250859003e-06,9.2264157072732272e-07,1.0462256250859003e-06,2.3875428106622799e-06,1.0568471323400876e-06,9.2264157072732272e-07,1.0568471323400876e-06,2.3872040490072489e-06,0.0000000000000000e+00,0.0000000000000000e+00,0.0000000000000000e+00,0.0000000000000000e+00,0.0000000000000000e+00,0.0000000000000000e+00,0.0000000000000000e+00,0.0000000000000000e+00,0.0000000000000000e+00,7.3057828974835086e-12,-1.3367226169727791e-12,-6.5144771121979513e-13,-1.3367226169727791e-12,7.3872724892608116e-12,-1.4112782531568145e-12,-6.5144771121979523e-13,-1.4112782531568143e-12,7.2745285052488128e-12,1.9361178436357520e-03,-5.0147723573874239e-04,-3.3144704104844704e-04,-5.0147723573874261e-04,1.9991838214969949e-03,-5.1770629392421271e-04,-3.3144704104844683e-04,-5.1770629392421314e-04,1.9367437158230114e-03,2.5328682917268524e-04,-9.4208318471730436e-05,-4.7717938947143531e-05,-9.4208318471728837e-05,2.7813047255890577e-04,-9.8218123005502824e-05,-4.7717938947144032e-05,-9.8218123005502242e-05,2.5482080742613377e-04,5.8271351594125736e+02,1.8737611556052798e+02,1.5065719852151886e+02,1.8737611556052792e+02,5.8826297870800647e+02,1.9162891084903163e+02,1.5065719852151886e+02,1.9162891084903171e+02,5.8517022922602405e+02,-6.8060339195914210e+01,-1.1012450951741881e+01,-1.0554098443446851e+01,-1.1012450951742299e+01,-6.9248043462378391e+01,-1.1158904604896140e+01,-1.0554098443446865e+01,-1.1158904604896218e+01,-6.8350926413590315e+01,7.1172176898025574e-01,5.8227712005529131e-01,-3.3831141309057861e-01,-4.1391378527883584e-02,5.7073948926837093e-01,8.5448935049949359e-01,-7.0112112840623120e-01,5.7649212853763476e-01,-3.9220678031605122e-01,-6.0313612420334686e-03,-3.5720045766773886e-02,-2.0144980463130395e-02,-1.0704670480877069e-03,-2.1330164448047067e-02,2.0015052582486842e-02,1.1424422410663897e-02,-3.3700430249202315e-02,-2.7581815784797278e-02,7.1954237333961102e-01,6.1667651604625773e-01,-3.7743055071816711e-01,-3.3663089876267205e-02,5.1702707593755681e-01,8.2143203767738115e-01,-6.9369069651304349e-01,5.9533434813354480e-01,-4.3171296707627482e-01,-1.1292215999355695e-02,-2.4022522802809268e-02,-9.6375083017246361e-03,2.8359638660024121e-03,-4.2842894380868100e-02,3.5130085817567797e-02,5.8114065140911749e-03,-2.5462815233878437e-02,-6.8152844263339460e-03,5.2333540728453221e-08,5.2352411142041469e-08,5.8964305799378323e-08,3.9339329793604118e-07,5.4191331345292669e-07,3.9344663200751718e-07,3.4407022258356245e-04,4.7396901614490348e-04,3.4411686970729408e-04,9.9401066284589445e-01,9.9331811319200702e-01,9.9335156765834098e-01,-3.9123897857991904e-02,-5.3881986416152702e-02,-3.9103262268273820e-02
1.2251234940483212e+02,6.4185427487798303e-05,1.8754126863787932e-05,1.8773823598656120e-05,1.8754126863787935e-05,6.4113192867053384e-05,1.8738658650120476e-05,1.8773823598656124e-05,1.8738658650120487e-05,6.4154415506123780e-05,2.3801505637179155e-06,1.0394562763406705e-06,9.1586630655054045e-07,1.0394562763406709e-06,2.3807642267590345e-06,1.0500822412049082e-06,9.1586630655054066e-07,1.0500822412049085e-06,2.3804135798239622e-06,0.0000000000000000e+00,0.0000000000000000e+00,0.0000000000000000e+00,0.0000000000000000e+00,0.0000000000000000e+00,0.0000000000000000e+00,0.0000000000000000e+00,0.0000000000000000e+00,0.0000000000000000e+00,7.3057828974835086e-12,-1.3367226169727789e-12,-6.5144771121979513e-13,-1.3367226169727789e-12,7.3872724892608116e-12,-1.4112782531568143e-12,-6.5144771121979523e-13,-1.4112782531568141e-12,7.2745285052488136e-12,1.9428202350192073e-03,-5.0394171910411766e-04,-3.3215107868084758e-04,-5.0394171910411820e-04,2.0069059918502176e-03,-5.2031834061293909e-04,-3.3215107868084828e-04,-5.2031834061293909e-04,1.9435172734729020e-03,2.3937865890734440e-04,-8.7413936863590258e-05,-4.3322427672331613e-05,-8.7413936863590407e-05,2.6260226787436409e-04,-9.1219109474499231e-05,-4.3322427672330848e-05,-9.1219109474499570e-05,2.4079760327663812e-04,5.8158536385292257e+02,1.8675933387679214e+02,1.5001180488634611e+02,1.8675933387679231e+02,5.8710129309160686e+02,1.9101314591551724e+02,1.5001180488634634e+02,1.9101314591551727e+02,5.8403698737260970e+02,-6.4739322411132022e+01,-1.1387272944155727e+01,-1.0969295782474505e+01,-1.1387272944155812e+01,-6.5852181808613125e+01,-1.1523528054704371e+01,-1.0969295782474763e+01,-1.1523528054704339e+01,-6.5011590221105493e+01,7.1166029585714197e-01,5.8236517492933937e-01,-3.3830728599163012e-01,-4.1355875643434944e-02,5.7062458229055413e-01,8.5458383015529782e-01,-7.0118445665561979e-01,5.7652934228009056e-01,-3.9205639897662414e-01,-6.0476580484590562e-03,-3.5352318294744271e-02,-1.9100883543193441e-02,-1.5266800315455345e-03,-2.1903644670103140e-02,2.0635247686391963e-02,1.1435369476450404e-02,-3.3507470013274226e-02,-2.7125270585763472e-02,7.1948722867533188e-01,6.1672683045313359e-01,-3.7738701948108722e-01,-3.3598234963632366e-02,5.1690702921923493e-01,8.2148054542950555e-01,-6.9375585317465460e-01,5.9533630636541202e-01,-4.3157596901594519e-01,-1.1358141420549691e-02,-2.4637733022886167e-02,-1.0303607694185573e-02,3.2586115341404916e-03,-4.1791665278124765e-02,3.4710128617750691e-02,5.7265565816874047e-03,-2.5805408683635185e-02,-6.9326626602546028e-03,5.2433401546561968e-08,5.4489665891032348e-08,5.9094300163434553e-08,4.2105639026505463e-07,5.7919101178024377e-07,4.2098423213941384e-07,3.4368485488243147e-04,4.7276132944471910e-04,3.4362595622773145e-04,9.9388870576621702e-01,9.9289812201303418e-01,9.9322720893000793e-01,-4.1873067378143058e-02,-5.7572158806020762e-02,-4.1838018499170036e-02
1.3127434751729254e+02,6.5553212278494683e-05,2.0077330255666074e-05,2.0099109415678129e-05,2.0077330255666098e-05,6.5473206136504501e-05,2.0060198292282552e-05,2.0099109415678139e-05,2.0060198292282568e-05,6.5518861694395259e-05,2.3733527949953981e-06,1.0326917844437641e-06,9.0909569431984351e-07,1.0326917844437645e-06,2.3739879878574334e-06,1.0433223628296017e-06,9.0909569431984362e-07,1.0433223628296019e-06,2.3736250400533404e-06,0.0000000000000000e+00,0.0000000000000000e+00,0.0000000000000000e+00,0.0000000000000000e+00,0.0000000000000000e+00,0.0000000000000000e+00,0.0000000000000000e+00,0.0000000000000000e+00,0.0000000000000000e+00,7.3057828974835086e-12,-1.3367226169727789e-12,-6.5144771121979503e-13,-1.3367226169727789e-12,7.3872724892608099e-12,-1.4112782531568141e-12,-6.5144771121979513e-13,-1.4112782531568141e-12,7.2745285052488120e-12,1.9488578816251819e-03,-5.0601947364158799e-04,-3.3264731272417808e-04,-5.0601947364158724e-04,2.0138268628432550e-03,-5.2252888708254736e-04,-3.3264731272417689e-04,-5.2252888708254790e-04,1.9496154247354476e-03,2.2620141798731071e-04,-8.0937315154337226e-05,-3.9164531442212773e-05,-8.0937315154336047e-05,2.4784817684925215e-04,-8.4545162798872308e-05,-3.9164531442212048e-05,-8.4545162798872552e-05,2.2750750975566382e-04,5.8050361182137920e+02,1.8612653802500645e+02,1.4935343172472099e+02,1.8612653802500600e+02,5.8599021163296322e+02,1.9038123330619996e+02,1.4935343172472054e+02,1.9038123330620010e+02,5.8295068737016186e+02,-6.1634034908383370e+01,-1.1740232715834061e+01,-1.1358539457526300e+01,-1.1740232715834411e+01,-6.2675628308147203e+01,-1.1867031148368319e+01,-1.1358539457526522e+01,-1.1867031148368275e+01,-6.1888997354312316e+01,7.1159527183788873e-01,5.8244552723478271e-01,-3.3832725035588740e-01,-4.1306822120171838e-02,5.7052226958918528e-01,8.5466553022992087e-01,-7.0125175941374485e-01,5.7656034178118964e-01,-3.9190555529029580e-01,-6.0516164838937091e-03,-3.5005223873757957e-02,-1.8089556196016453e-02,-1.9876053244550023e-03,-2.2444364490844623e-02,2.1217871958703442e-02,1.1459180879442078e-02,-3.3325737745905970e-02,-2.6722812393401435e-02,7.1942733607271259e-01,6.1677161803814895e-01,-3.7736505205875870e-01,-3.3519280324426658e-02,5.1680614906986022e-01,8.2152542855038246e-01,-6.9382777667341455e-01,5.9533320536083123e-01,-4.3144007785936356e-01,-1.1435060357703966e-02,-2.5217320111836392e-02,-1.0957703256515796e-02,3.6896750092191332e-03,-4.0801394075415817e-02,3.4316081010916669e-02,5.6302597918173247e-03,-2.6126863179127078e-02,-7.0185755377277712e-03,5.2532284257129598e-08,5.6779030258430690e-08,5.9221170506640296e-08,4.5072634181774099e-07,6.1904045191399801e-07,4.5052684960922596e-07,3.4334685362528088e-04,4.7156239099375671e-04,3.4319488775206355e-04,9.9375026761198426e-01,9.9243358708104734e-01,9.9308667497475833e-01,-4.4821298513754049e-02,-6.1514250180090900e-02,-4.4771516785087132e-02
1.4066299764724943e+02,6.7020058776527758e-05,2.1493222832346605e-05,2.1517301873521647e-05,2.1493222832346615e-05,6.6931449449254506e-05,2.1474249139200120e-05,2.1517301873521661e-05,2.1474249139200123e-05,6.6982012002043013e-05,2.3665563854268932e-06,1.0259323193200476e-06,9.0232989707249316e-07,1.0259323193200476e-06,2.3672138609119879e-06,1.0365676725397402e-06,9.0232989707249316e-07,1.0365676725397402e-06,2.3668381822659456e-06,0.0000000000000000e+00,0.0000000000000000e+00,0.0000000000000000e+00,0.0000000000000000e+00,0.0000000000000000e+00,0.0000000000000000e+00,0.0000000000000000e+00,0.0000000000000000e+00,0.0000000000000000e+00,7.3057828974835070e-12,-1.3367226169727789e-12,-6.5144771121979503e-13,-1.3367226169727789e-12,7.3872724892608099e-12,-1.4112782531568143e-12,-6.5144771121979523e-13,-1.4112782531568141e-12,7.2745285052488120e-12,1.9543027134052374e-03,-5.0775041555691045e-04,-3.3295957463820737e-04,-5.0775041555691089e-04,2.0200303647619697e-03,-5.2437920111225050e-04,-3.3295957463820765e-04,-5.2437920111225061e-04,1.9551110021744068e-03,2.1374342018748405e-04,-7.4780493630681482e-05,-3.5238432828414139e-05,-7.4780493630681834e-05,2.3386423544016589e-04,-7.8198918243372044e-05,-3.5238432828415528e-05,-7.8198918243372221e-05,2.1493953281613261e-04,5.7946262176859227e+02,1.8547964829158980e+02,1.4868371983704000e+02,1.8547964829159005e+02,5.8492363623332960e+02,1.8973510391544679e+02,1.4868371983704026e+02,1.8973510391544681e+02,5.8190563249092509e+02,-5.8731764924639158e+01,-1.2072143086736002e+01,-1.1723135383059571e+01,-1.2072143086735824e+01,-5.9705677774777079e+01,-1.2190161107296325e+01,-1.1723135383059125e+01,-1.2190161107296186e+01,-5.8970391257966966e+01,7.1152587433486258e-01,5.8251931746559771e-01,-3.3837043244510667e-01,-4.1243224838788173e-02,5.7043076716541929e-01,8.5473659752331066e-01,-7.0132391062892463e-01,5.7658591808346382e-01,-3.9175105543032085e-01,-6.0434209967493270e-03,-3.4677701111027644e-02,-1.7108106956509449e-02,-2.4543300998238859e-03,-2.2953979780358808e-02,2.1764811658835884e-02,1.1495749800490195e-02,-3.3154721778824656e-02,-2.6372628239055181e-02,7.1936188298613313e-01,6.1681215344540929e-01,-3.7736418234065044e-01,-3.3424985268151977e-02,5.1672122024817357e-01,8.2156762251300830e-01,-6.9390742032450659e-01,5.9532590765661353e-01,-4.3130284237171090e-01,-1.1523056395265352e-02,-2.5763372589146485e-02,-1.1601390673637763e-02,4.1300911142442762e-03,-3.9868844457811754e-02,3.3946418072347218e-02,5.5225064160011805e-03,-2.6428364884301198e-02,-7.0734395822892203e-03,5.2631910806821291e-08,5.9231780709720840e-08,5.9347057737288212e-08,4.8254499773905308e-07,6.6163816156386686e-07,4.8221593294761271e-07,3.4305041539720726e-04,4.7037115135503064e-04,3.4281647697918382e-04,9.9359272314121050e-01,9.9191922422290102e-01,9.9292731233981146e-01,-4.7982568034593748e-02,-6.5725096363499810e-02,-4.7917684135218852e-02
1.5072311751161979e+02,6.8593291690652520e-05,2.3008225422857874e-05,2.3034844109513966e-05,2.3008225422857888e-05,6.8495159167240979e-05,2.2987213123084161e-05,2.3034844109513969e-05,2.2987213123084161e-05,6.8551153106230928e-05,2.3597610239259929e-06,1.0191780567856717e-06,8.9556908352741949e-07,1.0191780567856719e-06,2.3604415608889800e-06,1.0298183517337464e-06,8.9556908352741960e-07,1.0298183517337464e-06,2.3600527065617190e-06,0.0000000000000000e+00,0.0000000000000000e+00,0.0000000000000000e+00,0.0000000000000000e+00,0.0000000000000000e+00,0.0000000000000000e+00,0.0000000000000000e+00,0.0000000000000000e+00,0.0000000000000000e+00,7.3057828974835086e-12,-1.3367226169727787e-12,-6.5144771121979503e-13,-1.3367226169727787e-12,7.3872724892608116e-12,-1.4112782531568141e-12,-6.5144771121979513e-13,-1.4112782531568139e-12,7.2745285052488120e-12,1.9592206102948162e-03,-5.0917149149830635e-04,-3.3310933365611554e-04,-5.0917149149830570e-04,2.0255940484318127e-03,-5.2590752547098133e-04,-3.3310933365611521e-04,-5.2590752547098264e-04,1.9600707703406762e-03,2.0198815009567981e-04,-6.8941871319218155e-05,-3.1536985048205403e-05,-6.8941871319217247e-05,2.2063966497932078e-04,-7.2179183181362577e-05,-3.1536985048205640e-05,-7.2179183181362604e-05,2.0307768607930556e-04,5.7845737047395255e+02,1.8482037718158486e+02,1.4800411639868159e+02,1.8482037718158446e+02,5.8389612100443264e+02,1.8907648118584481e+02,1.4800411639868153e+02,1.8907648118584527e+02,5.8089674652721544e+02,-5.6020409839397360e+01,-1.2383873792748529e+01,-1.2064381734176102e+01,-1.2383873792748721e+01,-5.6930191543046611e+01,-1.2493728399670838e+01,-1.2064381734176091e+01,-1.2493728399670857e+01,-5.6243623023298341e+01,7.1145125508393192e-01,5.8258754907695132e-01,-3.3843636913926672e-01,-4.1163892584188663e-02,5.7034850523752312e-01,8.5479891926155394e-01,-7.0140181636185284e-01,5.7660676887577256e-01,-3.9158981775662166e-01,-6.0232810780731609e-03,-3.4368718555837140e-02,-1.6153831786946390e-02,-2.9278098034721998e-03,-2.3434104693635265e-02,2.2277902133559232e-02,1.1544938541103084e-02,-3.2993912203814091e-02,-2.6072880500082486e-02,7.1929000787801833e-01,6.1684953490355043e-01,-3.7738426687032356e-01,-3.3313917758528697e-02,5.1664944108116628e-01,8.2160796161918048e-01,-6.9399580325085009e-01,5.9531515810846647e-01,-4.3116185296560350e-01,-1.1622178045640854e-02,-2.6277872861641217e-02,-1.2236163414992405e-02,4.5806601730441210e-03,-3.8990878455563420e-02,3.3599678105670099e-02,5.4033464503385692e-03,-2.6711046851592205e-02,-7.0977431462086321e-03,5.2734040138254313e-08,6.1860019280775450e-08,5.9474130446069919e-08,5.1666434892696079e-07,7.0717277514109907e-07,5.1620302249370531e-07,3.4279038110204249e-04,4.6918666944808948e-04,3.4248430566990453e-04,9.9341308098619752e-01,9.9134908092503160e-01,9.9274610446071332e-01,-5.1371831413726803e-02,-7.0222606639754673e-02,-5.1291420054258775e-02
1.6150273015929693e+02,7.0280797709203676e-05,2.4629195941535208e-05,2.4658618575799991e-05,2.4629195941535184e-05,7.0172124342636859e-05,2.4605927276014744e-05,2.4658618575799984e-05,2.4605927276014761e-05,7.0234129658178825e-05,2.3529663391290770e-06,1.0124291787466653e-06,8.8881342827973461e-07,1.0124291787466651e-06,2.3536707433509366e-06,1.0230745880870158e-06,8.8881342827973451e-07,1.0230745880870158e-06,2.3532682531398840e-06,0.0000000000000000e+00,0.0000000000000000e+00,0.0000000000000000e+00,0.0000000000000000e+00,0.0000000000000000e+00,0.0000000000000000e+00,0.0000000000000000e+00,0.0000000000000000e+00,0.0000000000000000e+00,7.3057828974835086e-12,-1.3367226169727789e-12,-6.5144771121979503e-13,-1.3367226169727789e-12,7.3872724892608116e-12,-1.4112782531568143e-12,-6.5144771121979523e-13,-1.4112782531568143e-12,7.2745285052488136e-12,1.9636715437374281e-03,-5.1031662435134094e-04,-3.3311583738524007e-04,-5.1031662435134127e-04,2.0305890343583159e-03,-5.2714900866382940e-04,-3.3311583738523975e-04,-5.2714900866382896e-04,1.9645555505713535e-03,1.9091536573428381e-04,-6.3416904689702266e-05,-2.8052076863861892e-05,-6.3416904689701887e-05,2.0815824895325578e-04,-6.6481663348048043e-05,-2.8052076863861953e-05,-6.6481663348047149e-05,1.9190211518207778e-04,5.7748338796426162e+02,1.8415024652827080e+02,1.4731589447312683e+02,1.8415024652827094e+02,5.8290281091854922e+02,1.8840689787435434e+02,1.4731589447312672e+02,1.8840689787435409e+02,5.7991951193139300e+02,-5.3488475090908381e+01,-1.2676329079827592e+01,-1.2383554712221351e+01,-1.2676329079827683e+01,-5.4337605083501629e+01,-1.2778583699903713e+01,-1.2383554712221411e+01,-1.2778583699903921e+01,-5.3697151052639136e+01,7.1137053542324791e-01,5.8265110336010861e-01,-3.3852497674558174e-01,-4.1067439993398749e-02,5.7027410532316847e-01,8.5485415275410548e-01,-7.0148641953957214e-01,5.7662350816213392e-01,-3.9141884458214743e-01,-5.9914434404655277e-03,-3.4077280197010534e-02,-1.5224253517610999e-02,-3.4088361972016172e-03,-2.3886301780773861e-02,2.2758918562020669e-02,1.1606564817441961e-02,-3.2842806632710386e-02,-2.5821686140912084e-02,7.1921079585916603e-01,6.1688470605195134e-01,-3.7742546593961723e-01,-3.3184457138302655e-02,5.1658837664665769e-01,8.2164719126403307e-01,-6.9409401191717368e-01,5.9530159804881000e-01,-4.3101472182266548e-01,-1.1732424818700252e-02,-2.6762697093370334e-02,-1.2863374372612526e-02,5.0420118917084075e-03,-3.8164473274392499e-02,3.3274458936881877e-02,5.2729085214894529e-03,-2.6975987015886691e-02,-7.0920613159066595e-03,5.2840491937613615e-08,6.4676736367770469e-08,5.9604610931873698e-08,5.5324725934989244e-07,7.5584585869983889e-07,5.5265047966800995e-07,3.4256217142843430e-04,4.6800809989671152e-04,3.4219265465228204e-04,9.9320792789873091e-01,9.9071644824580607e-01,9.9253961600403329e-01,-5.5005088184272216e-02,-7.5025821815567384e-02,-5.4908662018764993e-02
1.7305329321426649e+02,7.2091070531809341e-05,2.6363458320420598e-05,2.6395976185795901e-05,2.6363458320420605e-05,7.1970730786804325e-05,2.6337692456796508e-05,2.6395976185795901e-05,2.6337692456796502e-05,7.2039388898768568e-05,2.3461718911377190e-06,1.0056858734036318e-06,8.8206311200153579e-07,1.0056858734036320e-06,2.3469009962254109e-06,1.0163365757622565e-06,8.8206311200153568e-07,1.0163365757622565e-06,2.3464843940528695e-06,0.0000000000000000e+00,0.0000000000000000e+00,0.0000000000000000e+00,0.0000000000000000e+00,0.0000000000000000e+00,0.0000000000000000e+00,0.0000000000000000e+00,0.0000000000000000e+00,0.0000000000000000e+00,7.3057828974835086e-12,-1.3367226169727789e-12,-6.5144771121979503e-13,-1.3367226169727789e-12,7.3872724892608116e-12,-1.4112782531568143e-12,-6.5144771121979523e-13,-1.4112782531568143e-12,7.2745285052488128e-12,1.9677098253387485e-03,-5.1121674810270879e-04,-3.3299627137805870e-04,-5.1121674810270857e-04,2.0350801323966296e-03,-5.2813573038258492e-04,-3.3299627137805816e-04,-5.2813573038258492e-04,1.9686204581633835e-03,1.8050205131050595e-04,-5.8198725809417817e-05,-2.4774935784294882e-05,-5.8198725809417621e-05,1.9639954774618512e-04,-6.1099606873393531e-05,-2.4774935784295058e-05,-6.1099606873392135e-05,1.8139007144221401e-04,5.7653669958521459e+02,1.8347060461430289e+02,1.4662017146884207e+02,1.8347060461430280e+02,5.8193938308916881e+02,1.8772771292562763e+02,1.4662017146884187e+02,1.8772771292562757e+02,5.7896991157037837e+02,-5.1125067278002739e+01,-1.2950429381866588e+01,-1.2681897624142083e+01,-1.2950429381866549e+01,-5.1916928694863621e+01,-1.3045598975992110e+01,-1.2681897624142124e+01,-1.3045598975992508e+01,-5.1320034787904319e+01,7.1128280361564689e-01,5.8271075289811614e-01,-3.3863651907397158e-01,-4.0952294822200620e-02,5.7020635942209952e-01,8.5490375202659363e-01,-7.0157870253583643e-01,5.7663667512734218e-01,-3.9123520062809158e-01,-5.9482064117890639e-03,-3.3802429335852556e-02,-1.4317162187316664e-02,-3.8980009200711759e-03,-2.4312074891192498e-02,2.3209570124248211e-02,1.1680385563136563e-02,-3.2700914590731330e-02,-2.5617088658996038e-02,7.1912327616361116e-01,6.1691847516746678e-01,-3.7748822298707380e-01,-3.3034800760599892e-02,5.1653591654458886e-01,8.2168597783850073e-01,-6.9420319871448588e-01,5.9528577784196268e-01,-4.3085906728028311e-01,-1.1853730673047553e-02,-2.7219616415641152e-02,-1.3484196097359829e-02,5.5145663228968684e-03,-3.7386732878574740e-02,3.2969413274798930e-02,5.1314215685532077e-03,-2.7224207347093406e-02,-7.0570772185609655e-03,5.2953172212508132e-08,6.7695878103069596e-08,5.9740803837964631e-08,5.9246824164354316e-07,8.0787279052431128e-07,5.9173226344799299e-07,3.4236172605509258e-04,4.6683468168620234e-04,3.4193643614475328e-04,9.9297336500191058e-01,9.9001376102887351e-01,9.9230392919198429e-01,-5.8899450501010593e-02,-8.0154973299592508e-02,-5.8786454042461696e-02
1.8542994451403064e+02,7.4033259426320962e-05,2.8218833269520837e-05,2.8254767307739432e-05,2.8218833269520841e-05,7.3900008566721938e-05,2.8190303884840027e-05,2.8254767307739432e-05,2.8190303884840021e-05,7.3976028756979163e-05,2.3393771624144040e-06,9.9894833546268389e-07,8.7531832164915375e-07,9.9894833546268389e-07,2.3401318307275419e-06,1.0096045156261604e-06,8.7531832164915364e-07,1.0096045156261604e-06,2.3397006241137713e-06,0.0000000000000000e+00,0.0000000000000000e+00,0.0000000000000000e+00,0.0000000000000000e+00,0.0000000000000000e+00,0.0000000000000000e+00,0.0000000000000000e+00,0.0000000000000000e+00,0.0000000000000000e+00,7.3057828974835070e-12,-1.3367226169727787e-12,-6.5144771121979503e-13,-1.3367226169727787e-12,7.3872724892608099e-12,-1.4112782531568141e-12,-6.5144771121979513e-13,-1.4112782531568139e-12,7.2745285052488120e-12,1.9713844284612856e-03,-5.1189990814908698e-04,-3.3276592775468813e-04,-5.1189990814908752e-04,2.0391260857679518e-03,-5.2889679691571392e-04,-3.3276592775468861e-04,-5.2889679691571479e-04,1.9723152167628109e-03,1.7072322727188763e-04,-5.3278679498551156e-05,-2.1696376527879558e-05,-5.3278679498551285e-05,1.8533995104291076e-04,-5.6024365071728860e-05,-2.1696376527880967e-05,-5.6024365071729572e-05,1.7151674137228572e-04,5.7561377204937151e+02,1.8278264287536570e+02,1.4591792635984427e+02,1.8278264287536592e+02,5.8100199127966880e+02,1.8704012800428509e+02,1.4591792635984464e+02,1.8704012800428538e+02,5.7804437441547248e+02,-4.8919882476378696e+01,-1.3207096575653178e+01,-1.2960612749354739e+01,-1.3207096575653091e+01,-4.9657742329617982e+01,-1.3295652203046949e+01,-1.2960612749354283e+01,-1.3295652203046675e+01,-4.9101923540059069e+01,7.1118711475558061e-01,5.8276717366316211e-01,-3.3877157332088292e-01,-4.0816710009391709e-02,5.7014421123720305e-01,8.5494899151217474e-01,-7.0167968698469319e-01,5.7664674219934908e-01,-3.9103599935115463e-01,-5.8939365072558673e-03,-3.3543251146060139e-02,-1.3430656998957570e-02,-4.3956543905753391e-03,-2.4712864342803235e-02,2.3631496976650485e-02,1.1766078260487586e-02,-3.2567760788274676e-02,-2.5457023327006029e-02,7.1902642205837541e-01,6.1695153204193331e-01,-3.7757324104285223e-01,-3.2862976100994049e-02,5.1649023705341002e-01,8.2172491628730260e-01,-6.9432457673623271e-01,5.9526816797108906e-01,-4.3069250357731725e-01,-1.1985944765586303e-02,-2.7650299139698346e-02,-1.4099579072611392e-02,5.9984897841173657e-03,-3.6654895373261345e-02,3.2683243448880385e-02,4.9792392068073029e-03,-2.7456673898354492e-02,-6.9936094646714754e-03,5.3074100626569840e-08,7.0932418623577288e-08,5.9885127174515807e-08,6.3451428447364892e-07,8.6348370101505244e-07,6.3363475748726252e-07,3.4218544698191302e-04,4.6566572798047542e-04,3.4171112931510276e-04,9.9270493492904344e-01,9.8923248489058291e-01,9.9203457101383097e-01,-6.3073214891816040e-02,-8.5631542683548709e-02,-6.2943018310146565e-02
1.9869176531592200e+02,7.6117221471268005e-05,3.0203670971131051e-05,3.0243374713072967e-05,3.0203670971131061e-05,7.5969683079570125e-05,3.0172083585231342e-05,3.0243374713072970e-05,3.0172083585231352e-05,7.6053849587267127e-05,2.3325815478222009e-06,9.9221676635271939e-07,8.6857925067700627e-07,9.9221676635271960e-07,2.3333626714270721e-06,1.0028786154725249e-06,8.6857925067700627e-07,1.0028786154725247e-06,2.3329163509480043e-06,0.0000000000000000e+00,0.0000000000000000e+00,0.0000000000000000e+00,0.0000000000000000e+00,0.0000000000000000e+00,0.0000000000000000e+00,0.0000000000000000e+00,0.0000000000000000e+00,0.0000000000000000e+00,7.3057828974835086e-12,-1.3367226169727789e-12,-6.5144771121979503e-13,-1.3367226169727789e-12,7.3872724892608116e-12,-1.4112782531568143e-12,-6.5144771121979523e-13,-1.4112782531568141e-12,7.2745285052488136e-12,1.9747393551816182e-03,-5.1239140728913976e-04,-3.3243837555282165e-04,-5.1239140728914019e-04,2.0427799008399020e-03,-5.2945848574315871e-04,-3.3243837555282089e-04,-5.2945848574315849e-04,1.9756845214964998e-03,1.6155262851625399e-04,-4.8646782606252767e-05,-1.8807001772486337e-05,-4.8646782606252015e-05,1.7495357454256569e-04,-5.1245872815201849e-05,-1.8807001772486666e-05,-5.1245872815200819e-05,1.6225594251863533e-04,5.7471146358018120e+02,1.8208741188191436e+02,1.4521001557525523e+02,1.8208741188191442e+02,5.8008721400651530e+02,1.8634520336507285e+02,1.4521001557525506e+02,1.8634520336507271e+02,5.7713972530735668e+02,-4.6863190693515470e+01,-1.3447242325504829e+01,-1.3220855525157781e+01,-1.3447242325504991e+01,-4.7550185543351077e+01,-1.3529615217014129e+01,-1.3220855525157786e+01,-1.3529615217014353e+01,-4.7033041354355760e+01,7.1108249389864508e-01,5.8282095583304694e-01,-3.3893099206082838e-01,-4.0658782255493978e-02,5.7008673933770460e-01,8.5499098691109521e-01,-7.0179043012860742e-01,5.7665412232982971e-01,-3.9081839850892003e-01,-5.8290870370857938e-03,-3.3298874179398079e-02,-1.2563190200228112e-02,-4.9018601863835077e-03,-2.5090043915304124e-02,2.4026269514027285e-02,1.1863219938742488e-02,-3.2442887477599644e-02,-2.5339276501309928e-02,7.1891915391043626e-01,6.1698446274555419e-01,-3.7768145471469361e-01,-3.2666860177310457e-02,5.1644976741164583e-01,8.2176453531730764e-01,-6.9445940976040021e-01,5.9524916878959933e-01,-4.3051263721864036e-01,-1.2128809518974080e-02,-2.8056313705239217e-02,-1.4710207808373114e-02,6.4936459363185628e-03,-3.5966337050633013e-02,3.2414695844835459e-02,4.8168664802245350e-03,-2.7674297538632389e-02,-6.9026453172484339e-03,5.3205439534021255e-08,7.4402437537436294e-08,6.0040145545302007e-08,6.7958573532687208e-07,9.2292447574964411e-07,6.7855765150371055e-07,3.4203014616449940e-04,4.6450061696426344e-04,3.4151271967652853e-04,9.9239753857051705e-01,9.8836298826847580e-01,9.9172643006872718e-01,-6.7545937120239277e-02,-9.1478321163819015e-02,-6.7397829797221670e-02
2.1290206232775029e+02,7.8353577603234583e-05,3.2326885819610014e-05,3.2370748592664585e-05,3.2326885819610014e-05,7.8190229814338588e-05,3.2291914854137466e-05,3.2370748592664599e-05,3.2291914854137487e-05,7.8283409660694469e-05,2.3257843438299245e-06,9.8549137444917371e-07,8.6184609925822465e-07,9.8549137444917392e-07,2.3265928454812575e-06,9.9615909025193166e-07,8.6184609925822497e-07,9.9615909025193166e-07,2.3261308842106434e-06,0.0000000000000000e+00,0.0000000000000000e+00,0.0000000000000000e+00,0.0000000000000000e+00,0.0000000000000000e+00,0.0000000000000000e+00,0.0000000000000000e+00,0.0000000000000000e+00,0.0000000000000000e+00,7.3057828974835086e-12,-1.3367226169727787e-12,-6.5144771121979493e-13,-1.3367226169727787e-12,7.3872724892608099e-12,-1.4112782531568141e-12,-6.5144771121979513e-13,-1.4112782531568139e-12,7.2745285052488120e-12,1.9778140269920770e-03,-5.1271398135160700e-04,-3.3202562758202390e-04,-5.1271398135160657e-04,2.0460892313986529e-03,-5.2984442239111266e-04,-3.3202562758202390e-04,-5.2984442239111375e-04,1.9787684284389836e-03,1.5296326357343976e-04,-4.4292110805261073e-05,-1.6097361911554533e-05,-4.4292110805260897e-05,1.6521301204946333e-04,-4.6753053802387944e-05,-1.6097361911554828e-05,-4.6753053802387422e-05,1.5358069827437401e-04,5.7382697813919333e+02,1.8138583639586597e+02,1.4449718752679127e+02,1.8138583639586577e+02,5.7919200642025635e+02,1.8564387284383085e+02,1.4449718752679135e+02,1.8564387284383125e+02,5.7625313879899477e+02,-4.4945817270837075e+01,-1.3671759063914287e+01,-1.3463730640358104e+01,-1.3671759063914259e+01,-4.5584943465243384e+01,-1.3748344253916690e+01,-1.3463730640358078e+01,-1.3748344253916873e+01,-4.5104168731606897e+01,7.1096794313754019e-01,5.8287261341369045e-01,-3.3911585945421219e-01,-4.0476479039863691e-02,5.7003314214698397e-01,8.5503071334098624e-01,-7.0191201690929128e-01,5.7665917552853552e-01,-3.9057960648983531e-01,-5.7542184505287881e-03,-3.3068471030044011e-02,-1.1713612703334021e-02,-5.4163454695074715e-03,-2.5444919303726624e-02,2.4395389474393001e-02,1.1971264152979947e-02,-3.2325856066665687e-02,-2.5261440068008786e-02,7.1880034625062061e-01,6.1701776249407947e-01,-3.7781399600431498e-01,-3.2444208319229548e-02,5.1641315993378645e-01,8.2180530024346554e-01,-6.9460899635603479e-01,5.9522911906440257e-01,-4.3031707138283654e-01,-1.2281936183446354e-02,-2.8439132156186202e-02,-1.5316454977771248e-02,6.9995426894136296e-03,-3.5318573807400007e-02,3.2162555388786200e-02,4.6449884383270761e-03,-2.7877935201688867e-02,-6.7853789319115921e-03,5.3349524645748463e-08,7.8123202886283219e-08,6.0208605405044581e-08,7.2789724257234525e-07,9.8645782582871841e-07,7.2671488074165066e-07,3.4189299747213814e-04,4.6333878359060900e-04,3.4133764266825915e-04,9.9204533997217303e-01,9.8739439761314296e-01,9.9137366160735230e-01,-7.2338509999572601e-02,-9.7719467958339051e-02,-7.2171693711020432e-02
2.2812866990908464e+02,8.0753772527693445e-05,3.4597993323315868e-05,3.4646443759283619e-05,3.4597993323315855e-05,8.0572932847478774e-05,3.4559278858811726e-05,3.4646443759283599e-05,3.4559278858811719e-05,8.0676084463316385e-05,2.3189847369475900e-06,9.7877237530434519e-07,8.5511907451220985e-07,9.7877237530434477e-07,2.3198215710984911e-06,9.8944616230809316e-07,8.5511907451220974e-07,9.8944616230809337e-07,2.3193434240342586e-06,0.0000000000000000e+00,0.0000000000000000e+00,0.0000000000000000e+00,0.0000000000000000e+00,0.0000000000000000e+00,0.0000000000000000e+00,0.0000000000000000e+00,0.0000000000000000e+00,0.0000000000000000e+00,7.3057828974835086e-12,-1.3367226169727787e-12,-6.5144771121979493e-13,-1.3367226169727787e-12,7.3872724892608116e-12,-1.4112782531568143e-12,-6.5144771121979523e-13,-1.4112782531568141e-12,7.2745285052488128e-12,1.9806436827849105e-03,-5.1288799178629324e-04,-3.3153830021674744e-04,-5.1288799178629270e-04,2.0490967927774095e-03,-5.3007577613753496e-04,-3.3153830021674777e-04,-5.3007577613753518e-04,1.9816027532815407e-03,1.4492786829295212e-04,-4.0203119581169654e-05,-1.3558080006622243e-05,-4.0203119581169864e-05,1.5608995645468389e-04,-4.2534157454501107e-05,-1.3558080006622351e-05,-4.2534157454501155e-05,1.4546370517811208e-04,5.7295782362892487e+02,1.8067872937927908e+02,1.4378009578912912e+02,1.8067872937927888e+02,5.7831365600825063e+02,1.8493695783482573e+02,1.4378009578912923e+02,1.8493695783482590e+02,5.7538209698037485e+02,-4.3159121923695160e+01,-1.3881513196532804e+01,-1.3690289683536013e+01,-1.3881513196532715e+01,-4.3753229579849247e+01,-1.3952672760345477e+01,-1.3690289683535973e+01,-1.3952672760345488e+01,-4.3306621907857433e+01,7.1084245340449748e-01,5.8292259275850988e-01,-3.3932743967274442e-01,-4.0267676131185239e-02,5.6998272462624688e-01,8.5506902090455805e-01,-7.0204554694863563e-01,5.7666221469594958e-01,-3.9031690103226413e-01,-5.6700199047306872e-03,-3.2851258330897477e-02,-1.0881220650149433e-02,-5.9384485906829269e-03,-2.5778727735144939e-02,2.4740292500722603e-02,1.2089516494708189e-02,-3.2216248132477469e-02,-2.5220862538210952e-02,7.1866883977265072e-01,6.1705184681909964e-01,-3.7797215211776425e-01,-3.2192694465516383e-02,5.1637926365744180e-01,8.2184761347490853e-01,-6.9477464699421687e-01,5.9520830343113074e-01,-4.3010341992412637e-01,-1.2444778293341341e-02,-2.8800133983366383e-02,-1.5918334366570946e-02,7.5152762095269197e-03,-3.4709260506556074e-02,3.1925640478029857e-02,4.4644996202178634e-03,-2.8068391519337665e-02,-6.6432536477293545e-03,5.3508897214208276e-08,8.2113259880794783e-08,6.0393472143627785e-08,7.7967876082661337e-07,1.0543644298674588e-06,7.7833562749526809e-07,3.4177149287607566e-04,4.6217971212809467e-04,3.4118273157225507e-04,9.9164165773150637e-01,9.8631443358169768e-01,9.9096957914373751e-01,-7.7473243897078561e-02,-1.0438056665081459e-01,-7.7286825488063607e-02
2.4444427388576148e+02,8.3330138465609804e-05,3.7027149290867005e-05,3.7080659160291546e-05,3.7027149290867005e-05,8.3129947032332352e-05,3.6984293491692616e-05,3.7080659160291560e-05,3.6984293491692629e-05,8.3244129768646734e-05,2.3121817915160559e-06,9.7205999188440172e-07,8.4839839073926620e-07,9.7205999188440214e-07,2.3130479453564843e-06,9.8274006162094787e-07,8.4839839073926631e-07,9.8274006162094766e-07,2.3125530488311397e-06,0.0000000000000000e+00,0.0000000000000000e+00,0.0000000000000000e+00,0.0000000000000000e+00,0.0000000000000000e+00,0.0000000000000000e+00,0.0000000000000000e+00,0.0000000000000000e+00,0.0000000000000000e+00,7.3057828974835070e-12,-1.3367226169727789e-12,-6.5144771121979503e-13,-1.3367226169727789e-12,7.3872724892608099e-12,-1.4112782531568141e-12,-6.5144771121979523e-13,-1.4112782531568139e-12,7.2745285052488128e-12,1.9832597719702601e-03,-5.1293162548031229e-04,-3.3098576383685320e-04,-5.1293162548031348e-04,2.0518407869752494e-03,-5.3017146423098565e-04,-3.3098576383685385e-04,-5.3017146423098565e-04,1.9842194665008559e-03,1.3741926741650708e-04,-3.6367906631632161e-05,-1.1179947486275552e-05,-3.6367906631632405e-05,1.4755570411669117e-04,-3.8577034803248472e-05,-1.1179947486276575e-05,-3.8577034803248513e-05,1.3787770615270812e-04,5.7210177390115643e+02,1.7996680489347122e+02,1.4305931097956528e+02,1.7996680489347162e+02,5.7744974206260190e+02,1.8422518018369325e+02,1.4305931097956562e+02,1.8422518018369323e+02,5.7452435112310081e+02,-4.1494975995069019e+01,-1.4077340165469208e+01,-1.3901530045258678e+01,-1.4077340165469110e+01,-4.2046765997980003e+01,-1.4143406105633472e+01,-1.3901530045258383e+01,-1.4143406105633385e+01,-4.1632230279655474e+01,7.1070502178519779e-01,5.8297128007609689e-01,-3.3956711557025865e-01,-4.0030207651069745e-02,5.6993488652085744e-01,8.5510664780260381e-01,-7.0219211556186689e-01,5.7666351080352496e-01,-3.9002766193415367e-01,-5.5773312743560323e-03,-3.2646496221131409e-02,-1.0065801407466626e-02,-6.4670657186457169e-03,-2.6092638508792700e-02,2.5062351813692783e-02,1.2217109490810974e-02,-3.2113665950490068e-02,-2.5214598883539861e-02,7.1852345926068206e-01,6.1708706122284096e-01,-3.7815731342911757e-01,-3.1909965160281266e-02,5.1634710121876870e-01,8.2189181269129041e-01,-6.9495765310112412e-01,5.9518695887281547e-01,-4.2986933256789306e-01,-1.2616603716142538e-02,-2.9140610213607674e-02,-1.6515454073603740e-02,8.0394740633483973e-03,-3.4136188741538342e-02,3.1702798814110235e-02,4.2765330978331417e-03,-2.8246420736816137e-02,-6.4780068129668212e-03,5.3686337542717263e-08,8.6392525653696005e-08,6.0597968718026336e-08,8.3517662386067512e-07,1.1269441522593276e-06,8.3366538887372367e-07,3.4166340269888522e-04,4.6102292941662174e-04,3.4104516977285734e-04,9.9117884101902132e-01,9.8510922584749117e-01,9.9050653079214845e-01,-8.2973949540785685e-02,-1.1148867812439553e-01,-8.2766932954462274e-02
2.6192675852338238e+02,8.6095962590327591e-05,3.9625191429470685e-05,3.9684279830172700e-05,3.9625191429470685e-05,8.5874363723105235e-05,3.9577754603423554e-05,3.9684279830172714e-05,3.9577754603423554e-05,8.6000748332708276e-05,2.3053744370534057e-06,9.6535445481316546e-07,8.4168426966248271e-07,9.6535445481316524e-07,2.3062709315774769e-06,9.7604102605659643e-07,8.4168426966248282e-07,9.7604102605659664e-07,2.3057587026524004e-06,0.0000000000000000e+00,0.0000000000000000e+00,0.0000000000000000e+00,0.0000000000000000e+00,0.0000000000000000e+00,0.0000000000000000e+00,0.0000000000000000e+00,0.0000000000000000e+00,0.0000000000000000e+00,7.3057828974835086e-12,-1.3367226169727787e-12,-6.5144771121979503e-13,-1.3367226169727787e-12,7.3872724892608116e-12,-1.4112782531568143e-12,-6.5144771121979523e-13,-1.4112782531568141e-12,7.2745285052488136e-12,1.9856903340819193e-03,-5.1286109452946919e-04,-3.3037628258034065e-04,-5.1286109452947028e-04,2.0543553247420921e-03,-5.3014835687637126e-04,-3.3037628258034151e-04,-5.3014835687637105e-04,1.9866470759359886e-03,1.3041065668906456e-04,-3.2774422910933088e-05,-8.9539954640820188e-06,-3.2774422910933549e-05,1.3958155712479135e-04,-3.4869360808243798e-05,-8.9539954640820341e-06,-3.4869360808243052e-05,1.3079578247379267e-04,5.7125683436465272e+02,1.7925068987269842e+02,1.4233533140372481e+02,1.7925068987269887e+02,5.7659809878999670e+02,1.8350917397285795e+02,1.4233533140372512e+02,1.8350917397285784e+02,5.7367788694435058e+02,-3.9945738391466442e+01,-1.4260041050837666e+01,-1.4098394821428879e+01,-1.4260041050837552e+01,-4.0457761783834115e+01,-1.4321317871620085e+01,-1.4098394821428938e+01,-1.4321317871620318e+01,-4.0073312453867807e+01,7.1055467505256642e-01,5.8301900801576290e-01,-3.3983631584718765e-01,-3.9761930552341639e-02,5.6988911203596904e-01,8.5514423112340687e-01,-7.0235278802863998e-01,5.7666329747319167e-01,-3.8970941914483714e-01,-5.4771644916675822e-03,-3.2453487395208411e-02,-9.2676766484683388e-03,-7.0005991837079748e-03,-2.6387754269008971e-02,2.5362882673032560e-02,1.2352978114178738e-02,-3.2017732634331046e-02,-2.5239361909817501e-02,7.1836303842084892e-01,6.1712368948167584e-01,-3.7837090993895806e-01,-3.1593709196503693e-02,5.1631584866114777e-01,8.2193816684829935e-01,-6.9515924718703126e-01,5.9516528032496296e-01,-4.2961253280753170e-01,-1.2796466367414260e-02,-2.9461767657965311e-02,-1.7106972172241077e-02,8.5702404397515579e-03,-3.3597283363517388e-02,3.1492904650792901e-02,4.0824872341872105e-03,-2.8412728832968151e-02,-6.2917150088522928e-03,5.3884899499459178e-08,9.0982390222835653e-08,6.0825615425394251e-08,8.9465468951698417e-07,1.2045173426250013e-06,8.9296711520126053e-07,3.4156673971022240e-04,4.5986799875487837e-04,3.4092244726555680e-04,9.9064812810923064e-01,9.8376310387778010e-01,9.8997575824501272e-01,-8.8866022585592341e-02,-1.1907238842071639e-01,-8.8637300100437577e-02
2.8065957831611297e+02,8.9065557853043167e-05,4.2403683488747303e-05,4.2468921418292571e-05,4.2403683488747310e-05,8.8820279716697172e-05,4.2351179745040129e-05,4.2468921418292578e-05,4.2351179745040129e-05,8.8960159903412846e-05,2.2985614554627997e-06,9.5865600262274401e-07,8.3497694067699325e-07,9.5865600262274380e-07,2.2994893465652067e-06,9.6934930162414828e-07,8.3497694067699335e-07,9.6934930162414850e-07,2.2989591824087255e-06,0.0000000000000000e+00,0.0000000000000000e+00,0.0000000000000000e+00,0.0000000000000000e+00,0.0000000000000000e+00,0.0000000000000000e+00,0.0000000000000000e+00,0.0000000000000000e+00,0.0000000000000000e+00,7.3057828974835086e-12,-1.3367226169727789e-12,-6.5144771121979503e-13,-1.3367226169727789e-12,7.3872724892608116e-12,-1.4112782531568143e-12,-6.5144771121979523e-13,-1.4112782531568141e-12,7.2745285052488128e-12,1.9879603589896232e-03,-5.1269083070732021e-04,-3.2971714276908495e-04,-5.1269083070732064e-04,2.0566708345456097e-03,-5.3002147736084387e-04,-3.2971714276908419e-04,-5.3002147736084420e-04,1.9889109905427416e-03,1.2387581709838382e-04,-2.9410639232525966e-05,-6.8715458826958219e-06,-2.9410639232526342e-05,1.3213913723378171e-04,-3.1398810244413934e-05,-6.8715458826973304e-06,-3.1398810244414578e-05,1.2419157622715952e-04,5.7042121097273002e+02,1.7853093478899356e+02,1.4160859254556408e+02,1.7853093478899370e+02,5.7575678190174256e+02,1.8278949621042673e+02,1.4160859254556399e+02,1.8278949621042682e+02,5.7284089327413346e+02,-3.8504230571948661e+01,-1.4430380434537657e+01,-1.4281773507335304e+01,-1.4430380434537465e+01,-3.8978889801195123e+01,-1.4487147439810620e+01,-1.4281773507334741e+01,-1.4487147439810338e+01,-3.8622651302353560e+01,7.1039049993828407e-01,5.8306606141738582e-01,-3.4013642944332551e-01,-3.9460804895035652e-02,5.6984496081089098e-01,8.5518231544916734e-01,-7.0252856655492735e-01,5.7666177500818150e-01,-3.8935991715661794e-01,-5.3707227377434632e-03,-3.2271575818707682e-02,-8.4877392730946487e-03,-7.5369111743156299e-03,-2.6665112862384256e-02,2.5643147314475052e-02,1.2495837545961834e-02,-3.1928091961130840e-02,-2.5291478766139762e-02,7.1818645246296942e-01,6.1716196074708496e-01,-3.7861433500414543e-01,-3.1241744326980517e-02,5.1628481789465464e-01,8.2198687028833017e-01,-6.9538055356873474e-01,5.9514342550161481e-01,-4.2933086971511253e-01,-1.2983179113583555e-02,-2.9764733259394448e-02,-1.7691557895009376e-02,9.1051074022919232e-03,-3.3090598050087509e-02,3.1294858010188435e-02,3.8840477813147306e-03,-2.8567975788680134e-02,-6.0868368007428886e-03,5.4107945541073969e-08,9.5905823782859248e-08,6.1080270223777663e-08,9.5839556136613899e-07,1.2874262216706638e-06,9.5652242369050485e-07,3.4147972683357960e-04,4.5871451435753523e-04,3.4081232125744623e-04,9.9003948503700034e-01,9.8225836074991990e-01,9.8936723604467913e-01,-9.5176529204719237e-02,-1.2716184946705275e-01,-9.4924871729080665e-02
3.0073215636556097e+02,9.2254336693504743e-05,4.5374962089255454e-05,4.5446977433124041e-05,4.5374962089255447e-05,9.1982868892665962e-05,4.5316854555063822e-05,4.5446977433124034e-05,4.5316854555063835e-05,9.2137674033750651e-05,2.2917414685367831e-06,9.5196488201110273e-07,8.2827664110676982e-07,9.5196488201110284e-07,2.2927018481385238e-06,9.6266514273953312e-07,8.2827664110677003e-07,9.6266514273953333e-07,2.2921531253876861e-06,0.0000000000000000e+00,0.0000000000000000e+00,0.0000000000000000e+00,0.0000000000000000e+00,0.0000000000000000e+00,0.0000000000000000e+00,0.0000000000000000e+00,0.0000000000000000e+00,0.0000000000000000e+00,7.3057828974835070e-12,-1.3367226169727789e-12,-6.5144771121979503e-13,-1.3367226169727789e-12,7.3872724892608116e-12,-1.4112782531568143e-12,-6.5144771121979513e-13,-1.4112782531568141e-12,7.2745285052488128e-12,1.9900921239554147e-03,-5.1243367097074789e-04,-3.2901476985774378e-04,-5.1243367097074779e-04,2.0588144514491163e-03,-5.2980419337913230e-04,-3.2901476985774302e-04,-5.2980419337913230e-04,1.9910338612947154e-03,1.1778927160226075e-04,-2.6264674812166572e-05,-4.9242460683534618e-06,-2.6264674812166498e-05,1.2520062415979105e-04,-2.8153193775405067e-05,-4.9242460683538675e-06,-2.8153193775405274e-05,1.1803945379657254e-04,5.6959328237592524e+02,1.7780802324669511e+02,1.4087947548485997e+02,1.7780802324669500e+02,5.7492403850784092e+02,1.8206663645687138e+02,1.4087947548485968e+02,1.8206663645687135e+02,5.7201173391308191e+02,-3.7163710875099753e+01,-1.4589085290940098e+01,-1.4452503308717738e+01,-1.4589085290940085e+01,-3.7603262446753263e+01,-1.4641598636502939e+01,-1.4452503308717569e+01,-1.4641598636502835e+01,-3.7273468314585507e+01,7.1021168032147042e-01,5.8311268230862279e-01,-3.4046870671696688e-01,-3.9124990460487841e-02,5.6980206006532896e-01,8.5522135944039357e-01,-7.0272034972615416e-01,5.7665911392670666e-01,-3.8897719580013568e-01,-5.2594156286667861e-03,-3.2100145175253843e-02,-7.7274800199708046e-03,-8.0732873947082159e-03,-2.6925689666160914e-02,2.5904360048893210e-02,1.2644165257519352e-02,-3.1844407941497642e-02,-2.5366856996137277e-02,7.1799265899436915e-01,6.1720205557957108e-01,-3.7888885587371585e-01,-3.0852121540314484e-02,5.1625344153788333e-01,8.2203803542018550e-01,-6.9562252981812978e-01,5.9512151902945598e-01,-4.2902238430654921e-01,-1.3175289879772055e-02,-3.0050558503555463e-02,-1.8267362258016479e-02,9.6409971580429330e-03,-3.2614310123745271e-02,3.1107586422735908e-02,3.6832024387239430e-03,-2.8712777964258664e-02,-5.8662493584910533e-03,5.4359181517749880e-08,1.0118749034275032e-07,6.1366168752376958e-08,1.0267018921408820e-06,1.3760363590223842e-06,1.0246328923189621e-06,3.4140076822807534e-04,4.5756209633588893e-04,3.4071278066900471e-04,9.8934142169808781e-01,9.8057498677937704e-01,9.8866948851235981e-01,-1.0193429174022324e-01,-1.3578881014171193e-01,-1.0165833800783049e-01
3.2224031125143313e+02,9.5678886878900087e-05,4.8552186380770096e-05,4.8631669350090073e-05,4.8552186380770062e-05,9.5378455776460729e-05,4.8487881932777112e-05,4.8631669350090094e-05,4.8487881932777118e-05,9.5549764933939340e-05,2.2849129263549792e-06,9.4528134810661124e-07,8.2158361646907400e-07,9.4528134810661050e-07,2.2859069235585215e-06,9.5598881249631970e-07,8.2158361646907421e-07,9.5598881249631991e-07,2.2853389976645413e-06,0.0000000000000000e+00,0.0000000000000000e+00,0.0000000000000000e+00,0.0000000000000000e+00,0.0000000000000000e+00,0.0000000000000000e+00,0.0000000000000000e+00,0.0000000000000000e+00,0.0000000000000000e+00,7.3057828974835086e-12,-1.3367226169727789e-12,-6.5144771121979503e-13,-1.3367226169727789e-12,7.3872724892608116e-12,-1.4112782531568143e-12,-6.5144771121979523e-13,-1.4112782531568141e-12,7.2745285052488128e-12,1.9921055053408712e-03,-5.1210103157114505e-04,-3.2827483408316043e-04,-5.1210103157114397e-04,2.0608103813152226e-03,-5.2950839692078968e-04,-3.2827483408316000e-04,-5.2950839692078957e-04,1.9930358968366672e-03,1.1212639342720904e-04,-2.3324893498158608e-05,-3.1040897164707060e-06,-2.3324893498159743e-05,1.1873892962620024e-04,-2.5120560185355134e-05,-3.1040897164706225e-06,-2.5120560185355253e-05,1.1231461964797373e-04,5.6877157504505067e+02,1.7708238055868907e+02,1.4014831432538472e+02,1.7708238055868873e+02,5.7409828014433197e+02,1.8134102543845160e+02,1.4014831432538449e+02,1.8134102543845162e+02,5.7118892248696102e+02,-3.5917848395323375e+01,-1.4736844705672704e+01,-1.4611370927459188e+01,-1.4736844705672340e+01,-3.6324406555759893e+01,-1.4785339233193222e+01,-1.4611370927459085e+01,-1.4785339233193248e+01,-3.6019397466728471e+01,7.1001754099761560e-01,5.8315907422918434e-01,-3.4083414818931668e-01,-3.8752958963287509e-02,5.6976009779457704e-01,8.5526174059332172e-01,-7.0292888481254523e-01,5.7665545804897056e-01,-3.8855968633054566e-01,-5.1448681977619894e-03,-3.1938617090795145e-02,-6.9889988227568745e-03,-8.6064161769907870e-03,-2.7170400305130210e-02,2.6147692204259176e-02,1.2796189874195292e-02,-3.1766364179632425e-02,-2.5460965258598148e-02,7.1778074730482455e-01,6.1724411104034160e-01,-3.7919551170822452e-01,-3.0423246005188552e-02,5.1622125988720047e-01,8.2209168466465543e-01,-6.9588589994811645e-01,5.9509965597080339e-01,-4.2868539018514634e-01,-1.3371063487213036e-02,-3.0320223875736640e-02,-1.8832002804567372e-02,1.0174201266844412e-02,-3.2166714769795504e-02,3.0930049685736864e-02,3.4822445921690623e-03,-2.8847710560964235e-02,-5.6332745190440141e-03,5.4642690234513733e-08,1.0685386759309187e-07,6.1687962873637455e-08,1.0998977743559970e-06,1.4707382489859987e-06,1.0976214391974112e-06,3.4132842352482221e-04,4.5641038617245862e-04,3.4062201433916029e-04,9.8854078238553789e-01,9.7869036942288523e-01,9.8786938137980695e-01,-1.0916997316451771e-01,-1.4498663458102665e-01,-1.0886821767145485e-01
3.4528671443168571e+02,9.9357048403345775e-05,5.1949390681264087e-05,5.2037099736121031e-05,5.1949390681264107e-05,9.9024589938917561e-05,5.1878234144519169e-05,5.2037099736121038e-05,5.1878234144519142e-05,9.9214147286431074e-05,2.2780740973688564e-06,9.3860566473962462e-07,8.1489812074670802e-07,9.3860566473962494e-07,2.2791028796427941e-06,9.4932058294357467e-07,8.1489812074670844e-07,9.4932058294357435e-07,2.2785150842001742e-06,0.0000000000000000e+00,0.0000000000000000e+00,0.0000000000000000e+00,0.0000000000000000e+00,0.0000000000000000e+00,0.0000000000000000e+00,0.0000000000000000e+00,0.0000000000000000e+00,0.0000000000000000e+00,7.3057828974835086e-12,-1.3367226169727789e-12,-6.5144771121979503e-13,-1.3367226169727789e-12,7.3872724892608116e-12,-1.4112782531568141e-12,-6.5144771121979513e-13,-1.4112782531568141e-12,7.2745285052488128e-12,1.9940182638842098e-03,-5.1170306925909874e-04,-3.2750234519353806e-04,-5.1170306925909950e-04,2.0626802375151966e-03,-5.2914467105829742e-04,-3.2750234519353941e-04,-5.2914467105829655e-04,1.9949351526618963e-03,1.0686347378764164e-04,-2.0579972765865940e-05,-1.4034268338506074e-06,-2.0579972765866774e-05,1.1272781718915534e-04,-2.2289270056629833e-05,-1.4034268338495927e-06,-2.2289270056629463e-05,1.0699318843287283e-04,5.6795474120260690e+02,1.7635438136344607e+02,1.3941540271346582e+02,1.7635438136344644e+02,5.7327805878506433e+02,1.8061304270431052e+02,1.3941540271346622e+02,1.8061304270431029e+02,5.7037110013604433e+02,-3.4760696560113779e+01,-1.4874310255599907e+01,-1.4759114705558218e+01,-1.4874310255599768e+01,-3.5136237696103279e+01,-1.4919001131784409e+01,-1.4759114705558540e+01,-1.4919001131784610e+01,-3.4854458764929298e+01,7.0980759698522478e-01,5.8320540595953696e-01,-3.4123338326541919e-01,-3.8343619374953813e-02,5.6971881689358284e-01,8.5530375841479778e-01,-7.0315471405316121e-01,5.7665092718695909e-01,-3.8810632005450302e-01,-5.0289212423350405e-03,-3.1786449166635408e-02,-6.2749954435979043e-03,-9.1323891541472621e-03,-2.7400103699543980e-02,2.6374276588239959e-02,1.2949889558667761e-02,-3.1693663057459416e-02,-2.5568834293693599e-02,7.1754999540898079e-01,6.1728822495776392e-01,-3.7953500130428719e-01,-2.9954011893733687e-02,5.1618790976976803e-01,8.2214774262196955e-01,-6.9617108148364215e-01,5.9507790481146894e-01,-4.2831856688590553e-01,-1.3568472183906624e-02,-3.0574643363403889e-02,-1.9382567651756607e-02,1.0700383349579278e-02,-3.1746218753984208e-02,3.0761247982772688e-02,3.2837627794713325e-03,-2.8973310153640068e-02,-5.3916892570277401e-03,5.4962962376679921e-08,1.1293337271728735e-07,6.2050756149232176e-08,1.1783302239802812e-06,1.5719489906173680e-06,1.1758337931706927e-06,3.4126138502598292e-04,4.5525904267839273e-04,3.4053838274838375e-04,9.8762250739371793e-01,9.7657895560256314e-01,9.8695188482085328e-01,-1.1691615876455747e-01,-1.5479030395346224e-01,-1.1658693828912116e-01
3.6998138035561567e+02,1.0330799001154582e-04,5.5581540253460812e-05,5.5678308549974000e-05,5.5581540253460819e-05,1.0294011977445096e-04,5.5502808015398160e-05,5.5678308549974007e-05,5.5502808015398173e-05,1.0314985157806947e-04,2.2712230611993950e-06,9.3193810472111607e-07,8.0822041666816722e-07,9.3193810472111618e-07,2.2722878355925659e-06,9.4266073537075137e-07,8.0822041666816722e-07,9.4266073537075137e-07,2.2716794816519793e-06,0.0000000000000000e+00,0.0000000000000000e+00,0.0000000000000000e+00,0.0000000000000000e+00,0.0000000000000000e+00,0.0000000000000000e+00,0.0000000000000000e+00,0.0000000000000000e+00,0.0000000000000000e+00,7.3057828974835070e-12,-1.3367226169727787e-12,-6.5144771121979503e-13,-1.3367226169727787e-12,7.3872724892608099e-12,-1.4112782531568143e-12,-6.5144771121979513e-13,-1.4112782531568139e-12,7.2745285052488120e-12,1.9958463032061003e-03,-5.1124882873056655e-04,-3.2670173674371111e-04,-5.1124882873056655e-04,2.0644433485726868e-03,-5.2872244267941669e-04,-3.2670173674371073e-04,-5.2872244267941659e-04,1.9967477933675475e-03,1.0197775573863650e-04,-1.8018949902004666e-05,1.8503526099379989e-07,-1.8018949902004341e-05,1.0714197655672151e-04,-1.9648045510004052e-05,1.8503526099376992e-07,-1.9648045510003923e-05,1.0205222228426066e-04,5.6714153944357997e+02,1.7562435634407532e+02,1.3868099952068459e+02,1.7562435634407532e+02,5.7246204572446459e+02,1.7988302338705807e+02,1.3868099952068448e+02,1.7988302338705805e+02,5.6955701592010712e+02,-3.3686666515151643e+01,-1.5002096910273000e+01,-1.4896427032229674e+01,-1.5002096910273085e+01,-3.4033034013264505e+01,-1.5043181091658822e+01,-1.4896427032229688e+01,-1.5043181091658832e+01,-3.3773031574817921e+01,7.0958160644578860e-01,5.8325181473006926e-01,-3.4166654335475466e-01,-3.7896451695058821e-02,5.6967801009111863e-01,8.5534763632312094e-01,-7.0339811700100141e-01,5.7664561948580406e-01,-3.8761664472066626e-01,-4.9136205578449253e-03,-3.1643132840138324e-02,-5.5887338414542910e-03,-9.6467297476465885e-03,-2.7615605407218722e-02,2.6585211156383910e-02,1.3103002723553935e-02,-3.1626024767453235e-02,-2.5685083721411567e-02,7.1729993325467323e-01,6.1733445948116161e-01,-3.7990756465542225e-01,-2.9443945931838290e-02,5.1615311504405281e-01,8.2220602966881151e-01,-6.9647810991734949e-01,5.9505630998652137e-01,-4.2792106266058050e-01,-1.3765198122511948e-02,-3.0814669016914164e-02,-1.9915644099366608e-02,1.1214611988143467e-02,-3.1351333699650527e-02,3.0600233440596439e-02,3.0906125981394130e-03,-2.9090077291145659e-02,-5.1457152351583055e-03,5.5324922969917353e-08,1.1945649365244695e-07,6.2460134169838683e-08,1.2623707636002214e-06,1.6801140789911675e-06,1.2596400619694639e-06,3.4119845771343044e-04,4.5410773844248303e-04,3.4046039310376471e-04,9.8656936192643907e-01,9.7421187227917128e-01,9.8589980419816781e-01,-1.2520743305067958e-01,-1.6523639711747870e-01,-1.2484891160542744e-01
3.9644219162949975e+02,1.0755228348763960e-04,5.9464590381738314e-05,5.9571332783289040e-05,5.9464590381738321e-05,1.0714526377597511e-04,5.9377483364342080e-05,5.9571332783289040e-05,5.9377483364342073e-05,1.0737729708031692e-04,2.2643577054383180e-06,9.2527895012836333e-07,8.0155077599580796e-07,9.2527895012836344e-07,2.2654597198232430e-06,9.3600956059961089e-07,8.0155077599580796e-07,9.3600956059961089e-07,2.2648300951882907e-06,0.0000000000000000e+00,0.0000000000000000e+00,0.0000000000000000e+00,0.0000000000000000e+00,0.0000000000000000e+00,0.0000000000000000e+00,0.0000000000000000e+00,0.0000000000000000e+00,0.0000000000000000e+00,7.3057828974835086e-12,-1.3367226169727789e-12,-6.5144771121979503e-13,-1.3367226169727789e-12,7.3872724892608116e-12,-1.4112782531568143e-12,-6.5144771121979523e-13,-1.4112782531568141e-12,7.2745285052488128e-12,1.9976039016458610e-03,-5.1074637591344237e-04,-3.2587694047949870e-04,-5.1074637591344281e-04,2.0661170359999067e-03,-5.2825012069111538e-04,-3.2587694047949952e-04,-5.2825012069111603e-04,1.9984883280167497e-03,9.7447439877103726e-05,-1.5631249205370864e-05,1.6682381302665094e-06,-1.5631249205371416e-05,1.0195705991501445e-04,-1.7186000004154034e-05,1.6682381302664607e-06,-1.7186000004153844e-05,9.7469739164620501e-05,5.6633081797794762e+02,1.7489259810929107e+02,1.3794533375704214e+02,1.7489259810929124e+02,5.7164901326404208e+02,1.7915126412595345e+02,1.3794533375704248e+02,1.7915126412595365e+02,5.6874550987090049e+02,-3.2690500395759635e+01,-1.5120784337551084e+01,-1.5023956935542579e+01,-1.5120784337550925e+01,-3.3009409752367532e+01,-1.5158441878502520e+01,-1.5023956935542575e+01,-1.5158441878502625e+01,-3.2769827820144513e+01,7.0933962428893038e-01,5.8329840898722007e-01,-3.4213313605787377e-01,-3.7411642029419032e-02,5.6963751557421227e-01,8.5539352265738122e-01,-7.0365905209893909e-01,5.7663961346537562e-01,-3.8709094162750163e-01,-4.8011928264445067e-03,-3.1508191082552192e-02,-4.9339753472768056e-03,-1.0144455149465511e-02,-2.7817661239128565e-02,2.6781561599698304e-02,1.3253053636364809e-02,-3.1563186211306229e-02,-2.5803979586283651e-02,7.1703040933702189e-01,6.1738284403367316e-01,-3.8031286462623520e-01,-2.8893351853645905e-02,5.1611667851418774e-01,8.2226625838479217e-01,-6.9680656549142883e-01,5.9503489401577403e-01,-4.2749260145721996e-01,-1.3958651044934779e-02,-3.1041095591265489e-02,-2.0427376487676986e-02,1.1711429850136814e-02,-3.0980668951941001e-02,3.0446124810976700e-02,2.9058684275913940e-03,-2.9198479168503978e-02,-4.8999823385869517e-03,5.5733951042292556e-08,1.2645592505865711e-07,6.2922187090827332e-08,1.3524171122414992e-06,1.7957093151478111e-06,1.3494364049774066e-06,3.4113854196059397e-04,4.5295615680230488e-04,3.4038667767192148e-04,9.8536162811164907e-01,9.7155650079511702e-01,9.8469347442209343e-01,-1.3408044940008770e-01,-1.7636304461685526e-01,-1.3369060148407233e-01
4.2479546174171560e+02,1.1211197338797496e-04,6.3615548918034419e-05,6.3733269613210726e-05,6.3615548918034419e-05,1.1166167696031616e-04,6.3519184845859444e-05,6.3733269613210739e-05,6.3519184845859457e-05,1.1191836014530591e-04,2.2574757280321767e-06,9.1862849259767894e-07,7.9488947982212061e-07,9.1862849259767904e-07,2.2586162723775861e-06,9.2936735928311125e-07,7.9488947982212061e-07,9.2936735928311136e-07,2.2579646408856330e-06,0.0000000000000000e+00,0.0000000000000000e+00,0.0000000000000000e+00,0.0000000000000000e+00,0.0000000000000000e+00,0.0000000000000000e+00,0.0000000000000000e+00,0.0000000000000000e+00,0.0000000000000000e+00,7.3057828974835086e-12,-1.3367226169727789e-12,-6.5144771121979503e-13,-1.3367226169727789e-12,7.3872724892608099e-12,-1.4112782531568143e-12,-6.5144771121979513e-13,-1.4112782531568139e-12,7.2745285052488136e-12,1.9993039177419215e-03,-5.1020291697956971e-04,-3.2503145132063927e-04,-5.1020291697956928e-04,2.0677168620829361e-03,-5.2773521953221694e-04,-3.2503145132063921e-04,-5.2773521953221737e-04,2.0001698188731485e-03,9.3251666772057996e-05,-1.3406693507799620e-05,3.0527841353338296e-06,-1.3406693507798328e-05,9.7149686737395575e-05,-1.4892651648404717e-05,3.0527841353333053e-06,-1.4892651648405337e-05,9.3224697275560913e-05,5.6552150048430588e+02,1.7415936629249893e+02,1.3720860877273887e+02,1.7415936629249873e+02,5.7083781918911939e+02,1.7841802820854355e+02,1.3720860877273887e+02,1.7841802820854375e+02,5.6793549868094840e+02,-3.1767244553469009e+01,-1.5230918513936389e+01,-1.5142312792306500e+01,-1.5230918513936734e+01,-3.2060288566882946e+01,-1.5265313733013972e+01,-1.5142312792306395e+01,-1.5265313733013713e+01,-3.1839865123050942e+01,7.0908205251605949e-01,5.8334527079499066e-01,-3.4263192931918496e-01,-3.6890209325357838e-02,5.6959721317949585e-01,8.5544149125349567e-01,-7.0393710175834590e-01,5.7663296981153334e-01,-3.8653033413351023e-01,-4.6940065364089751e-03,-3.1381175936605915e-02,-4.3148771734936690e-03,-1.0620175989493587e-02,-2.8006981139108267e-02,2.6964362622994349e-02,1.3397394828529018e-02,-3.1504899776254619e-02,-2.5919526055826460e-02,7.1674165666167333e-01,6.1743337777851426e-01,-3.8074987715735564e-01,-2.8303445234462588e-02,5.1607847502165893e-01,8.2232803427746148e-01,-6.9715550859236719e-01,5.9501365932187344e-01,-4.2703358674068759e-01,-1.4146004044027348e-02,-3.1254665298289928e-02,-2.0913556608647823e-02,1.2184963428083321e-02,-3.0632924033102003e-02,3.0298124467727873e-02,2.7327535635713269e-03,-2.9298952379639257e-02,-4.6594620335293855e-03,5.6195889603144213e-08,1.3396670797545960e-07,6.3443521100953984e-08,1.4488949899377965e-06,1.9192428429015717e-06,1.4456468186414299e-06,3.4108061889294726e-04,4.5180398939113691e-04,3.4031597529646229e-04,9.8397675544860341e-01,9.6857600022407708e-01,9.8331041335884162e-01,-1.4357398935471630e-01,-1.8820984932324383e-01,-1.4315058140848769e-01
4.5517653803357132e+02,1.1701063942220108e-04,6.8052542471192049e-05,6.8182343243149688e-05,6.8052542471192022e-05,1.1651250962139337e-04,6.7945947367226863e-05,6.8182343243149675e-05,6.7945947367226863e-05,1.1679643501016885e-04,2.2505746471242798e-06,9.1198703362413219e-07,7.8823681887418138e-07,9.1198703362413187e-07,2.2517550547963469e-06,9.2273444221121166e-07,7.8823681887418149e-07,9.2273444221121177e-07,2.2510806555837100e-06,0.0000000000000000e+00,0.0000000000000000e+00,0.0000000000000000e+00,0.0000000000000000e+00,0.0000000000000000e+00,0.0000000000000000e+00,0.0000000000000000e+00,0.0000000000000000e+00,0.0000000000000000e+00,7.3057828974835086e-12,-1.3367226169727789e-12,-6.5144771121979503e-13,-1.3367226169727789e-12,7.3872724892608099e-12,-1.4112782531568143e-12,-6.5144771121979523e-13,-1.4112782531568139e-12,7.2745285052488128e-12,2.0009579697133606e-03,-5.0962490312920713e-04,-3.2416838340548678e-04,-5.0962490312920681e-04,2.0692568476213839e-03,-5.2718446801032720e-04,-3.2416838340548667e-04,-5.2718446801032633e-04,2.0018040638336500e-03,8.9370480353090508e-05,-1.1335502887654978e-05,4.3449528287331183e-06,-1.1335502887654939e-05,9.2697422712595759e-05,-1.2757923033246070e-05,4.3449528287336664e-06,-1.2757923033246697e-05,8.9296959872058214e-05,5.6471257462363224e+02,1.7342489192023874e+02,1.3647100579854197e+02,1.7342489192023865e+02,5.7002739408008483e+02,1.7768354998208574e+02,1.3647100579854185e+02,1.7768354998208551e+02,5.6712596407726414e+02,-3.0912222817612285e+01,-1.5333013553568163e+01,-1.5252065098156498e+01,-1.5333013553568239e+01,-3.1180876729037035e+01,-1.5364296071448402e+01,-1.5252065098156606e+01,-1.5364296071448235e+01,-3.0978439969210871e+01,7.0880968248102605e-01,5.8339245795439376e-01,-3.4316085630183213e-01,-3.6334111963335108e-02,5.6955702102171857e-01,8.5549154211038769e-01,-7.0423142615725154e-01,5.7662573296792075e-01,-3.8593687635854951e-01,-4.5945173375474104e-03,-3.1261665893059017e-02,-3.7358552080150381e-03,-1.1068235338562576e-02,-2.8184233324288776e-02,2.7134617779154498e-02,1.3533267101175792e-02,-3.1450931997600351e-02,-2.6025592216766633e-02,7.1643435273203648e-01,6.1748603171978345e-01,-3.8121680020116766e-01,-2.7676465870713929e-02,5.1603844546875199e-01,8.2239086215370083e-01,-6.9752343102950776e-01,5.9499258980669401e-01,-4.2654519286197939e-01,-1.4324249367246954e-02,-3.1456072701123529e-02,-2.1369747679920694e-02,1.2629074992489617e-02,-3.0306880678863744e-02,3.0155536351484078e-02,2.5745491905147608e-03,-2.9391905761624638e-02,-4.4293681814212543e-03,5.6717042483293228e-08,1.4202637184439161e-07,6.4031254904917559e-08,1.5522600463061178e-06,2.0512573215361217e-06,1.5487250437880113e-06,3.4102373839655850e-04,4.5065093433810344e-04,3.4024711609230304e-04,9.8238896448931612e-01,9.6522877472258695e-01,9.8172492921892063e-01,-1.5372900778481591e-01,-2.0081776567929074e-01,-1.5326957780771547e-01
4.8773044779419138e+02,1.2227344824694735e-04,7.2794886419851482e-05,7.2937975613841677e-05,7.2794886419851496e-05,1.2172245514602353e-04,7.2676985255005409e-05,7.2937975613841677e-05,7.2676985255005382e-05,1.2203648386094982e-04,2.2436518205036351e-06,9.0535488486820239e-07,7.8159309382634099e-07,9.0535488486820281e-07,2.2448734695954249e-06,9.1611113062348659e-07,7.8159309382634109e-07,9.1611113062348627e-07,2.2441755163472633e-06,0.0000000000000000e+00,0.0000000000000000e+00,0.0000000000000000e+00,0.0000000000000000e+00,0.0000000000000000e+00,0.0000000000000000e+00,0.0000000000000000e+00,0.0000000000000000e+00,0.0000000000000000e+00,7.3057828974835070e-12,-1.3367226169727789e-12,-6.5144771121979503e-13,-1.3367226169727789e-12,7.3872724892608116e-12,-1.4112782531568143e-12,-6.5144771121979523e-13,-1.4112782531568141e-12,7.2745285052488128e-12,2.0025765892297152e-03,-5.0901812127020836e-04,-3.2329051759736905e-04,-5.0901812127020761e-04,2.0707496597028910e-03,-5.2660390356441583e-04,-3.2329051759736959e-04,-5.2660390356441659e-04,2.0034017528284967e-03,8.5784776029857322e-05,-9.4082831175206117e-06,5.5507207159433481e-06,-9.4082831175199951e-06,8.8578737807179573e-05,-1.0772130237452355e-05,5.5507207159439148e-06,-1.0772130237451486e-05,8.5667244354796507e-05,5.6390308332005588e+02,1.7268938109598056e+02,1.3573268686730992e+02,1.7268938109598034e+02,5.6921673155927874e+02,1.7694803858105954e+02,1.3573268686731006e+02,1.7694803858105982e+02,5.6631594398646553e+02,-3.0121009906628117e+01,-1.5427553679015064e+01,-1.5353749244270698e+01,-1.5427553679015221e+01,-3.0366636387296552e+01,-1.5455859339600632e+01,-1.5353749244270992e+01,-1.5455859339600933e+01,-3.0181101015572008e+01,7.0852372371651839e-01,5.8344000592876899e-01,-3.4371695275787723e-01,-3.5746321106494568e-02,5.6951689242109560e-01,8.5554360270806440e-01,-7.0454073154496100e-01,5.7661793258149729e-01,-3.8531360980773305e-01,-4.5051986707984066e-03,-3.1149263105867443e-02,-3.2014133714504053e-03,-1.1482885134237788e-02,-2.8350048682529157e-02,2.7293297854414561e-02,1.3657876344841880e-02,-3.1401062115090091e-02,-2.6116071560147815e-02,7.1610966722480540e-01,6.1754075056862101e-01,-3.8171099257901120e-01,-2.7015753515824390e-02,5.1599659151397692e-01,8.2245415912154873e-01,-6.9790823078410447e-01,5.9497165226655702e-01,-4.2602943330453280e-01,-1.4490274756757092e-02,-3.1645969779856030e-02,-2.1791439732325880e-02,1.3037554473794746e-02,-3.0001394442954504e-02,3.0017782963168448e-02,2.4344849471354085e-03,-2.9477723340147696e-02,-4.2150256184293449e-03,5.7304154046255130e-08,1.5067507728066458e-07,6.4692996693697558e-08,1.6629999238547772e-06,2.1923322444266694e-06,1.6591566056744692e-06,3.4096700982599236e-04,4.4949669522206500e-04,3.4017900936432553e-04,9.8056879797836105e-01,9.6146787970380532e-01,9.7990767629599207e-01,-1.6458865927746769e-01,-2.1422892788982725e-01,-1.6409049465401365e-01
5.2261259056365861e+02,1.2792719110037224e-04,7.7863158934490578e-05,7.8020861172228026e-05,7.7863158934490592e-05,1.2731778328875897e-04,7.7732765349771196e-05,7.8020861172228026e-05,7.7732765349771183e-05,1.2766507257031784e-04,2.2367044770201545e-06,8.9873236846925145e-07,7.7495861562118242e-07,8.9873236846925145e-07,2.2379687917086371e-06,9.0949775652840281e-07,7.7495861562118231e-07,9.0949775652840271e-07,2.2372464718939883e-06,0.0000000000000000e+00,0.0000000000000000e+00,0.0000000000000000e+00,0.0000000000000000e+00,0.0000000000000000e+00,0.0000000000000000e+00,0.0000000000000000e+00,0.0000000000000000e+00,0.0000000000000000e+00,7.3057828974835070e-12,-1.3367226169727789e-12,-6.5144771121979493e-13,-1.3367226169727789e-12,7.3872724892608116e-12,-1.4112782531568143e-12,-6.5144771121979513e-13,-1.4112782531568141e-12,7.2745285052488136e-12,2.0041693496327885e-03,-5.0838777073837710e-04,-3.2240034078727067e-04,-5.0838777073837775e-04,2.0722067695698081e-03,-5.2599895208553656e-04,-3.2240034078727077e-04,-5.2599895208553624e-04,2.0049725983430876e-03,8.2476237062390471e-05,-7.6160061625459760e-06,6.6757833689574406e-06,-7.6160061625455287e-06,8.4772948090682969e-05,-8.9259634341855035e-06,6.6757833689576659e-06,-8.9259634341860032e-06,8.2317059250095259e-05,5.6309211896524016e+02,1.7195301804061884e+02,1.3499379715328953e+02,1.7195301804061910e+02,5.6840488162400050e+02,1.7621168101267369e+02,1.3499379715328953e+02,1.7621168101267352e+02,5.6550452664771387e+02,-2.9389405164538562e+01,-1.5514995262338548e+01,-1.5447868248171446e+01,-1.5514995262338745e+01,-2.9613259073798069e+01,-1.5540446947586089e+01,-1.5447868248171513e+01,-1.5540446947585925e+01,-2.9443622719140272e+01,7.0822581400468643e-01,5.8348792966958540e-01,-3.4429633838859236e-01,-3.5130847794740329e-02,5.6947681298094932e-01,8.5559753053571719e-01,-7.0486325880323586e-01,5.7660958485768399e-01,-3.8466457589589470e-01,-4.4284602384558631e-03,-3.1043590450431792e-02,-2.7159458005095102e-03,-1.1858493796407479e-02,-2.8505025415664645e-02,2.7441337958059482e-02,1.3768484473670118e-02,-3.1355080532654914e-02,-2.6185067762030792e-02,7.1576929053214489e-01,6.1759745451813597e-01,-3.8222895369555021e-01,-2.6325772922776134e-02,5.1595297066097212e-01,8.2251727458485924e-01,-6.9830721718711775e-01,5.9495079773273485e-01,-4.2548919476081443e-01,-1.4640958822370006e-02,-3.1824971187520375e-02,-2.2174230498114834e-02,1.3404344288156773e-02,-2.9715385867116254e-02,2.9884419119591502e-02,2.3156164357966834e-03,-2.9556767380562145e-02,-4.0217102283621273e-03,5.7964367361519852e-08,1.5995575772290331e-07,6.5436796600387323e-08,1.7816364685600027e-06,2.3430864148394466e-06,1.7774609995508401e-06,3.4090959550714926e-04,4.4834098089989265e-04,3.4011063484593382e-04,9.7848261303665784e-01,9.5724036157691894e-01,9.7782515280236038e-01,-1.7619830007978710e-01,-2.2848641550980006e-01,-1.7565841378899102e-01
5.5998947994919718e+02,1.3400030357154331e-04,8.3279279199487789e-05,8.3453045890768564e-05,8.3279279199487789e-05,1.3332635516521391e-04,8.3135084212670863e-05,8.3453045890768564e-05,8.3135084212670863e-05,1.3371038838779447e-04,2.2297297624117128e-06,8.9211981736568529e-07,7.6833370579876477e-07,8.9211981736568508e-07,2.2310382143415146e-06,9.0289466302910827e-07,7.6833370579876487e-07,9.0289466302910827e-07,2.2302906884340258e-06,0.0000000000000000e+00,0.0000000000000000e+00,0.0000000000000000e+00,0.0000000000000000e+00,0.0000000000000000e+00,0.0000000000000000e+00,0.0000000000000000e+00,0.0000000000000000e+00,0.0000000000000000e+00,7.3057828974835070e-12,-1.3367226169727787e-12,-6.5144771121979503e-13,-1.3367226169727787e-12,7.3872724892608099e-12,-1.4112782531568143e-12,-6.5144771121979523e-13,-1.4112782531568141e-12,7.2745285052488128e-12,2.0057449686577311e-03,-5.0773852621481823e-04,-3.2150007727646497e-04,-5.0773852621481910e-04,2.0736385805917856e-03,-5.2537449344193196e-04,-3.2150007727646518e-04,-5.2537449344193141e-04,2.0065254401062751e-03,7.9427262653428436e-05,-5.9499849262522730e-06,7.7255789009553840e-06,-5.9499849262523256e-06,8.1260145801962739e-05,-7.2104613913108247e-06,7.7255789009553010e-06,-7.2104613913108781e-06,7.9228632629736690e-05,5.6227882073659623e+02,1.7121596752814978e+02,1.3425446676234571e+02,1.7121596752815009e+02,5.6759094724937233e+02,1.7547464463946937e+02,1.3425446676234583e+02,1.7547464463946920e+02,5.6469084786353460e+02,-2.8713406886196378e+01,-1.5595768866759766e+01,-1.5534895384061146e+01,-1.5595768866759775e+01,-2.8916639750608375e+01,-1.5618477215133201e+01,-1.5534895384061123e+01,-1.5618477215133163e+01,-2.8761979553492001e+01,7.0791800613651257e-01,5.8353622544407280e-01,-3.4489425172337884e-01,-3.4492712669516597e-02,5.6943679765695665e-01,8.5565311732820226e-01,-7.0519679718070882e-01,5.7660069388359481e-01,-3.8399477430251056e-01,-4.3665587040782250e-03,-3.0944288439882357e-02,-2.2835222770527415e-03,-1.2189774216315829e-02,-2.8649733901134216e-02,2.7579633639828235e-02,1.3862509733526190e-02,-3.1312787195877753e-02,-2.6227096243535478e-02,7.1541543667159657e-01,6.1765604108395056e-01,-3.8276635319288033e-01,-2.5612076278860221e-02,5.1590769144207282e-01,8.2257951675548879e-01,-6.9871715171501603e-01,5.9492996283011879e-01,-4.2492822702441985e-01,-1.4773281585467292e-02,-3.1993659697761669e-02,-2.2514021976027112e-02,1.3723785164358683e-02,-2.9447831239693377e-02,2.9755140071733098e-02,2.2206975065430694e-03,-2.9629381538784503e-02,-3.8544680562307256e-03,5.8705156241888746e-08,1.6991425793303750e-07,6.6271069421839610e-08,1.9087281024284794e-06,2.5041805915911507e-06,1.9041940368689068e-06,3.4085070716000613e-04,4.4718350634342859e-04,3.4004103738549825e-04,9.7609200726838208e-01,9.5248652585952698e-01,9.7543913384978231e-01,-1.8860545867494843e-01,-2.4363394263404689e-01,-1.8802056423385582e-01
6.0003953849553227e+02,1.4052286399205685e-04,8.9066590031069187e-05,8.9258010734537315e-05,8.9066590031069173e-05,1.3977761641397111e-04,8.8907149631815152e-05,8.9258010734537328e-05,8.8907149631815125e-05,1.4020223605339753e-04,2.2227248018740706e-06,8.8551757562162832e-07,7.6171869683413274e-07,8.8551757562162832e-07,2.2240789115669669e-06,8.9630220465549238e-07,7.6171869683413285e-07,8.9630220465549238e-07,2.2233053122519789e-06,0.0000000000000000e+00,0.0000000000000000e+00,0.0000000000000000e+00,0.0000000000000000e+00,0.0000000000000000e+00,0.0000000000000000e+00,0.0000000000000000e+00,0.0000000000000000e+00,0.0000000000000000e+00,7.3057828974835070e-12,-1.3367226169727789e-12,-6.5144771121979503e-13,-1.3367226169727789e-12,7.3872724892608116e-12,-1.4112782531568143e-12,-6.5144771121979513e-13,-1.4112782531568141e-12,7.2745285052488128e-12,2.0073113856592262e-03,-5.0707458702690304e-04,-3.2059171250238940e-04,-5.0707458702690326e-04,2.0750545263760098e-03,-5.2473491288946086e-04,-3.2059171250238967e-04,-5.2473491288946097e-04,2.0080683239537558e-03,7.6620891380648230e-05,-4.4018444198938165e-06,8.7053117866842295e-06,-4.4018444198944365e-06,7.8021122212954916e-05,-5.6169821370324266e-06,8.7053117866851663e-06,-5.6169821370326562e-06,7.6384835663484963e-05,5.6146237522607782e+02,1.7047837675469674e+02,1.3351481200604030e+02,1.7047837675469680e+02,5.6677408445089281e+02,1.7473707909782371e+02,1.3351481200604042e+02,1.7473707909782374e+02,5.6387409158510047e+02,-2.8089187609652868e+01,-1.5670281218368137e+01,-1.5615276653779707e+01,-1.5670281218368048e+01,-2.8272851797300476e+01,-1.5690345256677553e+01,-1.5615276653779933e+01,-1.5690345256677587e+01,-2.8132321194720117e+01,7.0760272839414173e-01,5.8358487277135496e-01,-3.4550514425537282e-01,-3.3837851142252566e-02,5.6939688765153174e-01,8.5571009538833087e-01,-7.0553872639446213e-01,5.7659125297957703e-01,-3.8331006089021774e-01,-4.3215066304991955e-03,-3.0851012030608777e-02,-1.9076709790833094e-03,-1.2472017192031450e-02,-2.8784721719022029e-02,2.7709036513420011e-02,1.3937629803016716e-02,-3.1273989909793687e-02,-2.6237287413885660e-02,7.1505081539429127e-01,6.1771638717940669e-01,-3.8331811603087829e-01,-2.4881195444228496e-02,5.1586090837983056e-01,8.2264018426312868e-01,-6.9913432668831976e-01,5.9490907125219050e-01,-4.2435108138063571e-01,-1.4884443917261177e-02,-3.2152591817894531e-02,-2.2807219447468430e-02,1.3990866608249032e-02,-2.9197753009466296e-02,2.9629781856435972e-02,2.1520570389231652e-03,-2.9695894090644635e-02,-3.7179246695533278e-03,5.9534226734233644e-08,1.8059946733247133e-07,6.7204482594212021e-08,2.0448723753117017e-06,2.6763203189117072e-06,2.0399503700449352e-06,3.4078960537146794e-04,4.4602399462242011e-04,3.3996932521474573e-04,9.7335317088986517e-01,9.4713912873127848e-01,9.7270603184385973e-01,-2.0185976653496315e-01,-2.5971545424440617e-01,-2.0122625226679791e-01
6.4295394940382641e+02,1.4752656760864562e-04,9.5249945091644114e-05,9.5460759777768272e-05,9.5249945091644182e-05,1.4670256564550414e-04,9.5073666620548126e-05,9.5460759777768285e-05,9.5073666620548085e-05,1.4717200947558825e-04,2.2156867812975364e-06,8.7892599875989574e-07,7.5511393248304490e-07,8.7892599875989648e-07,2.2170881195864781e-06,8.8972074770227662e-07,7.5511393248304522e-07,8.8972074770227662e-07,2.2162875509552306e-06,0.0000000000000000e+00,0.0000000000000000e+00,0.0000000000000000e+00,0.0000000000000000e+00,0.0000000000000000e+00,0.0000000000000000e+00,0.0000000000000000e+00,0.0000000000000000e+00,0.0000000000000000e+00,7.3057828974835070e-12,-1.3367226169727789e-12,-6.5144771121979503e-13,-1.3367226169727789e-12,7.3872724892608116e-12,-1.4112782531568143e-12,-6.5144771121979513e-13,-1.4112782531568141e-12,7.2745285052488120e-12,2.0088758134549330e-03,-5.0639971310988878e-04,-3.1967700939915472e-04,-5.0639971310988921e-04,2.0764631392148057e-03,-5.2408413864361717e-04,-3.1967700939915554e-04,-5.2408413864361728e-04,2.0096085549869314e-03,7.4040723902653359e-05,-2.9634915951053296e-06,9.6199759475823524e-06,-2.9634915951047138e-06,7.5037288121729430e-05,-4.1371721257628154e-06,9.6199759475822033e-06,-4.1371721257638903e-06,7.3769105308978204e-05,5.6064202054334783e+02,1.6974037668249298e+02,1.3277493619653930e+02,1.6974037668249318e+02,5.6595350596236108e+02,1.7399911769445634e+02,1.3277493619653958e+02,1.7399911769445640e+02,5.6305349399534236e+02,-2.7513070890927313e+01,-1.5738917034587296e+01,-1.5689433033757018e+01,-1.5738917034587526e+01,-2.7678123478889308e+01,-1.5756424733300967e+01,-1.5689433033756968e+01,-1.5756424733300626e+01,-2.7550949195857115e+01,7.0728271813373511e-01,5.8363383657548440e-01,-3.4612283413667205e-01,-3.3172952595538922e-02,5.6935714696503181e-01,8.5576814619443597e-01,-7.0588608775897899e-01,5.7658124613884898e-01,-3.8261698440355507e-01,-4.2949867455988160e-03,-3.0763427371119933e-02,-1.5911750176366528e-03,-1.2701312580016272e-02,-2.8910518755834995e-02,2.7830349973122472e-02,1.3991879836978627e-02,-3.1238502631250421e-02,-2.6211575238867708e-02,7.1467857072075935e-01,6.1777835160176131e-01,-3.8387856334749271e-01,-2.4140462750453773e-02,5.1581281640031174e-01,8.2269860055976052e-01,-6.9955468034990897e-01,5.9488803545273472e-01,-4.2376299450622862e-01,-1.4971987545527695e-02,-3.2302303502787587e-02,-2.3050917547141954e-02,1.4201462680601868e-02,-2.8964209984321466e-02,2.9508312452982431e-02,2.1114907670401169e-03,-2.9756621196665247e-02,-3.6160987881999561e-03,6.0459384393517216e-08,1.9206344643721511e-07,6.8245805242559698e-08,2.1907087160957129e-06,2.8602589567251006e-06,2.1853662167972229e-06,3.4072560221879480e-04,4.4486218015726500e-04,3.3989467190046586e-04,9.7021615612480760e-01,9.4112248763090600e-01,9.6957617569201204e-01,-2.1601283869628626e-01,-2.7677461014108290e-01,-2.1532674222510967e-01
6.8893756916496375e+02,1.5504467500524895e-04,1.0185580090525589e-04,1.0208791317532557e-04,1.0185580090525587e-04,1.5413369660309274e-04,1.0166092810319237e-04,1.0208791317532560e-04,1.0166092810319240e-04,1.5465263742270034e-04,2.2086130482958765e-06,8.7234545410099187e-07,7.4851976813583924e-07,8.7234545410099176e-07,2.2100632377821415e-06,8.8315067057280567e-07,7.4851976813583924e-07,8.8315067057280588e-07,2.2092347745140174e-06,0.0000000000000000e+00,0.0000000000000000e+00,0.0000000000000000e+00,0.0000000000000000e+00,0.0000000000000000e+00,0.0000000000000000e+00,0.0000000000000000e+00,0.0000000000000000e+00,0.0000000000000000e+00,7.3057828974835070e-12,-1.3367226169727787e-12,-6.5144771121979503e-13,-1.3367226169727787e-12,7.3872724892608099e-12,-1.4112782531568141e-12,-6.5144771121979513e-13,-1.4112782531568141e-12,7.2745285052488120e-12,2.0104447652292586e-03,-5.0571724809332034e-04,-3.1875751777818168e-04,-5.0571724809332045e-04,2.0778720894770795e-03,-5.2342566608394830e-04,-3.1875751777818223e-04,-5.2342566608394884e-04,2.0111527254846615e-03,7.1670849308085377e-05,-1.6270862008739353e-06,1.0474375931153713e-05,-1.6270862008737358e-06,7.2290597223233569e-05,-2.7629363634105714e-06,1.0474375931152385e-05,-2.7629363634099069e-06,7.1365370576597991e-05,5.5981705397059500e+02,1.6900208290839092e+02,1.3203493000848189e+02,1.6900208290839103e+02,5.6512848859636449e+02,1.7326087833071230e+02,1.3203493000848215e+02,1.7326087833071250e+02,5.6222835116627118e+02,-2.6981510225838768e+01,-1.5802040632980127e+01,-1.5757762427699666e+01,-1.5802040632980061e+01,-2.7128816582628335e+01,-1.5817069395886257e+01,-1.5757762427699355e+01,-1.5817069395886360e+01,-2.7014295818654670e+01,7.0696093071156674e-01,5.8368306965922467e-01,-3.4674071325196376e-01,-3.2505239254315699e-02,5.6931765844371607e-01,8.5582691127526733e-01,-7.0623568191172070e-01,5.7657064961113103e-01,-3.8192256773978805e-01,-4.2882788769799691e-03,-3.0681208577229679e-02,-1.3358996998350248e-03,-1.2874739667838234e-02,-2.9027642251298957e-02,2.7944325623769497e-02,1.4023737230157457e-02,-3.1206143784813213e-02,-2.6146854476737869e-02,7.1430218643531906e-01,6.1784177810362428e-01,-3.8444160333728211e-01,-2.3397766805360751e-02,5.1576364437887567e-01,8.2275414818504022e-01,-6.9997394258112799e-01,5.9486675865134120e-01,-4.2316972048221813e-01,-1.5033906056587451e-02,-3.2443315856115290e-02,-2.3243057655786475e-02,1.4352533052897609e-02,-2.8746287526138552e-02,2.9390813398238735e-02,2.1001781124372772e-03,-2.9811870131960766e-02,-3.5522355118345278e-03,6.1488365153231623e-08,2.0436154529624327e-07,6.9403715795931902e-08,2.3469214064208905e-06,3.0568009295893545e-06,2.3411223083850518e-06,3.4065806706774733e-04,4.4369781332935466e-04,3.3981632199600343e-04,9.6662405419262443e-01,9.3435150740882511e-01,9.6599299927518578e-01,-2.3111809143525849e-01,-2.9485413319224013e-01,-2.3037507570171215e-01
7.3820990546372707e+02,1.6311193533605732e-04,1.0891231388260168e-04,1.0916780519778390e-04,1.0891231388260168e-04,1.6210491455036420e-04,1.0869691048690294e-04,1.0916780519778388e-04,1.0869691048690293e-04,1.6267850376853175e-04,2.2015012328743068e-06,8.6577632110783239e-07,7.4193657117931702e-07,8.6577632110783249e-07,2.2030019494061054e-06,8.7659236412818853e-07,7.4193657117931692e-07,8.7659236412818821e-07,2.2021446359399587e-06,0.0000000000000000e+00,0.0000000000000000e+00,0.0000000000000000e+00,0.0000000000000000e+00,0.0000000000000000e+00,0.0000000000000000e+00,0.0000000000000000e+00,0.0000000000000000e+00,0.0000000000000000e+00,7.3057828974835086e-12,-1.3367226169727789e-12,-6.5144771121979503e-13,-1.3367226169727789e-12,7.3872724892608116e-12,-1.4112782531568145e-12,-6.5144771121979533e-13,-1.4112782531568141e-12,7.2745285052488136e-12,2.0120240575664016e-03,-5.0503013029272817e-04,-3.1783457728893873e-04,-5.0503013029272947e-04,2.0792881972776589e-03,-5.2276256938991984e-04,-3.1783457728893873e-04,-5.2276256938991886e-04,2.0127067186591556e-03,6.9495779950220048e-05,-3.8501516367169063e-07,1.1273144925854253e-05,-3.8501516367178783e-07,6.9763478069957349e-05,-1.4864120935268134e-06,1.1273144925854180e-05,-1.4864120935266777e-06,6.9157987278004333e-05,5.5898684309342957e+02,1.6826359611948757e+02,1.3129487146862670e+02,1.6826359611948797e+02,5.6429838419855503e+02,1.7252246401699978e+02,1.3129487146862672e+02,1.7252246401699935e+02,5.6139803021324235e+02,-2.6491070928578530e+01,-1.5859997242277190e+01,-1.5820641251189892e+01,-1.5859997242277188e+01,-2.6621408057264006e+01,-1.5872614342543713e+01,-1.5820641251189876e+01,-1.5872614342543713e+01,-2.6518905837043402e+01,7.0664042897379353e-01,5.8373251558820505e-01,-3.4735199488426577e-01,-3.1842197671542408e-02,5.6927851918784900e-01,8.5588600510345969e-01,-7.0658418750054397e-01,5.7655943367703322e-01,-3.8123404632632218e-01,-4.3022061353465875e-03,-3.0604034650178746e-02,-1.1426656256447992e-03,-1.2990510017719305e-02,-2.9136601602289015e-02,2.8051660980439500e-02,1.4032185618242429e-02,-3.1176734668249658e-02,-2.6041091972639711e-02,7.1392536288102204e-01,6.1790649920697605e-01,-3.8500096020405694e-01,-2.2661257703144096e-02,5.1571364753186244e-01,8.2280629974820685e-01,-7.0038780154779734e-01,5.9484513723767063e-01,-4.2257731962969330e-01,-1.5068737258496168e-02,-3.2576140647726029e-02,-2.3382542731599305e-02,1.4442271350023919e-02,-2.8543088050877494e-02,2.9277452823978152e-02,2.1186318971214164e-03,-2.9861942379036190e-02,-3.5286737760080646e-03,6.2628630006281470e-08,2.1755251394376564e-07,7.0686568367078838e-08,2.5142428030540262e-06,3.2668052146111731e-06,2.5079470893053670e-06,3.4058643543595301e-04,4.4253066647202986e-04,3.3973360025966196e-04,9.6251206926931243e-01,9.2673061997474870e-01,9.6189212863020457e-01,-2.4723048134049216e-01,-3.1399499428037103e-01,-2.4642581391160714e-01
7.9100616502201240e+02,1.7176448789604320e-04,1.1644944256722917e-04,1.1673058754131809e-04,1.1644944256722921e-04,1.7065143036151863e-04,1.1621137432067983e-04,1.1673058754131806e-04,1.1621137432067976e-04,1.7128534579615863e-04,2.1943493857682599e-06,8.5921899173581035e-07,7.3536472136647655e-07,8.5921899173581067e-07,2.1959023599388795e-06,8.7004623204134074e-07,7.3536472136647655e-07,8.7004623204134042e-07,2.1950152096346544e-06,0.0000000000000000e+00,0.0000000000000000e+00,0.0000000000000000e+00,0.0000000000000000e+00,0.0000000000000000e+00,0.0000000000000000e+00,0.0000000000000000e+00,0.0000000000000000e+00,0.0000000000000000e+00,7.3057828974835070e-12,-1.3367226169727787e-12,-6.5144771121979503e-13,-1.3367226169727787e-12,7.3872724892608099e-12,-1.4112782531568143e-12,-6.5144771121979513e-13,-1.4112782531568141e-12,7.2745285052488128e-12,2.0136187916549981e-03,-5.0434089285536434e-04,-3.1690931478285206e-04,-5.0434089285536423e-04,2.0807174188674591e-03,-5.2209750189249979e-04,-3.1690931478285179e-04,-5.2209750189250012e-04,2.0142756903307559e-03,6.7500400000396223e-05,7.7012691424908608e-07,1.2020758299534378e-05,7.7012691424917947e-07,6.7438780710367394e-05,-2.9994874583763028e-07,1.2020758299535521e-05,-2.9994874583895531e-07,6.7131686555589620e-05,5.5815084010410669e+02,1.6752500221650266e+02,1.3055482565415846e+02,1.6752500221650254e+02,5.6346263387427962e+02,1.7178396305717501e+02,1.3055482565415835e+02,1.7178396305717504e+02,5.6056198363955048e+02,-2.6038415892434678e+01,-1.5913113939590657e+01,-1.5878425575318520e+01,-1.5913113939590819e+01,-2.6152475603567179e+01,-1.5923376915681898e+01,-1.5878425575318767e+01,-1.5923376915681601e+01,-2.6061422242591426e+01,7.0632426113394275e-01,5.8378211204805130e-01,-3.4794998359432067e-01,-3.1191282136117434e-02,5.6923983522711286e-01,8.5594502954622043e-01,-7.0692829240722899e-01,5.7654756464393397e-01,-3.8055858191679592e-01,-4.3371051748501508e-03,-3.0531586689622497e-02,-1.0111786630980189e-03,-1.3048050247724565e-02,-2.9237902683648866e-02,2.8152998830352709e-02,1.4016752474429408e-02,-3.1150098031158497e-02,-2.5893381700327817e-02,7.1355187311912471e-01,6.1797234087938835e-01,-3.8555042404255868e-01,-2.1939022905044542e-02,5.1566309843626756e-01,8.2285464277500853e-01,-7.0079207857421588e-01,5.9482306363557691e-01,-4.2199191852884793e-01,-1.5075628568952216e-02,-3.2701285413243596e-02,-2.3469299623271978e-02,1.4470187529806987e-02,-2.8353722248707001e-02,2.9168452178743021e-02,2.1666854391670467e-03,-2.9907136447465198e-02,-3.5467598476393004e-03,6.3887127140375983e-08,2.3169860652226237e-07,7.2102121966753863e-08,2.6934568375886792e-06,3.4911890906061035e-06,2.6866201987615881e-06,3.4051022061423817e-04,4.4136054116707791e-04,3.3964592408541135e-04,9.5780647789229290e-01,9.1815263751744614e-01,9.5720035629848732e-01,-2.6440614631332937e-01,-3.3423540119801071e-01,-2.6353468432167809e-01
8.4757837638304966e+02,1.8103974937044804e-04,1.2449905531699334e-04,1.2480833812530533e-04,1.2449905531699331e-04,1.7980963960147219e-04,1.2423597024429440e-04,1.2480833812530533e-04,1.2423597024429443e-04,1.8051013787726279e-04,2.1871561301439997e-06,8.5267387078777927e-07,7.2880461119388712e-07,8.5267387078777916e-07,2.1887631488072629e-06,8.6351269115544966e-07,7.2880461119388723e-07,8.6351269115544976e-07,2.1878451430992981e-06,0.0000000000000000e+00,0.0000000000000000e+00,0.0000000000000000e+00,0.0000000000000000e+00,0.0000000000000000e+00,0.0000000000000000e+00,0.0000000000000000e+00,0.0000000000000000e+00,0.0000000000000000e+00,7.3057828974835070e-12,-1.3367226169727789e-12,-6.5144771121979493e-13,-1.3367226169727789e-12,7.3872724892608099e-12,-1.4112782531568141e-12,-6.5144771121979523e-13,-1.4112782531568139e-12,7.2745285052488128e-12,2.0152333160402269e-03,-5.0365165493069196e-04,-3.1598263725161733e-04,-5.0365165493069207e-04,2.0821648116909593e-03,-5.2143268707067743e-04,-3.1598263725161809e-04,-5.2143268707067667e-04,2.0158640319421772e-03,6.5669933105317525e-05,1.8455485628852993e-06,1.2721541373292455e-05,1.8455485628860459e-06,6.5299744202876474e-05,8.0390317023779095e-07,1.2721541373291864e-05,8.0390317023721253e-07,6.5271542637398210e-05,5.5730859866961100e+02,1.6678637220770293e+02,1.2981484420494144e+02,1.6678637220770301e+02,5.6262078485696679e+02,1.7104544900409812e+02,1.2981484420494161e+02,1.7104544900409797e+02,5.5971976625959985e+02,-2.5620296211706361e+01,-1.5961700146262713e+01,-1.5931451764735572e+01,-1.5961700146262924e+01,-2.5718688216830611e+01,-1.5969657172655879e+01,-1.5931451764735423e+01,-1.5969657172655625e+01,-2.5638576835832804e+01,7.0601533660923643e-01,5.8383179469440771e-01,-3.4852834540720584e-01,-3.0559613541529047e-02,5.6920171543855635e-01,8.5600358924486364e-01,-7.0726482722266593e-01,5.7653500706998162e-01,-3.7990297387668143e-01,-4.3928228585322585e-03,-3.0463545585885803e-02,-9.4002211922835158e-04,-1.3048018331600689e-02,-2.9332051396342599e-02,2.8248928403625369e-02,1.3977517354054090e-02,-3.1126056925777586e-02,-2.5703939187245159e-02,7.1318540948580977e-01,6.1803912812863837e-01,-3.8608410127879633e-01,-2.1238759561549320e-02,5.1561227657266240e-01,8.2289889633138391e-01,-7.0118289709887494e-01,5.9480042964988666e-01,-4.2141945974409151e-01,-1.5054369645007729e-02,-3.2819257842130772e-02,-2.3504284340529827e-02,1.4437117835872848e-02,-2.8177301540091747e-02,2.9064049917930136e-02,2.2435174244137845e-03,-2.9947750252963486e-02,-3.6068140600427163e-03,6.5270029616579251e-08,2.4686568293559061e-07,7.3657241641088728e-08,2.8854028238300903e-06,3.7309321723819470e-06,2.8779762659847054e-06,3.4042902747746345e-04,4.4018727663904103e-04,3.3955281849758391e-04,9.5242346153734081e-01,9.0849752248511451e-01,9.5183449044121737e-01,-2.8270192426453972e-01,-3.5560955273746475e-01,-2.8175810794750983e-01
9.0819659299638431e+02,1.9097629857519808e-04,1.3309504363657977e-04,1.3343517559132989e-04,1.3309504363657979e-04,1.8961699834968695e-04,1.3280435043079727e-04,1.3343517559132989e-04,1.3280435043079721e-04,1.9039097231295321e-04,2.1799208195999813e-06,8.4614137627344976e-07,7.2225664628642834e-07,8.4614137627344976e-07,2.1815837274005457e-06,8.5699217184628670e-07,7.2225664628642834e-07,8.5699217184628670e-07,2.1806338149440898e-06,0.0000000000000000e+00,0.0000000000000000e+00,0.0000000000000000e+00,0.0000000000000000e+00,0.0000000000000000e+00,0.0000000000000000e+00,0.0000000000000000e+00,0.0000000000000000e+00,0.0000000000000000e+00,7.3057828974835070e-12,-1.3367226169727787e-12,-6.5144771121979493e-13,-1.3367226169727787e-12,7.3872724892608099e-12,-1.4112782531568141e-12,-6.5144771121979513e-13,-1.4112782531568139e-12,7.2745285052488120e-12,2.0168711759432916e-03,-5.0296410648429139e-04,-3.1505522192298651e-04,-5.0296410648429128e-04,2.0836344839005815e-03,-5.2076990289822377e-04,-3.1505522192298651e-04,-5.2076990289822420e-04,2.0174753199910327e-03,6.3989934260781300e-05,2.8482612032005074e-06,1.3379670289860136e-05,2.8482612032004515e-06,6.3329990839617687e-05,1.8323917701969271e-06,1.3379670289859927e-05,1.8323917701963889e-06,6.3562964981593221e-05,5.5645979239116969e+02,1.6604776200017886e+02,1.2907496478118895e+02,1.6604776200017881e+02,5.6177250901530806e+02,1.7030698051072557e+02,1.2907496478118898e+02,1.7030698051072571e+02,5.5887105372117469e+02,-2.5233547597111446e+01,-1.6006047632334958e+01,-1.5980036563829998e+01,-1.6006047632334951e+01,-2.5316802631521508e+01,-1.6011737881218757e+01,-1.5980036563829895e+01,-1.6011737881218600e+01,-2.5247186640014501e+01,7.0571630992786638e-01,5.8388150145646145e-01,-3.4908135568667109e-01,-2.9953698496091655e-02,5.6916426477629056e-01,8.5606130719048468e-01,-7.0759089013406518e-01,5.7652172619014541e-01,-3.7927339101187618e-01,-4.4687388147838132e-03,-3.0399590398541752e-02,-9.2670996478420517e-04,-1.2992254022244923e-02,-2.9419556119983585e-02,2.8339988208758098e-02,1.3915090955809417e-02,-3.1104433938784724e-02,-2.5474037579373950e-02,7.1282943319954095e-01,6.1810669147964481e-01,-3.8659664471651251e-01,-2.0567470260586362e-02,5.1556145644934359e-01,8.2293891841886824e-01,-7.0155683198350505e-01,5.9477713026456802e-01,-4.2086546163263139e-01,-1.5005389907970422e-02,-3.2930569113555630e-02,-2.3489431796102734e-02,1.4345163583446601e-02,-2.8012932361685807e-02,2.8964465967427130e-02,2.3477108162125288e-03,-2.9984082865418930e-02,-3.7081523051873343e-03,6.6782461925167555e-08,2.6312331457159111e-07,7.5357586547009456e-08,3.0909796034988579e-06,3.9870807550090921e-06,3.0829090516615980e-06,3.4034256760432085e-04,4.3901075887706675e-04,3.3945393270968502e-04,9.4626779972088226e-01,8.9763108195388286e-01,9.4570006580687127e-01,-3.0217471927579442e-01,-3.7814611222894801e-01,-3.0115257777377630e-01
9.7315018234664660e+02,2.0161377520477514e-04,1.4227344137774528e-04,1.4264737971701389e-04,1.4227344137774525e-04,2.0011191222182561e-04,1.4195228572626815e-04,1.4264737971701389e-04,1.4195228572626818e-04,2.0096695382469554e-04,2.1726436924956242e-06,8.3962193977263660e-07,7.1572124578907437e-07,8.3962193977263660e-07,2.1743643934112343e-06,8.5048511838771765e-07,7.1572124578907437e-07,8.5048511838771775e-07,2.1733814892239736e-06,0.0000000000000000e+00,0.0000000000000000e+00,0.0000000000000000e+00,0.0000000000000000e+00,0.0000000000000000e+00,0.0000000000000000e+00,0.0000000000000000e+00,0.0000000000000000e+00,0.0000000000000000e+00,7.3057828974835070e-12,-1.3367226169727787e-12,-6.5144771121979493e-13,-1.3367226169727787e-12,7.3872724892608116e-12,-1.4112782531568141e-12,-6.5144771121979513e-13,-1.4112782531568139e-12,7.2745285052488120e-12,2.0185350559870086e-03,-5.0227949017947373e-04,-3.1412750552885530e-04,-5.0227949017947438e-04,2.0851295361455913e-03,-5.2011046308314210e-04,-3.1412750552885585e-04,-5.2011046308314231e-04,2.0191122587926019e-03,6.2446310129396669e-05,3.7850660044009023e-06,1.3999165149776615e-05,3.7850660044014618e-06,6.1513551866883848e-05,2.7925501595014425e-06,1.3999165149775600e-05,2.7925501595016471e-06,6.1991719076493658e-05,5.5560423348533914e+02,1.6530921223764057e+02,1.2833521062210582e+02,1.6530921223764079e+02,5.6091762159371774e+02,1.6956860122267935e+02,1.2833521062210605e+02,1.6956860122267935e+02,5.5801566124922078e+02,-2.4875093331807964e+01,-1.6046430008246023e+01,-1.6024476615219058e+01,-1.6046430008246119e+01,-2.4943666426721769e+01,-1.6049884019048665e+01,-1.6024476615218834e+01,-1.6049884019048630e+01,-2.4884156887360959e+01,7.0542948203020617e-01,5.8393117718023824e-01,-3.4960410438101563e-01,-2.9379191412453314e-02,5.6912757699882244e-01,8.5611783972452904e-01,-7.0790395326002753e-01,5.7650769047838857e-01,-3.7867514498542909e-01,-4.5638107029722878e-03,-3.0339397633245713e-02,-9.6779392904785579e-04,-1.2883670672337175e-02,-2.9500928741821641e-02,2.8426670106544628e-02,1.3830568146107482e-02,-3.1085050912720721e-02,-2.5205893699343836e-02,7.1248703959838899e-01,6.1817487417837880e-01,-3.8708344446084725e-01,-1.9931206819402917e-02,5.1551089457471599e-01,8.2297470430860131e-01,-7.0191102765865265e-01,5.9475306779267489e-01,-4.2033480776174970e-01,-1.4929722328727656e-02,-3.3035735819101027e-02,-2.3427557080686945e-02,1.4197567307488682e-02,-2.7859712907225720e-02,2.8869870673337010e-02,2.4773386672285497e-03,-3.0016435428464626e-02,-3.8491580708743035e-03,6.8428234320531863e-08,2.8054490357856421e-07,7.7207306275886462e-08,3.3111500592459881e-06,4.2607524930235368e-06,3.3023759657213505e-06,3.4025067449111574e-04,4.3783092993408194e-04,3.3934905686993012e-04,9.3923141128215726e-01,8.8540360024677212e-01,9.3868990377886641e-01,-3.2288067750528543e-01,-4.0186634674163824e-01,-3.2177385128764141e-01
1.0427492072799282e+03,2.1299281336897784e-04,1.5207255002380428e-04,1.5248351795665703e-04,1.5207255002380420e-04,2.1133365930392197e-04,1.5171778868947346e-04,1.5248351795665697e-04,1.5171778868947343e-04,2.1227812844686037e-04,2.1653260099648883e-06,8.3311600680169694e-07,7.0919884276531963e-07,8.3311600680169662e-07,2.1671064688573953e-06,8.4399198931968722e-07,7.0919884276531963e-07,8.4399198931968732e-07,2.1660894534579349e-06,0.0000000000000000e+00,0.0000000000000000e+00,0.0000000000000000e+00,0.0000000000000000e+00,0.0000000000000000e+00,0.0000000000000000e+00,0.0000000000000000e+00,0.0000000000000000e+00,0.0000000000000000e+00,7.3057828974835086e-12,-1.3367226169727789e-12,-6.5144771121979503e-13,-1.3367226169727789e-12,7.3872724892608116e-12,-1.4112782531568143e-12,-6.5144771121979523e-13,-1.4112782531568141e-12,7.2745285052488136e-12,2.0202267249228886e-03,-5.0159858450062966e-04,-3.1319967514390162e-04,-5.0159858450062945e-04,2.0866520054005863e-03,-5.1945519952266612e-04,-3.1319967514390211e-04,-5.1945519952266677e-04,2.0207766252542713e-03,6.1025370381077912e-05,4.6625268375568620e-06,1.4583875098998029e-05,4.6625268375568925e-06,5.9834927590086078e-05,3.6911683996779912e-06,1.4583875098998225e-05,3.6911683996773322e-06,6.0543978494207067e-05,5.5474188994303381e+02,1.6457074834967440e+02,1.2759559037772037e+02,1.6457074834967435e+02,5.6005609840158183e+02,1.6883033987326033e+02,1.2759559037772055e+02,1.6883033987326061e+02,5.5715356085817484e+02,-2.4541954162561428e+01,-1.6083101722779045e+01,-1.6065047437932808e+01,-1.6083101722779087e+01,-2.4596228189039699e+01,-1.6084341796084011e+01,-1.6065047437932837e+01,-1.6084341796083859e+01,-2.4546490973307282e+01,7.0515672629875892e-01,5.8398077841386553e-01,-3.5009264329742490e-01,-2.8840717322346710e-02,5.6909172721111023e-01,8.5617289021041554e-01,-7.0820194262416547e-01,5.7649287423588624e-01,-3.7811252169353043e-01,-4.6766369516303991e-03,-3.0282641607682036e-02,-1.0590126356228545e-03,-1.2726100956740425e-02,-2.9576683970561329e-02,2.8509423976354312e-02,1.3725460450184326e-02,-3.1067729251174521e-02,-2.4902517003312846e-02,7.1216084979010719e-01,6.1824353982786084e-01,-3.8754076563768675e-01,-1.9334881159842950e-02,5.1546081578758063e-01,8.2300637700129020e-01,-7.0224327720535984e-01,5.9472815620043029e-01,-4.1983158203467102e-01,-1.4828938189552618e-02,-3.3135280132138366e-02,-2.3322219498760344e-02,1.3998540413279532e-02,-2.7716732908359590e-02,2.8780361269601987e-02,2.6300675787163641e-03,-3.0045111070066320e-02,-4.0273959898211266e-03,7.0209608949094752e-08,2.9920782802025473e-07,7.9208772523329987e-08,3.5469460200384247e-06,4.5531414384636932e-06,3.5374029871222854e-06,3.4015331733416886e-04,4.3664779667786340e-04,3.3923813726502910e-04,9.3119173291063861e-01,8.7164843229920752e-01,9.3068250997480695e-01,-3.4487412589848199e-01,-4.2678186907370236e-01,-3.4367591088151883e-01
1.1173259061216543e+03,2.2515503363135361e-04,1.6253307027366324e-04,1.6298457831789352e-04,1.6253307027366324e-04,2.2332237064054907e-04,1.6214124273194712e-04,1.6298457831789352e-04,1.6214124273194712e-04,2.2436547050164407e-04,2.1579701630824517e-06,8.2662403718243216e-07,7.0268988460178155e-07,8.2662403718243206e-07,2.1598124072540136e-06,8.3751325781785292e-07,7.0268988460178155e-07,8.3751325781785324e-07,2.1587601257995196e-06,0.0000000000000000e+00,0.0000000000000000e+00,0.0000000000000000e+00,0.0000000000000000e+00,0.0000000000000000e+00,0.0000000000000000e+00,0.0000000000000000e+00,0.0000000000000000e+00,0.0000000000000000e+00,7.3057828974835086e-12,-1.3367226169727789e-12,-6.5144771121979503e-13,-1.3367226169727789e-12,7.3872724892608116e-12,-1.4112782531568143e-12,-6.5144771121979523e-13,-1.4112782531568141e-12,7.2745285052488128e-12,2.0219469923185539e-03,-5.0092169283127107e-04,-3.1227166323826165e-04,-5.0092169283127074e-04,2.0882028220928772e-03,-5.1880445086048489e-04,-3.1227166323826209e-04,-5.1880445086048533e-04,2.0224692257143012e-03,5.9713910162209749e-05,5.4869295372304826e-06,1.5137455759940185e-05,5.4869295372308875e-06,5.8279181935885549e-05,4.5347512722635912e-06,1.5137455759938754e-05,4.5347512722642104e-06,5.9206408297497912e-05,5.5387289914363885e+02,1.6383238098071172e+02,1.2685609838896335e+02,1.6383238098071163e+02,5.5918808938517975e+02,1.6809221074487485e+02,1.2685609838896346e+02,1.6809221074487496e+02,5.5628489499977036e+02,-2.4231264992349058e+01,-1.6116296637027631e+01,-1.6102001946880282e+01,-1.6116296637027610e+01,-2.4271554589227904e+01,-1.6115337267826501e+01,-1.6102001946879948e+01,-1.6115337267826572e+01,-2.4231307243074305e+01,7.0489944381054981e-01,5.8403027805350860e-01,-3.5054406681686351e-01,-2.8341766090442866e-02,5.6905676466729449e-01,8.5622622067941723e-01,-7.0848328701310248e-01,5.7647726005264510e-01,-3.7758868048552618e-01,-4.8055306066501092e-03,-3.0228996043071072e-02,-1.1954683608639115e-03,-1.2524112005110385e-02,-2.9647336731646431e-02,2.8588662219482468e-02,1.3601614890676230e-02,-3.1052290869998306e-02,-2.4567536661915326e-02,7.1185293631523316e-01,6.1831258001754263e-01,-3.8796582508468258e-01,-1.8782154534847152e-02,5.1541139970392547e-01,8.2303417168605075e-01,-7.0255205883876004e-01,5.9470232534914536e-01,-4.1935896023538344e-01,-1.4705059972343735e-02,-3.3229727958076147e-02,-2.3177562780731444e-02,1.3753059589632586e-02,-2.7583076906800234e-02,2.8695947779709362e-02,2.8032689741085077e-03,-3.0070413671053148e-02,-4.2397547356053493e-03,7.2127125398068756e-08,3.1919362745133400e-07,8.1362377305388480e-08,3.7994735776829338e-06,4.8655234593859251e-06,3.7890900039908300e-06,3.4005061163141484e-04,4.3546143812906162e-04,3.3912128799940976e-04,9.2200992707965435e-01,8.5618059205555019e-01,9.2154030080589600e-01,-3.6820621562607458e-01,-4.5289190963597997e-01,-3.6690963469153609e-01
1.1972362786514536e+03,2.3814311785909958e-04,1.7369824013827479e-04,1.7419410877933324e-04,1.7369824013827481e-04,2.3611909251076033e-04,1.7326553755564602e-04,1.7419410877933327e-04,1.7326553755564602e-04,2.3727095193192858e-04,2.1505797341422619e-06,8.2014650541261857e-07,6.9619483341842538e-07,8.2014650541261878e-07,2.1524858548927023e-06,8.3104941206394226e-07,6.9619483341842538e-07,8.3104941206394236e-07,2.1513971163181625e-06,0.0000000000000000e+00,0.0000000000000000e+00,0.0000000000000000e+00,0.0000000000000000e+00,0.0000000000000000e+00,0.0000000000000000e+00,0.0000000000000000e+00,0.0000000000000000e+00,0.0000000000000000e+00,7.3057828974835086e-12,-1.3367226169727789e-12,-6.5144771121979503e-13,-1.3367226169727789e-12,7.3872724892608116e-12,-1.4112782531568143e-12,-6.5144771121979513e-13,-1.4112782531568141e-12,7.2745285052488128e-12,2.0236956877421140e-03,-5.0024864335005055e-04,-3.1134314959685682e-04,-5.0024864335005152e-04,2.0897817923909304e-03,-5.1815806219502345e-04,-3.1134314959685693e-04,-5.1815806219502279e-04,2.0241898754754821e-03,5.8499320590694918e-05,6.2642292075202111e-06,1.5663340264083652e-05,6.2642292075210750e-06,5.6832067915763509e-05,5.3294636173965580e-06,1.5663340264083571e-05,5.3294636173964843e-06,5.7966276660297909e-05,5.5299757580001017e+02,1.6309410695229607e+02,1.2611671557430050e+02,1.6309410695229641e+02,5.5831392641637819e+02,1.6735421464624747e+02,1.2611671557430054e+02,1.6735421464624724e+02,5.5540998451188193e+02,-2.3940297561265208e+01,-1.6146226300955817e+01,-1.6135568655511964e+01,-1.6146226300956087e+01,-2.3966853535058124e+01,-1.6143074663012548e+01,-1.6135568655511999e+01,-1.6143074663012467e+01,-2.3935861792081177e+01,7.0465854909798964e-01,5.8407966949938883e-01,-3.5095652489625362e-01,-2.7884660762147649e-02,5.6902270638538976e-01,8.5627766083744405e-01,-7.0874693439161363e-01,5.7646084095629779e-01,-3.7710562387215674e-01,-4.9485977903756927e-03,-3.0178136927718851e-02,-1.3718165884494711e-03,-1.2282806060277041e-02,-2.9713397584458526e-02,2.8664763371344482e-02,1.3461126363734298e-02,-3.1038559806301807e-02,-2.4205021950091235e-02,7.1156478641553844e-01,6.1838192138074355e-01,-3.8835680598955918e-01,-1.8275407693824866e-02,5.1536276825561200e-01,8.2305841634344090e-01,-7.0283653068632512e-01,5.9467552483235753e-01,-4.1891916230893822e-01,-1.4560460745269442e-02,-3.3319604934696968e-02,-2.2998145041835220e-02,1.3466649688152350e-02,-2.7457831231106986e-02,2.8616548950999927e-02,2.9941292017179031e-03,-3.0092645439419346e-02,-4.4826059491539618e-03,7.4179514226031540e-08,3.4058824443684781e-07,8.3666430001396322e-08,4.0699188250222437e-06,5.1992620571853853e-06,4.0586165829503928e-06,3.3994282478697773e-04,4.3427201045408885e-04,3.3899879708973978e-04,9.1152891704750705e-01,8.3879538604016857e-01,9.1110765577295771e-01,-3.9292319900957190e-01,-4.8018003466942089e-01,-3.9152110719983402e-01
1.2828617855058635e+03,2.5200098855103855e-04,1.8561397975860994e-04,1.8615836344827949e-04,1.8561397975860996e-04,2.4976595207751236e-04,1.8513621108058495e-04,1.8615836344827949e-04,1.8513621108058492e-04,2.5103771562217763e-04,2.1431594984279874e-06,8.1368390103724730e-07,6.8971416648376950e-07,8.1368390103724730e-07,2.1451316526088732e-06,8.2460095561580924e-07,6.8971416648376992e-07,8.2460095561580935e-07,2.1440052287706662e-06,0.0000000000000000e+00,0.0000000000000000e+00,0.0000000000000000e+00,0.0000000000000000e+00,0.0000000000000000e+00,0.0000000000000000e+00,0.0000000000000000e+00,0.0000000000000000e+00,0.0000000000000000e+00,7.3057828974835086e-12,-1.3367226169727787e-12,-6.5144771121979503e-13,-1.3367226169727787e-12,7.3872724892608099e-12,-1.4112782531568143e-12,-6.5144771121979523e-13,-1.4112782531568141e-12,7.2745285052488136e-12,2.0254716723916073e-03,-4.9957880420258612e-04,-3.1041357244281960e-04,-4.9957880420258569e-04,2.0913876168028693e-03,-5.1751540057477785e-04,-3.1041357244281944e-04,-5.1751540057477839e-04,2.0259374110646734e-03,5.7369720510086245e-05,6.9999890027353496e-06,1.6164706078854974e-05,6.9999890027347126e-06,5.5480176312372746e-05,6.0810667813521673e-06,1.6164706078855072e-05,6.0810667813524485e-06,5.6811587865597187e-05,5.5211641226449331e+02,1.6235591087534678e+02,1.2537741104045814e+02,1.6235591087534664e+02,5.5743412329354589e+02,1.6661634051870874e+02,1.2537741104045813e+02,1.6661634051870894e+02,5.5452932888967018e+02,-2.3666487537430900e+01,-1.6173078114676354e+01,-1.6165949762057867e+01,-1.6173078114676155e+01,-2.3679501783141312e+01,-1.6167734602972644e+01,-1.6165949762057867e+01,-1.6167734602972772e+01,-2.3657575692849171e+01,7.0443448462896108e-01,5.8412896993308860e-01,-3.5132917412007569e-01,-2.7470595216428837e-02,5.6898953218043991e-01,8.5632711392289695e-01,-7.0899233781212034e-01,5.7644362204592403e-01,-3.7666423351760159e-01,-5.1038150003397675e-03,-3.0129746576689331e-02,-1.5824549829385193e-03,-1.2007621268339813e-02,-2.9775366295124509e-02,2.8738074259924685e-02,1.3306250095632880e-02,-3.1026364430657049e-02,-2.3819309084092043e-02,7.1129730237412003e-01,6.1845153143347575e-01,-3.8871281574338656e-01,-1.7815786391660249e-02,5.1531497543311255e-01,8.2307951052985384e-01,-7.0309648858600993e-01,5.9464772704670854e-01,-4.1851346333511885e-01,-1.4397758408455381e-02,-3.3405430344084011e-02,-2.2788770502697883e-02,1.3145168906982177e-02,-2.7340094555179075e-02,2.8541997546921525e-02,3.1997513726158182e-03,-3.0112103349785327e-02,-4.7519666124855543e-03,7.6363724199764501e-08,3.6348233668842208e-07,8.6117182327110494e-08,4.3595540171629599e-06,5.5558145971178449e-06,4.3472481658719346e-06,3.3983037505820488e-04,4.3307974872188219e-04,3.3887112508832818e-04,8.9957125534978055e-01,8.1926716324960058e-01,8.9920880094370603e-01,-4.1906425353513882e-01,-5.0861021646142168e-01,-4.1754948368993172e-01
1.3746111691211174e+03,2.6677410788277802e-04,1.9832904314899563e-04,1.9892645564993471e-04,1.9832904314899563e-04,2.6430644156375395e-04,1.9780159804862367e-04,1.9892645564993471e-04,1.9780159804862364e-04,2.6571036790760271e-04,2.1357153565331835e-06,8.0723672901943529e-07,6.8324837663434045e-07,8.0723672901943561e-07,2.1377557680936905e-06,8.1816840777605637e-07,6.8324837663434045e-07,8.1816840777605605e-07,2.1365903929204647e-06,0.0000000000000000e+00,0.0000000000000000e+00,0.0000000000000000e+00,0.0000000000000000e+00,0.0000000000000000e+00,0.0000000000000000e+00,0.0000000000000000e+00,0.0000000000000000e+00,0.0000000000000000e+00,7.3057828974835086e-12,-1.3367226169727789e-12,-6.5144771121979503e-13,-1.3367226169727789e-12,7.3872724892608099e-12,-1.4112782531568143e-12,-6.5144771121979523e-13,-1.4112782531568143e-12,7.2745285052488128e-12,2.0272728910921663e-03,-4.9891111733629779e-04,-3.0948215041334896e-04,-4.9891111733629790e-04,2.0930179539070267e-03,-5.1687538981402467e-04,-3.0948215041334896e-04,-5.1687538981402446e-04,2.0277097432001815e-03,5.6314099096787040e-05,7.6993154451674780e-06,1.6644440687159299e-05,7.6993154451676779e-06,5.4211095834336567e-05,6.7948514040263167e-06,1.6644440687158726e-05,6.7948514040258864e-06,5.5731226174976601e-05,5.5123006968762218e+02,1.6161776746920486e+02,1.2463814446946542e+02,1.6161776746920489e+02,5.5654936642451071e+02,1.6587856772635465e+02,1.2463814446946543e+02,1.6587856772635462e+02,5.5364359736464394e+02,-2.3407463695288801e+01,-1.6197013601157114e+01,-1.6193319365717098e+01,-1.6197013601157153e+01,-2.3407074635211448e+01,-1.6189472433200663e+01,-1.6193319365716917e+01,-1.6189472433200489e+01,-2.3394064313371803e+01,7.0422725969896738e-01,5.8417822233566719e-01,-3.5166207804477317e-01,-2.7099730159883904e-02,5.6895718170427179e-01,8.5637455903613313e-01,-7.0921941540766109e-01,5.7642562141840736e-01,-3.7626436272015917e-01,-5.2691007731975811e-03,-3.0083518669039185e-02,-1.8217010816344165e-03,-1.1704144275619584e-02,-2.9833723922075273e-02,2.8808910425624414e-02,1.3139319418360048e-02,-3.1015540132424840e-02,-2.3414844286267753e-02,7.1105083476878117e-01,6.1852142253860487e-01,-3.8903379720644460e-01,-1.7403310037694228e-02,5.1526800035446163e-01,8.2309790400735539e-01,-7.0333229444629575e-01,5.9461892913872771e-01,-4.1814225575895259e-01,-1.4219712140828922e-02,-3.3487709230780503e-02,-2.2554332360866278e-02,1.2794608707140295e-02,-2.7228991510753690e-02,2.8472053294860678e-02,3.4172442475851124e-03,-3.0129074639192739e-02,-5.0436544121298214e-03,7.8675081672226626e-08,3.8797167138428167e-07,8.8709002129368796e-08,4.6697441485670767e-06,5.9367389626363851e-06,4.6563426823673034e-06,3.3971382260430504e-04,4.3188496470839439e-04,3.3873889482102928e-04,8.8593684521025950e-01,7.9734827987468337e-01,8.8564554200322276e-01,-4.4665874957598373e-01,-5.3812215119425100e-01,-4.4502430561722045e-01
1.4729224049085146e+03,2.8250990158339948e-04,2.1189517706281683e-04,2.1255051812986507e-04,2.1189517706281683e-04,2.7978582597847838e-04,2.1131298548172805e-04,2.1255051812986504e-04,2.1131298548172808e-04,2.8133539534463980e-04,2.1282541931798854e-06,8.0080551010985636e-07,6.7679797269750821e-07,8.0080551010985626e-07,2.1303651546990220e-06,8.1175230395793708e-07,6.7679797269750800e-07,8.1175230395793729e-07,2.1291595233531544e-06,0.0000000000000000e+00,0.0000000000000000e+00,0.0000000000000000e+00,0.0000000000000000e+00,0.0000000000000000e+00,0.0000000000000000e+00,0.0000000000000000e+00,0.0000000000000000e+00,0.0000000000000000e+00,7.3057828974835070e-12,-1.3367226169727787e-12,-6.5144771121979493e-13,-1.3367226169727787e-12,7.3872724892608116e-12,-1.4112782531568143e-12,-6.5144771121979523e-13,-1.4112782531568139e-12,7.2745285052488128e-12,2.0290964690708839e-03,-4.9824415264672567e-04,-3.0854791598729079e-04,-4.9824415264672567e-04,2.0946695340459918e-03,-5.1623656636570802e-04,-3.0854791598729068e-04,-5.1623656636570867e-04,2.0295039549005681e-03,5.5322455930210974e-05,8.3667966196726007e-06,1.7105109808225551e-05,8.3667966196730344e-06,5.3013569664978704e-05,7.4755731089096595e-06,1.7105109808226168e-05,7.4755731089099568e-06,5.4715097057671017e-05,5.5033935929212612e+02,1.6087964456514811e+02,1.2389886924886125e+02,1.6087964456514811e+02,5.5566049545056694e+02,1.6514086900784005e+02,1.2389886924886125e+02,1.6514086900784022e+02,5.5275361005243349e+02,-2.3161076270605118e+01,-1.6218167040184518e+01,-1.6217822081529494e+01,-1.6218167040184667e+01,-2.3147374747962512e+01,-1.6208416909876771e+01,-1.6217822081529725e+01,-1.6208416909876892e+01,-2.3143165801487307e+01,7.0403650772213988e-01,5.8422749593144696e-01,-3.5195607152515751e-01,-2.6771332420517824e-02,5.6892555397184696e-01,8.5642004972864916e-01,-7.0942849083474524e-01,5.7640687023484494e-01,-3.7590497182213239e-01,-5.4423787593256201e-03,-3.0039163900461904e-02,-2.0839511443737895e-03,-1.1377942775310184e-02,-2.9888923993959683e-02,2.8877554856929975e-02,1.2962672503033424e-02,-3.1005932274534641e-02,-2.2996049049140356e-02,7.1082524182808304e-01,6.1859165342270139e-01,-3.8932040667754109e-01,-1.7037026960302855e-02,5.1522174463149895e-01,8.2311407639769751e-01,-7.0354478429615930e-01,5.9458915352590869e-01,-4.1780515160766224e-01,-1.4029126759704464e-02,-3.3566923264326504e-02,-2.2299673211510093e-02,1.2420916881861879e-02,-2.7123688406374483e-02,2.8406421127169720e-02,3.6437958698320311e-03,-3.0143831684500282e-02,-5.3534284932349697e-03,8.1107588837979649e-08,4.1415760779863205e-07,9.1434703686360623e-08,5.0019539329404995e-06,6.3437006415207254e-06,4.9873575593729543e-06,3.3959385207744041e-04,4.3068804034620834e-04,3.3860287159408957e-04,8.7040055263605975e-01,7.7276841241574334e-01,8.7019488356776842e-01,-4.7572283998458470e-01,-5.6862571202960399e-01,-4.7396214552353710e-01
1.5782647919764754e+03,2.9925829983342328e-04,2.2636728716898526e-04,2.2708587053970136e-04,2.2636728716898528e-04,2.9625166648621955e-04,2.2572477516343123e-04,2.2708587053970133e-04,2.2572477516343120e-04,2.9796169788868577e-04,2.1207836660589488e-06,7.9439078121342899e-07,6.7036347991676424e-07,7.9439078121342878e-07,2.1229675402581691e-06,8.0535319604717497e-07,6.7036347991676424e-07,8.0535319604717518e-07,2.1217203083114112e-06,0.0000000000000000e+00,0.0000000000000000e+00,0.0000000000000000e+00,0.0000000000000000e+00,0.0000000000000000e+00,0.0000000000000000e+00,0.0000000000000000e+00,0.0000000000000000e+00,0.0000000000000000e+00,7.3057828974835086e-12,-1.3367226169727789e-12,-6.5144771121979503e-13,-1.3367226169727789e-12,7.3872724892608116e-12,-1.4112782531568145e-12,-6.5144771121979523e-13,-1.4112782531568143e-12,7.2745285052488128e-12,2.0309388531734446e-03,-4.9757618181589535e-04,-3.0760975964954783e-04,-4.9757618181589514e-04,2.0963383224537170e-03,-5.1559715564027293e-04,-3.0760975964954729e-04,-5.1559715564027228e-04,2.0313164443773548e-03,5.4385923475037307e-05,9.0064502053228421e-06,1.7548932079375513e-05,9.0064502053235757e-06,5.1877631513843861e-05,8.1273983115107107e-06,1.7548932079375669e-05,8.1273983115110885e-06,5.3754250597601319e-05,5.4944521404196189e+02,1.6014150668257702e+02,1.2315953621628115e+02,1.6014150668257693e+02,5.5476847410946152e+02,1.6440321398053834e+02,1.2315953621628093e+02,1.6440321398053811e+02,5.5186030945244693e+02,-2.2925421288592780e+01,-1.6236644706072752e+01,-1.6239572311926210e+01,-1.6236644706072948e+01,-2.2898456791252105e+01,-1.6224669476720866e+01,-1.6239572311926313e+01,-1.6224669476720933e+01,-2.2902965516148477e+01,7.0386155513117454e-01,5.8427688486617146e-01,-3.5221260493534345e-01,-2.6483940758213097e-02,5.6889450965563604e-01,8.5646370885408785e-01,-7.0962022132200198e-01,5.7638741184460063e-01,-3.7558429124012738e-01,-5.6216307060130049e-03,-2.9996415770230902e-02,-2.3638156258650456e-03,-1.1034422698024741e-02,-2.9941383541228529e-02,2.8944255435236176e-02,1.2778590105329526e-02,-3.0997399155661295e-02,-2.2567210000316616e-02,7.1061996662841431e-01,6.1866232785480724e-01,-3.8957387293969498e-01,-1.6715197963172914e-02,5.1517603468316808e-01,8.2312851857477409e-01,-7.0373516551481141e-01,5.9455844680112879e-01,-4.1750111145534535e-01,-1.3828768839500235e-02,-3.3643521097825098e-02,-2.2029466609177067e-02,1.2029848343210804e-02,-2.7023409740844061e-02,2.8344772096459251e-02,3.8767316281099317e-03,-3.0156626699982838e-02,-5.6771109898278429e-03,8.3654352489490860e-08,4.4214766698283549e-07,9.4286025110847442e-08,5.3577551715896356e-06,6.7784802513455962e-06,5.3418571074071797e-06,3.3947124708269452e-04,4.2948941684600619e-04,3.3846393422472053e-04,8.5270977185916430e-01,7.4523439691831461e-01,8.5260659627681212e-01,-5.0625523028332609e-01,-5.9999442077377696e-01,-5.0436244082718251e-01
1.6911411933796073e+03,3.1707237335155660e-04,2.4180361171710299e-04,2.4259119436194305e-04,2.4180361171710301e-04,3.1375443748597119e-04,2.4109465330074655e-04,2.4259119436194305e-04,2.4109465330074661e-04,3.1564121660027469e-04,2.1133119364673498e-06,7.8799309575184810e-07,6.6394544037832461e-07,7.8799309575184821e-07,2.1155711576970226e-06,7.9897165275814094e-07,6.6394544037832471e-07,7.9897165275814105e-07,2.1142809403242498e-06,0.0000000000000000e+00,0.0000000000000000e+00,0.0000000000000000e+00,0.0000000000000000e+00,0.0000000000000000e+00,0.0000000000000000e+00,0.0000000000000000e+00,0.0000000000000000e+00,0.0000000000000000e+00,7.3057828974835070e-12,-1.3367226169727785e-12,-6.5144771121979493e-13,-1.3367226169727785e-12,7.3872724892608099e-12,-1.4112782531568141e-12,-6.5144771121979513e-13,-1.4112782531568139e-12,7.2745285052488120e-12,2.0327959917839158e-03,-4.9690526871172503e-04,-3.0666648267262537e-04,-4.9690526871172503e-04,2.0980197252071704e-03,-5.1495516555481041e-04,-3.0666648267262461e-04,-5.1495516555481052e-04,2.0331431069033836e-03,5.3496857133273717e-05,9.6216880333071687e-06,1.7977763832388101e-05,9.6216880333071534e-06,5.0794704574179790e-05,8.7538670923619963e-06,1.7977763832387664e-05,8.7538670923627332e-06,5.2840972114320033e-05,5.4854865211944411e+02,1.5940331897962236e+02,1.2242009779837402e+02,1.5940331897962233e+02,5.5387435279086321e+02,1.6366557300381393e+02,1.2242009779837380e+02,1.6366557300381388e+02,5.5096472372143637e+02,-2.2698857771874341e+01,-1.6252524909235007e+01,-1.6258654384666457e+01,-1.6252524909234932e+01,-2.2658644806939662e+01,-1.6238304326071678e+01,-1.6258654384666364e+01,-1.6238304326071848e+01,-2.2671813298115183e+01,7.0370149516988478e-01,5.8432650509898787e-01,-3.5243358341642816e-01,-2.6235541792351488e-02,5.6886387615900935e-01,8.5650571994006885e-01,-7.0979552037672811e-01,5.7636729997765690e-01,-3.7529999689694732e-01,-5.8049390135855947e-03,-2.9955035952177869e-02,-2.6562292118583013e-03,-1.0678711894138191e-02,-2.9991474844439758e-02,2.9009221753087452e-02,1.2589245052445741e-02,-3.0989814687636633e-02,-2.2132392979632480e-02,7.1043412359757119e-01,6.1873359036300979e-01,-3.8979585105892017e-01,-1.6435490342833915e-02,5.1513062917985863e-01,8.2314171615781084e-01,-7.0390491206633654e-01,5.9452687698512441e-01,-4.1722858668662427e-01,-1.3621296690754653e-02,-3.3717909114319211e-02,-2.1748121125679903e-02,1.1626845066021574e-02,-2.6927453965060820e-02,2.8286764455929852e-02,4.1135577996297464e-03,-3.0167686762211102e-02,-6.0106873168666031e-03,8.6308118327093312e-08,4.7205617881254871e-07,9.7254224692237594e-08,5.7388345008264028e-06,7.2429815144787070e-06,5.7215202682747212e-06,3.3934685780776305e-04,4.2828958000864500e-04,3.3832303835262454e-04,8.3258203965741262e-01,7.1443082679752601e-01,8.3260082586901762e-01,-5.3823196845232113e-01,-6.3205782338086614e-01,-5.3620235635317959e-01
1.8120904365888146e+03,3.3600902998003870e-04,2.5826590285675174e-04,2.5912871541310649e-04,2.5826590285675169e-04,3.3234820260255631e-04,2.5748376751030561e-04,2.5912871541310643e-04,2.5748376751030556e-04,3.3442962114061195e-04,2.1058473611129777e-06,7.8161302402043359e-07,6.5754441343783431e-07,7.8161302402043327e-07,2.1081844368055680e-06,7.9260825998272819e-07,6.5754441343783410e-07,7.9260825998272830e-07,2.1068498080009162e-06,0.0000000000000000e+00,0.0000000000000000e+00,0.0000000000000000e+00,0.0000000000000000e+00,0.0000000000000000e+00,0.0000000000000000e+00,0.0000000000000000e+00,0.0000000000000000e+00,0.0000000000000000e+00,7.3057828974835086e-12,-1.3367226169727789e-12,-6.5144771121979493e-13,-1.3367226169727789e-12,7.3872724892608099e-12,-1.4112782531568143e-12,-6.5144771121979523e-13,-1.4112782531568141e-12,7.2745285052488128e-12,2.0346635424784583e-03,-4.9622937085528186e-04,-3.0571685512767872e-04,-4.9622937085528186e-04,2.0997088255331094e-03,-5.1430849164264521e-04,-3.0571685512767910e-04,-5.1430849164264630e-04,2.0349795445739022e-03,5.2648880358769887e-05,1.0215302604287762e-05,1.8393096763753106e-05,1.0215302604287800e-05,4.9757649475091253e-05,9.3578787894964035e-06,1.8393096763752916e-05,9.3578787894957309e-06,5.1968827396581656e-05,5.4765073469417291e+02,1.5866505131165454e+02,1.2168051225336957e+02,1.5866505131165454e+02,5.5297922532755513e+02,1.6292792114193171e+02,1.2168051225336973e+02,1.6292792114193202e+02,5.5006792421854368e+02,-2.2480015291430352e+01,-1.6265858966116394e+01,-1.6275123683508784e+01,-1.6265858966116419e+01,-2.2426539692880294e+01,-1.6249369364368413e+01,-1.6275123683508703e+01,-1.6249369364368235e+01,-2.2448331032513380e+01,7.0355526062896889e-01,5.8437648968289269e-01,-3.5262121392958184e-01,-2.6023741742043822e-02,5.6883345517384842e-01,8.5654631561807137e-01,-7.0995548137869169e-01,5.7634659611923100e-01,-3.7504938442283248e-01,-5.9905193338952133e-03,-2.9914818699689986e-02,-2.9565351872731811e-03,-1.0315570087182521e-02,-3.0039518754112298e-02,2.9072622122091652e-02,1.2396663231868573e-02,-3.0983070503796603e-02,-2.1695379107587301e-02,7.1026658651693020e-01,6.1880561918207355e-01,-3.8998828252956014e-01,-1.6195166860676114e-02,5.1508523125280348e-01,8.2315413525638437e-01,-7.0405566513560613e-01,5.9449452927161972e-01,-4.1698566286644523e-01,-1.3409204858888442e-02,-3.3790443484073389e-02,-2.1459706680826470e-02,1.1216944411255498e-02,-2.6835206902180619e-02,2.8232062788925184e-02,4.3519923633576641e-03,-3.0177209674694453e-02,-6.3503851897597557e-03,8.9061870495663827e-08,5.0400498853216079e-07,1.0033075056975015e-07,6.1470015206550286e-06,7.7392396989460606e-06,6.1281487217955789e-06,3.3922156403112558e-04,4.2708904272542049e-04,3.3818117451861652e-04,8.0970283665455356e-01,6.8002170849413357e-01,8.0986588062732823e-01,-5.7160007418577785e-01,-6.6459266585577481e-01,-5.6943049671851287e-01
1.9416898856413563e+03,3.5612972774927578e-04,2.7581961576169609e-04,2.7676439404516172e-04,2.7581961576169598e-04,3.5209130545914177e-04,2.7495691125689967e-04,2.7676439404516177e-04,2.7495691125689967e-04,3.5438701298570713e-04,2.0983981700122718e-06,7.7525115353759366e-07,6.5116097614578740e-07,7.7525115353759324e-07,2.1008156820944888e-06,7.8626362113009246e-07,6.5116097614578730e-07,7.8626362113009257e-07,2.0994351739145150e-06,0.0000000000000000e+00,0.0000000000000000e+00,0.0000000000000000e+00,0.0000000000000000e+00,0.0000000000000000e+00,0.0000000000000000e+00,0.0000000000000000e+00,0.0000000000000000e+00,0.0000000000000000e+00,7.3057828974835086e-12,-1.3367226169727789e-12,-6.5144771121979503e-13,-1.3367226169727789e-12,7.3872724892608116e-12,-1.4112782531568143e-12,-6.5144771121979523e-13,-1.4112782531568141e-12,7.2745285052488128e-12,2.0365370923019653e-03,-4.9554644467232373e-04,-3.0475967483949433e-04,-4.9554644467232341e-04,2.1014006333885085e-03,-5.1365502618822207e-04,-3.0475967483949471e-04,-5.1365502618822218e-04,2.0368212887043238e-03,5.1836876638913285e-05,1.0789478856089068e-05,1.8796069993899071e-05,1.0789478856088845e-05,4.8760752216151930e-05,9.9417037526247403e-06,1.8796069993899071e-05,9.9417037526242693e-06,5.1132654303554464e-05,5.4675252128400700e+02,1.5792668209490085e+02,1.2094074769110441e+02,1.5792668209490083e+02,5.5208418339426453e+02,1.6219024193212235e+02,1.2094074769110452e+02,1.6219024193212238e+02,5.4917098063933406e+02,-2.2267790281969415e+01,-1.6276673122199572e+01,-1.6289008789766218e+01,-1.6276673122199526e+01,-2.2201015217648241e+01,-1.6257888105039420e+01,-1.6289008789766179e+01,-1.6257888105039306e+01,-2.2231408919305785e+01,7.0342169079512240e-01,5.8442698279635708e-01,-3.5277786959566199e-01,-2.5845922858511238e-02,5.6880303213598771e-01,8.5658576391116514e-01,-7.1010130700609719e-01,5.7632536627703446e-01,-3.7482953106414935e-01,-6.1767441329376492e-03,-2.9875593812007925e-02,-3.2605451120095007e-03,-9.9493235742311864e-03,-3.0085780308515546e-02,2.9134581589528846e-02,1.2202695238624718e-02,-3.0977077262119831e-02,-2.1259619744412164e-02,7.1011607162475276e-01,6.1887861694404034e-01,-3.9015327044345216e-01,-1.5991257634022354e-02,5.1503950455482683e-01,8.2316621053072270e-01,-7.0418914470223970e-01,5.9446150058543246e-01,-4.1677019427121353e-01,-1.3194782759221122e-02,-3.3861424361084629e-02,-2.1167901944271587e-02,1.0804713730195285e-02,-2.6746151410892743e-02,2.8180353643296744e-02,4.5899850877613056e-03,-3.0185361118755777e-02,-6.6927336292797544e-03,9.1909444643904191e-08,5.3812419842754399e-07,1.0350792518739925e-07,6.5841973246734560e-06,8.2694305509574234e-06,6.5636753687763404e-06,3.3909623639506373e-04,4.2588832604574035e-04,3.3803932426667113e-04,7.8372376814315892e-01,6.4165355436129901e-01,7.8405638731794525e-01,-6.0626981022553184e-01,-6.9731279210526087e-01,-6.0395927285769369e-01
2.0805581972493151e+03,3.7750115651093299e-04,2.9453410569286261e-04,2.9556812314304412e-04,2.9453410569286266e-04,3.7304702720295386e-04,2.9358271585476600e-04,2.9556812314304412e-04,2.9358271585476606e-04,3.7557859639425993e-04,2.0909721578228350e-06,7.6890808938507057e-07,6.4479572367010968e-07,7.6890808938507047e-07,2.0934727640783012e-06,7.7993835745525136e-07,6.4479572367010968e-07,7.7993835745525136e-07,2.0920448659171779e-06,0.0000000000000000e+00,0.0000000000000000e+00,0.0000000000000000e+00,0.0000000000000000e+00,0.0000000000000000e+00,0.0000000000000000e+00,0.0000000000000000e+00,0.0000000000000000e+00,0.0000000000000000e+00,7.3057828974835070e-12,-1.3367226169727787e-12,-6.5144771121979503e-13,-1.3367226169727787e-12,7.3872724892608116e-12,-1.4112782531568141e-12,-6.5144771121979523e-13,-1.4112782531568139e-12,7.2745285052488120e-12,2.0384123732950041e-03,-4.9485454637743925e-04,-3.0379382265433567e-04,-4.9485454637743990e-04,2.1030903287533190e-03,-5.1299276294003990e-04,-3.0379382265433637e-04,-5.1299276294004001e-04,2.0386640173344103e-03,5.1056925864362873e-05,1.1345831735924239e-05,1.9187496420510413e-05,1.1345831735924521e-05,4.7799649531394938e-05,1.0507021868392518e-05,1.9187496420509457e-05,1.0507021868392430e-05,5.0328498259257424e-05,5.4585502641252390e+02,1.5718820167675250e+02,1.2020078555272129e+02,1.5718820167675275e+02,5.5119027229296421e+02,1.6145253066786032e+02,1.2020078555272153e+02,1.6145253066786034e+02,5.4827491746164651e+02,-2.2061330771718602e+01,-1.6284971343809264e+01,-1.6300314536292504e+01,-1.6284971343809296e+01,-2.1981202226533025e+01,-1.6263862405809533e+01,-1.6300314536292266e+01,-1.6263862405809437e+01,-2.2020190102639262e+01,7.0329958931466685e-01,5.8447813303750673e-01,-3.5290597717088157e-01,-2.5699377079780737e-02,5.6877238676519637e-01,8.5662435338163279e-01,-7.1023424794542900e-01,5.7630367742430955e-01,-3.7463743730453963e-01,-6.3621583150655480e-03,-2.9837227835626333e-02,-3.5645755515504272e-03,-9.5838224462618769e-03,-3.0130467140240376e-02,2.9195181639622241e-02,1.2008997535838470e-02,-3.0971764990486896e-02,-2.0828207090832683e-02,7.0998121118996849e-01,6.1895279988965146e-01,-3.9029297515096023e-01,-1.5820706870962018e-02,5.1499309180680541e-01,8.2317833561857046e-01,-7.0430707559335404e-01,5.9442789341493141e-01,-4.1657992238909303e-01,-1.2980086388643168e-02,-3.3931092833152161e-02,-2.0875961063486010e-02,1.0394208502793080e-02,-2.6659872255702165e-02,2.8131356770369858e-02,4.8257287728874195e-03,-3.0192273406221250e-02,-7.0346039041338229e-03,9.4846097746846376e-08,5.7455291669505264e-07,1.0677958017538740e-07,7.0525034729050121e-06,8.8358797567965441e-06,7.0301732317078172e-06,3.3897169914444381e-04,4.2468794040360761e-04,3.3789841788623543e-04,7.5426138609995919e-01,5.9896038675594310e-01,7.5479207374677715e-01,-6.4210538487782587e-01,-7.2985772966503781e-01,-6.3965571385056819e-01
2.2293582740229922e+03,4.0019584274636705e-04,3.1448283311461651e-04,3.1561393399083618e-04,3.1448283311461662e-04,3.9528416526905753e-04,3.1343385012177387e-04,3.1561393399083618e-04,3.1343385012177376e-04,3.9807527167967920e-04,2.0835764147080061e-06,7.6258445453695213e-07,6.3844926971417805e-07,7.6258445453695234e-07,2.0861628500813534e-06,7.7363310837438975e-07,6.3844926971417816e-07,7.7363310837438996e-07,2.0846860079835326e-06,0.0000000000000000e+00,0.0000000000000000e+00,0.0000000000000000e+00,0.0000000000000000e+00,0.0000000000000000e+00,0.0000000000000000e+00,0.0000000000000000e+00,0.0000000000000000e+00,0.0000000000000000e+00,7.3057828974835086e-12,-1.3367226169727789e-12,-6.5144771121979493e-13,-1.3367226169727789e-12,7.3872724892608116e-12,-1.4112782531568143e-12,-6.5144771121979523e-13,-1.4112782531568141e-12,7.2745285052488128e-12,2.0402854559770796e-03,-4.9415192058019277e-04,-3.0281830967789086e-04,-4.9415192058019299e-04,2.1047734792365540e-03,-5.1231988919132648e-04,-3.0281830967789102e-04,-5.1231988919132638e-04,2.0405037503966597e-03,5.0306188833720879e-05,1.1885467232203367e-05,1.9567901649150230e-05,1.1885467232203681e-05,4.6871196136861485e-05,1.1054985459704946e-05,1.9567901649150132e-05,1.1054985459704456e-05,4.9553495447808151e-05,5.4495918117540566e+02,1.5644961496041446e+02,1.1946062328494172e+02,1.5644961496041455e+02,5.5029845180375071e+02,1.6071479695248772e+02,1.1946062328494178e+02,1.6071479695248769e+02,5.4738067533268872e+02,-2.1860010481638696e+01,-1.6290738794114283e+01,-1.6309025769599995e+01,-1.6290738794114393e+01,-2.1766462030113477e+01,-1.6267275869942445e+01,-1.6309025769599963e+01,-1.6267275869942289e+01,-2.1814044621430320e+01,7.0318777110421837e-01,5.8453008657506833e-01,-3.5300793008107545e-01,-2.5581413012780132e-02,5.6874130375436049e-01,8.5666237824236313e-01,-7.1035555285225549e-01,5.7628159393793099e-01,-3.7447014332607104e-01,-6.5454880008072227e-03,-2.9799623368533014e-02,-3.8654640875024071e-03,-9.2224178006338354e-03,-3.0173730855402467e-02,2.9254461997353289e-02,1.1817021894690272e-02,-3.0967082427164803e-02,-2.0403857527386184e-02,7.0986061474716677e-01,6.1902838654518211e-01,-3.9040953283959157e-01,-1.5680490237108297e-02,5.1494563418679784e-01,8.2319085599095343e-01,-7.0441112967377550e-01,5.9439380946225140e-01,-4.1641257402283782e-01,-1.2766921688784490e-02,-3.3999630937934455e-02,-2.0586697696168738e-02,9.9889510766908492e-03,-2.6576055675591341e-02,2.8084831693355083e-02,5.0576632255845229e-03,-3.0198045973036880e-02,-7.3732346144365938e-03,9.7868980439155926e-08,6.1343998571629301e-07,1.1014158005025119e-07,7.5541514722742826e-06,9.4410729847966628e-06,7.5298648403238021e-06,3.3884869741651825e-04,4.2348836859495710e-04,3.3775929728584056e-04,7.2089700140911450e-01,5.5157123665892616e-01,7.2165752176905862e-01,-6.7891386803809783e-01,-7.6178000058044393e-01,-6.7633050859560861e-01
2.3888004289068272e+03,4.2429264087228991e-04,3.3574357695703391e-04,3.3698021005087423e-04,3.3574357695703396e-04,4.1887749657738789e-04,3.3458722775406974e-04,3.3698021005087423e-04,3.3458722775406974e-04,4.2195411404919044e-04,2.0762171181149514e-06,7.5628089017528118e-07,6.3212224692836237e-07,7.5628089017528118e-07,2.0788921959475168e-06,7.6734853176452613e-07,6.3212224692836237e-07,7.6734853176452645e-07,2.0773648119636594e-06,0.0000000000000000e+00,0.0000000000000000e+00,0.0000000000000000e+00,0.0000000000000000e+00,0.0000000000000000e+00,0.0000000000000000e+00,0.0000000000000000e+00,0.0000000000000000e+00,0.0000000000000000e+00,7.3057828974835070e-12,-1.3367226169727787e-12,-6.5144771121979503e-13,-1.3367226169727787e-12,7.3872724892608116e-12,-1.4112782531568145e-12,-6.5144771121979523e-13,-1.4112782531568141e-12,7.2745285052488136e-12,2.0421529059198420e-03,-4.9343707002481104e-04,-3.0183231302087916e-04,-4.9343707002481093e-04,2.1064462153997806e-03,-5.1163485837729618e-04,-3.0183231302087916e-04,-5.1163485837729618e-04,2.0423370075642890e-03,4.9582749360841385e-05,1.2409061933978455e-05,1.9937572396575954e-05,1.2409061933978815e-05,4.5973284727317673e-05,1.1586301474482833e-05,1.9937572396575653e-05,1.1586301474483177e-05,4.8805713286078373e-05,5.4406580275238707e+02,1.5571094311206508e+02,1.1872027603241024e+02,1.5571094311206505e+02,5.4940956518770452e+02,1.5997706635688223e+02,1.1872027603241023e+02,1.5997706635688226e+02,5.4648908044735049e+02,-2.1663394418373951e+01,-1.6293945733585243e+01,-1.6315111538159812e+01,-1.6293945733585311e+01,-2.1556351156883878e+01,-1.6268097658054874e+01,-1.6315111538159769e+01,-1.6268097658054938e+01,-2.1612534818229189e+01,7.0308509771654182e-01,5.8458298075428172e-01,-3.5308602658280636e-01,-2.5489435455027069e-02,5.6870958267504867e-01,8.5670012451465760e-01,-7.1046643021240596e-01,5.7625917434427076e-01,-3.7432481829871062e-01,-6.7256434589557908e-03,-2.9762716544805643e-02,-4.1605671629582446e-03,-8.8679563276830159e-03,-3.0215671240713778e-02,2.9312424633765589e-02,1.1628011909994643e-02,-3.0962995420615171e-02,-1.9988905351366326e-02,7.0975291683760178e-01,6.1910558685038064e-01,-3.9050499690200191e-01,-1.5567702000070238e-02,5.1489678986060838e-01,8.2320406429080595e-01,-7.0450288423005436e-01,5.9435934366388699e-01,-4.1626593720225230e-01,-1.2556837980635817e-02,-3.4067164716631557e-02,-2.0302484172607289e-02,9.5919271108421186e-03,-2.6494483732300192e-02,2.8040579865730133e-02,5.2844732197516366e-03,-3.0202747559632651e-02,-7.7062431071471572e-03,1.0097746752419475e-07,6.5494466588451923e-07,1.1359218427084434e-07,8.0915328505128241e-06,1.0087666570683011e-05,8.0651321926312852e-06,3.3872787163788750e-04,4.2229005188597406e-04,3.3762268689486481e-04,6.8317794514314245e-01,4.9912084331859624e-01,6.8420334223204349e-01,-7.1643210762215248e-01,-7.9253130299289853e-01,-7.1372506617902975e-01
2.5596457759335385e+03,4.4987708795243277e-04,3.5839865609238610e-04,3.5974990866833505e-04,3.5839865609238616e-04,4.4390810194078038e-04,3.5712422246359589e-04,3.5974990866833521e-04,3.5712422246359594e-04,4.4729871485756350e-04,2.0688993995126055e-06,7.4999805598989115e-07,6.2581530731296443e-07,7.4999805598989115e-07,2.0716660126991562e-06,7.6108530424500995e-07,6.2581530731296443e-07,7.6108530424500995e-07,2.0700864442915926e-06,0.0000000000000000e+00,0.0000000000000000e+00,0.0000000000000000e+00,0.0000000000000000e+00,0.0000000000000000e+00,0.0000000000000000e+00,0.0000000000000000e+00,0.0000000000000000e+00,0.0000000000000000e+00,7.3057828974835086e-12,-1.3367226169727789e-12,-6.5144771121979503e-13,-1.3367226169727789e-12,7.3872724892608116e-12,-1.4112782531568143e-12,-6.5144771121979513e-13,-1.4112782531568139e-12,7.2745285052488128e-12,2.0440118928764838e-03,-4.9270880204213649e-04,-3.0083519790728708e-04,-4.9270880204213725e-04,2.1081053521358716e-03,-5.1093643857610992e-04,-3.0083519790728735e-04,-5.1093643857610981e-04,2.0441609181725429e-03,4.8885427767819482e-05,1.2916954318593370e-05,2.0296610324692844e-05,1.2916954318593277e-05,4.5104634393127745e-05,1.2101325933602539e-05,2.0296610324691959e-05,1.2101325933602644e-05,4.8083962098481653e-05,5.4317557394689811e+02,1.5497222428002303e+02,1.1797977728112028e+02,1.5497222428002323e+02,5.4852431845045919e+02,1.5923938111355773e+02,1.1797977728112041e+02,1.5923938111355767e+02,5.4560082400780846e+02,-2.1471198937659008e+01,-1.6294551546676914e+01,-1.6318529387170223e+01,-1.6294551546676839e+01,-2.1350580516525724e+01,-1.6266286419963361e+01,-1.6318529387169985e+01,-1.6266286419963329e+01,-2.1415375199344346e+01,7.0299050158586074e-01,5.8463693868277355e-01,-3.5314243055840855e-01,-2.5420999057154503e-02,5.6867704628885751e-01,8.5673785817173587e-01,-7.1056802170501399e-01,5.7623646863933919e-01,-3.7419882285519679e-01,-6.9017170651290618e-03,-2.9726472969476694e-02,-4.4477425338395075e-03,-8.5227896957532356e-03,-3.0256342855560649e-02,2.9369039751328752e-02,1.1443005486929529e-02,-3.0959484551283011e-02,-1.9585305175785106e-02,7.0965681143885839e-01,6.1918459263579817e-01,-3.9058130009016739e-01,-1.5479613684075841e-02,5.1484625011500662e-01,8.2321819816165043e-01,-7.0458379538803961e-01,5.9432457907233427e-01,-4.1613791521465249e-01,-1.2351129883347136e-02,-3.4133769951787234e-02,-2.0025263546822200e-02,9.2055969759744644e-03,-2.6415024077285968e-02,2.7998443082232448e-02,5.5050814097141344e-03,-3.0206419844594858e-02,-8.0316252440604374e-03,1.0417331816078850e-07,6.9923725826700793e-07,1.1713221505503092e-07,8.6672099256957352e-06,1.0778498920241464e-05,8.6385274002211915e-06,3.3860974073784419e-04,4.2109338024752253e-04,3.3748917453512096e-04,6.4062087487792230e-01,4.4126439513145482e-01,6.4194935770701778e-01,-7.5431145631747354e-01,-8.2144786704052031e-01,-7.5149640584865185e-01
2.7427098634826780e+03,4.7704161509272934e-04,3.8253515906694151e-04,3.8401079067877945e-04,3.8253515906694146e-04,4.7046354482661829e-04,3.8113089089323378e-04,3.8401079067877945e-04,3.8113089089323384e-04,4.7419937848958957e-04,2.0616272914617171e-06,7.4373663045993632e-07,6.1952912261022120e-07,7.4373663045993632e-07,2.0644884135168998e-06,7.5484412143812877e-07,6.1952912261022089e-07,7.5484412143812877e-07,2.0628549730212768e-06,0.0000000000000000e+00,0.0000000000000000e+00,0.0000000000000000e+00,0.0000000000000000e+00,0.0000000000000000e+00,0.0000000000000000e+00,0.0000000000000000e+00,0.0000000000000000e+00,0.0000000000000000e+00,7.3057828974835070e-12,-1.3367226169727789e-12,-6.5144771121979503e-13,-1.3367226169727789e-12,7.3872724892608116e-12,-1.4112782531568143e-12,-6.5144771121979523e-13,-1.4112782531568141e-12,7.2745285052488128e-12,2.0458602473981758e-03,-4.9196624992358447e-04,-2.9982652552567343e-04,-4.9196624992358458e-04,2.1097484506274532e-03,-5.1022373502432534e-04,-2.9982652552567338e-04,-5.1022373502432480e-04,2.0459732781247771e-03,4.8213581867243895e-05,1.3409240071750160e-05,2.0644986896786519e-05,1.3409240071750577e-05,4.4264565671226144e-05,1.2600162666800094e-05,2.0644986896786207e-05,1.2600162666800146e-05,4.7387594252018970e-05,5.4228903367077555e+02,1.5423351336053784e+02,1.1723917849794830e+02,1.5423351336053790e+02,5.4764327078490919e+02,1.5850179988190774e+02,1.1723917849794826e+02,1.5850179988190757e+02,5.4471645268367433e+02,-2.1283249678828792e+01,-1.6292508598663538e+01,-1.6319229445824789e+01,-1.6292508598663634e+01,-2.1148972447338320e+01,-1.6261794058423373e+01,-1.6319229445824732e+01,-1.6261794058423337e+01,-2.1222390164364992e+01,7.0290300031458808e-01,5.8469206518733841e-01,-3.5317915118253379e-01,-2.5373839371087725e-02,5.6864354666985117e-01,8.5677581596427543e-01,-7.1066138590743833e-01,5.7621351637286589e-01,-3.7408974692532149e-01,-7.0729770536989475e-03,-2.9690882520576303e-02,-4.7253192284049074e-03,-8.1887962167891525e-03,-3.0295763341700487e-02,2.9424253261100496e-02,1.1262842294779300e-02,-3.0956542210123277e-02,-1.9194641760149699e-02,7.0957107424922583e-01,6.1926557015381722e-01,-3.9064023425484384e-01,-1.5413707751493321e-02,5.1479375189914978e-01,8.2323344048551139e-01,-7.0465518457330556e-01,5.9428958296977719e-01,-4.1602656063609927e-01,-1.2150846199789508e-02,-3.4199479974056736e-02,-1.9756572246407058e-02,8.8319195274018120e-03,-2.6337616220388438e-02,2.7958299055290729e-02,5.7186369675197172e-03,-3.0209082159083894e-02,-8.3477453568753471e-03,1.0746065655335746e-07,7.4649965862122307e-07,1.2076502020427732e-07,9.2839273835952432e-06,1.1516602711070943e-05,9.2527841375690335e-06,3.3849469487109957e-04,4.1989868722195879e-04,3.3735920305547371e-04,5.9271789131553498e-01,3.7769728916032508e-01,5.9439054490517151e-01,-7.9210017051639869e-01,-8.4773551270358094e-01,-7.8919973748955152e-01
2.9388665673872911e+03,5.0588562558286023e-04,4.0824518209927897e-04,4.0985565785747958e-04,4.0824518209927907e-04,4.9863791439670952e-04,4.0669820329403155e-04,4.0985565785747958e-04,4.0669820329403161e-04,5.0275318486882282e-04,2.0544037517674605e-06,7.3749731111436905e-07,6.1326438468279114e-07,7.3749731111436905e-07,2.0573624377898756e-06,7.4862569820591737e-07,6.1326438468279114e-07,7.4862569820591748e-07,2.0556733919401068e-06,0.0000000000000000e+00,0.0000000000000000e+00,0.0000000000000000e+00,0.0000000000000000e+00,0.0000000000000000e+00,0.0000000000000000e+00,0.0000000000000000e+00,0.0000000000000000e+00,0.0000000000000000e+00,7.3057828974835070e-12,-1.3367226169727785e-12,-6.5144771121979493e-13,-1.3367226169727785e-12,7.3872724892608099e-12,-1.4112782531568139e-12,-6.5144771121979503e-13,-1.4112782531568137e-12,7.2745285052488112e-12,2.0476964655604130e-03,-4.9120887009143817e-04,-2.9880604749327107e-04,-4.9120887009143860e-04,2.1113738218257344e-03,-5.0949618752075296e-04,-2.9880604749327091e-04,-5.0949618752075296e-04,2.0477725544390348e-03,4.7566911682775597e-05,1.3885863874512509e-05,2.0982595059846399e-05,1.3885863874511874e-05,4.3452780531260213e-05,1.3082758488606005e-05,2.0982595059846562e-05,1.3082758488606705e-05,4.6716307147687023e-05,5.4140657810603705e+02,1.5349488093778902e+02,1.1649854790907862e+02,1.5349488093778913e+02,5.4676683590231426e+02,1.5776439670969270e+02,1.1649854790907861e+02,1.5776439670969268e+02,5.4383636980069923e+02,-2.1099440741559683e+01,-1.6287765665722819e+01,-1.6317158037815894e+01,-1.6287765665722635e+01,-2.0951419085450507e+01,-1.6254569075031757e+01,-1.6317158037815943e+01,-1.6254569075031981e+01,-2.1033472992661448e+01,7.0282170261332499e-01,5.8474844436250728e-01,-3.5319803716349002e-01,-2.5345885432082001e-02,5.6860896881298129e-01,8.5681419932205705e-01,-7.1074749071459464e-01,5.7619034559288596e-01,-3.7399542632675153e-01,-7.2388577395781752e-03,-2.9655953520247337e-02,-4.9920579430764202e-03,-7.8674123866101526e-03,-3.0333922657321266e-02,2.9477995086273360e-02,1.1088175289162510e-02,-3.0954169406418552e-02,-1.8818146396998178e-02,7.0949457461199616e-01,6.1934865510459325e-01,-3.9068344391454007e-01,-1.5367690824442995e-02,5.1473908603913554e-01,8.2324992183685197e-01,-7.0471823556906177e-01,5.9425440443031352e-01,-4.1593009226152766e-01,-1.1956804364842298e-02,-3.4264294756477985e-02,-1.9497571054020033e-02,8.4723858276981884e-03,-2.6262255660154016e-02,2.7920055172162863e-02,5.9245005995874605e-03,-3.0210736826740286e-02,-8.6533180255275368e-03,1.1084578397570320e-07,7.9692584525577303e-07,1.2449624282475599e-07,9.9446247780157780e-06,1.2305217979657980e-05,9.9108300179672532e-06,3.3838299732188049e-04,4.1870624941633727e-04,3.3723307236701704e-04,5.3894643607647741e-01,3.0818101433221357e-01,5.4100669061661222e-01,-8.2922343919087271e-01,-8.7045524689163434e-01,-8.2626868605794779e-01
3.1490522624728578e+03,5.3651546486880761e-04,4.3562607532366754e-04,4.3738259810717576e-04,4.3562607532366754e-04,5.2853175776916333e-04,4.3392228191611230e-04,4.3738259810717576e-04,4.3392228191611230e-04,5.3306394261021337e-04,2.0472307540960282e-06,7.3128081476843492e-07,6.0702180587591886e-07,7.3128081476843492e-07,2.0502901416170514e-06,7.4243076886004728e-07,6.0702180587591897e-07,7.4243076886004728e-07,2.0485437111411104e-06,0.0000000000000000e+00,0.0000000000000000e+00,0.0000000000000000e+00,0.0000000000000000e+00,0.0000000000000000e+00,0.0000000000000000e+00,0.0000000000000000e+00,0.0000000000000000e+00,0.0000000000000000e+00,7.3057828974835086e-12,-1.3367226169727789e-12,-6.5144771121979503e-13,-1.3367226169727789e-12,7.3872724892608116e-12,-1.4112782531568145e-12,-6.5144771121979523e-13,-1.4112782531568141e-12,7.2745285052488136e-12,2.0495196675095156e-03,-4.9043641825355746e-04,-2.9777368904628079e-04,-4.9043641825355746e-04,2.1129804780995842e-03,-5.0875354599605785e-04,-2.9777368904628112e-04,-5.0875354599605764e-04,2.0495578432220066e-03,4.6945282338666578e-05,1.4346701122341914e-05,2.1309294255335059e-05,1.4346701122341507e-05,4.2669163477028044e-05,1.3548988024580021e-05,2.1309294255334443e-05,1.3548988024580433e-05,4.6069964621093603e-05,5.4052847123838262e+02,1.5275641159429179e+02,1.1575796863094409e+02,1.5275641159429185e+02,5.4589529290480186e+02,1.5702725938245862e+02,1.1575796863094421e+02,1.5702725938245857e+02,5.4296084594385661e+02,-2.0919698047632703e+01,-1.6280270747977394e+01,-1.6312260618827075e+01,-1.6280270747977227e+01,-2.0757845051224844e+01,-1.6244559313630045e+01,-1.6312260618826908e+01,-1.6244559313630134e+01,-2.0848549043175879e+01,7.0274580772560424e-01,5.8480613875274634e-01,-3.5320078127269156e-01,-2.5335258355464935e-02,5.6857323168391705e-01,8.5685317140786699e-01,-7.1082721261218818e-01,5.7616697265251104e-01,-3.7391394222396701e-01,-7.3989468368411450e-03,-2.9621706795260157e-02,-5.2471047269187021e-03,-7.5596719971639205e-03,-3.0370792420850262e-02,2.9530187555202501e-02,1.0919485479554273e-02,-3.0952372579766785e-02,-1.8456719158941245e-02,7.0942627918405621e-01,6.1943395030953807e-01,-3.9071242981851095e-01,-1.5339491335994528e-02,5.1468210088955402e-01,8.2326772484114752e-01,-7.0477399956470310e-01,5.9421907338303026e-01,-4.1584689838700700e-01,-1.1769609175040753e-02,-3.4328190455286275e-02,-1.9249082208375245e-02,8.1280605401643745e-03,-2.6188977327680062e-02,2.7883641423789084e-02,6.1222265532245588e-03,-3.0211374652283941e-02,-8.9473831803750549e-03,1.1433685102320827e-07,8.5072231261681850e-07,1.2833343030007231e-07,1.0652450065788478e-05,1.3147806181306514e-05,1.0615800014294725e-05,3.3827479437967235e-04,4.1751629015461083e-04,3.3711095051685333e-04,4.7878418540226941e-01,2.3257635960724296e-01,4.8127695509451840e-01,-8.6496116115171540e-01,-8.8851065519943062e-01,-8.6199326894165740e-01
3.3742702924418309e+03,5.6904431900636711e-04,4.6478069722164140e-04,4.6669523823512449e-04,4.6478069722164156e-04,5.6025193800948378e-04,4.6290464702943555e-04,4.6669523823512465e-04,4.6290464702943571e-04,5.6524206939819973e-04,2.0401094291314116e-06,7.2508787773304764e-07,6.0080211936019165e-07,7.2508787773304774e-07,2.0432727388350953e-06,7.3626008734147329e-07,6.0080211936019154e-07,7.3626008734147329e-07,2.0414670981296402e-06,0.0000000000000000e+00,0.0000000000000000e+00,0.0000000000000000e+00,0.0000000000000000e+00,0.0000000000000000e+00,0.0000000000000000e+00,0.0000000000000000e+00,0.0000000000000000e+00,0.0000000000000000e+00,7.3057828974835086e-12,-1.3367226169727789e-12,-6.5144771121979503e-13,-1.3367226169727789e-12,7.3872724892608116e-12,-1.4112782531568143e-12,-6.5144771121979533e-13,-1.4112782531568143e-12,7.2745285052488128e-12,2.0513295194131836e-03,-4.8964890942293439e-04,-2.9672952393016317e-04,-4.8964890942293504e-04,2.1145680440241982e-03,-5.0799582928762112e-04,-2.9672952393016306e-04,-5.0799582928762123e-04,2.0513287907609509e-03,4.6348576259492548e-05,1.4791624719569566e-05,2.1624946288999432e-05,1.4791624719569081e-05,4.1913616178681087e-05,1.3998723130687522e-05,2.1624946288999567e-05,1.3998723130687441e-05,4.5448447979130905e-05,5.3965486268654024e+02,1.5201820182587107e+02,1.1501753640508434e+02,1.5201820182587124e+02,5.4502880456982996e+02,1.5629048738929148e+02,1.1501753640508437e+02,1.5629048738929151e+02,5.4209003688685459e+02,-2.0743949112536047e+01,-1.6269973156668090e+01,-1.6304483932470816e+01,-1.6269973156667984e+01,-2.0568176711791537e+01,-1.6231713995993100e+01,-1.6304483932470820e+01,-1.6231713995993100e+01,-2.0667545401665876e+01,7.0267460019566463e-01,5.8486519004651494e-01,-3.5318893127070039e-01,-2.5340260310294696e-02,5.6853628691987379e-01,8.5689285710730934e-01,-7.1090134090689339e-01,5.7614340279615295e-01,-3.7384360783644760e-01,-7.5529704768335379e-03,-2.9588170105861782e-02,-5.4899406340357497e-03,-7.2662506401126098e-03,-3.0406334621458669e-02,2.9580753176341394e-02,1.0757099175029407e-02,-3.0951160662586234e-02,-1.8110956339094951e-02,7.0936524952662272e-01,6.1952152591143594e-01,-3.9072855894218361e-01,-1.5327246393351979e-02,5.1462270165506252e-01,8.2328689002430577e-01,-7.0482340565792057e-01,5.9418360107644308e-01,-4.1577553005744872e-01,-1.1589674635800592e-02,-3.4391128596906656e-02,-1.9011630524300244e-02,7.7996288447459844e-03,-2.6117839716174127e-02,2.7849003376140609e-02,6.3115422268175125e-03,-3.0210980116068459e-02,-9.2292759378203928e-03,1.1794343304840621e-07,9.0810847018635345e-07,1.3228553081578724e-07,1.1410774279510561e-05,1.4048065309121314e-05,1.1371051032555973e-05,3.3817013133387774e-04,4.1632898646525631e-04,3.3699289170836333e-04,4.1173043443134599e-01,1.5088517875034685e-01,4.1470081316950702e-01,-8.9842384268271991e-01,-9.0063889504337291e-01,-8.9549598121213336e-01
3.6155957594411643e+03,6.0359208525471769e-04,4.9581767714673350e-04,4.9790300412094236e-04,4.9581767714673339e-04,5.9391146136637037e-04,4.9375247045265987e-04,4.9790300412094226e-04,4.9375247045266009e-04,5.9940444317998316e-04,2.0330402374670176e-06,7.1891925599369107e-07,5.9460607945153539e-07,7.1891925599369107e-07,2.0363107737666189e-06,7.3011442736631627e-07,5.9460607945153528e-07,7.3011442736631627e-07,2.0344440506588691e-06,0.0000000000000000e+00,0.0000000000000000e+00,0.0000000000000000e+00,0.0000000000000000e+00,0.0000000000000000e+00,0.0000000000000000e+00,0.0000000000000000e+00,0.0000000000000000e+00,0.0000000000000000e+00,7.3057828974835086e-12,-1.3367226169727789e-12,-6.5144771121979503e-13,-1.3367226169727789e-12,7.3872724892608116e-12,-1.4112782531568145e-12,-6.5144771121979533e-13,-1.4112782531568141e-12,7.2745285052488128e-12,2.0531261307371010e-03,-4.8884656762324087e-04,-2.9567374438456136e-04,-4.8884656762323989e-04,2.1161366398529898e-03,-5.0722327314366373e-04,-2.9567374438456054e-04,-5.0722327314366481e-04,2.0530854897767951e-03,4.5776581686883153e-05,1.5220554112339166e-05,2.1929440769084273e-05,1.5220554112338787e-05,4.1185933354054336e-05,1.4431883938627277e-05,2.1929440769084334e-05,1.4431883938626841e-05,4.4851543722996953e-05,5.3878581030593978e+02,1.5128035780207000e+02,1.1427735719286409e+02,1.5128035780206966e+02,5.4416744046707083e+02,1.5555418973957293e+02,1.1427735719286386e+02,1.5555418973957319e+02,5.4122400631296000e+02,-2.0572100576232501e+01,-1.6256824850200857e+01,-1.6293777364971969e+01,-1.6256824850200747e+01,-2.0382319383064477e+01,-1.6215985026014017e+01,-1.6293777364971920e+01,-1.6215985026013936e+01,-2.0490368329360251e+01,7.0260744172744860e-01,5.8492562102907630e-01,-3.5316390395078900e-01,-2.5359357816567375e-02,5.6849811559240637e-01,8.5693334550091416e-01,-7.1097058512040934e-01,5.7611963137720767e-01,-3.7378294670163331e-01,-7.7007765304942053e-03,-2.9555373334303053e-02,-5.7203297821479997e-03,-6.9875135394304195e-03,-3.0440509095598551e-02,2.9629621199898443e-02,1.0601206971290767e-02,-3.0950542588034372e-02,-1.7781182318012935e-02,7.0931063569315733e-01,6.1961142175191630e-01,-3.9073307783813538e-01,-1.5329282205211637e-02,5.1456084600325824e-01,8.2330742266668233e-01,-7.0486727449905973e-01,5.9414798172207395e-01,-4.1571468776083959e-01,-1.1417247860016971e-02,-3.4453064232231205e-02,-1.8785486575625544e-02,7.4874468380433283e-03,-2.6048910851616001e-02,2.7816095872170023e-02,6.4923260344116303e-03,-3.0209535909382912e-02,-9.4985925447150094e-03,1.2167606042775851e-07,9.6931703151488489e-07,1.3636233560772611e-07,1.2223207429239607e-05,1.5009946155102562e-05,1.2180177732071495e-05,3.3806897237673649e-04,4.1514447835901152e-04,3.3687885876805253e-04,3.3733577290849293e-01,6.3301855712931260e-02,3.4082714689651661e-01,-9.2852737070609070e-01,-9.0540780507696650e-01,-9.2570671632763457e-01
3.8741806561764342e+03,6.4028526037749657e-04,5.2885168580656615e-04,5.3112138802401143e-04,5.2885168580656615e-04,6.2962931917626001e-04,5.2657883642810808e-04,5.3112138802401153e-04,5.2657883642810797e-04,6.3567426967151854e-04,2.0260231549322369e-06,7.1277572535530979e-07,5.8843446190481872e-07,7.1277572535530979e-07,2.0294043063881297e-06,7.2399458253424762e-07,5.8843446190481851e-07,7.2399458253424741e-07,2.0274745819938374e-06,0.0000000000000000e+00,0.0000000000000000e+00,0.0000000000000000e+00,0.0000000000000000e+00,0.0000000000000000e+00,0.0000000000000000e+00,0.0000000000000000e+00,0.0000000000000000e+00,0.0000000000000000e+00,7.3057828974835070e-12,-1.3367226169727789e-12,-6.5144771121979503e-13,-1.3367226169727789e-12,7.3872724892608116e-12,-1.4112782531568143e-12,-6.5144771121979523e-13,-1.4112782531568141e-12,7.2745285052488128e-12,2.0549099395216525e-03,-4.8802977128869227e-04,-2.9460662961429591e-04,-4.8802977128869232e-04,2.1176867519963546e-03,-5.0643627368391491e-04,-2.9460662961429613e-04,-5.0643627368391459e-04,2.0548283636328589e-03,4.5228920161034338e-05,1.5633485788810993e-05,2.2222709986053488e-05,1.5633485788810248e-05,4.0485722690674105e-05,1.4848470701094644e-05,2.2222709986052969e-05,1.4848470701094622e-05,4.4278870607370157e-05,5.3792130492742967e+02,1.5054299319221244e+02,1.1353754486186691e+02,1.5054299319221249e+02,5.4331120221289427e+02,1.5481848284501086e+02,1.1353754486186696e+02,1.5481848284501075e+02,5.4036275067441011e+02,-2.0404023936631170e+01,-1.6240781068883905e+01,-1.6280093557812943e+01,-1.6240781068883674e+01,-2.0200142909833811e+01,-1.6197327611638030e+01,-1.6280093557812751e+01,-1.6197327611638016e+01,-2.0316888956603890e+01,7.0254376167830046e-01,5.8498743845171330e-01,-3.5312699973384493e-01,-2.5391162714457727e-02,5.6845872357755067e-01,8.5697469420061056e-01,-7.1103558395627031e-01,5.7609564551732606e-01,-3.7373066645531960e-01,-7.8423168578270995e-03,-2.9523344707180703e-02,-5.9382679764536433e-03,-6.7235647674032699e-03,-3.0473279355789126e-02,2.9676732540991294e-02,1.0451883753514541e-02,-3.0950525373006972e-02,-1.7467484900132099e-02,7.0926166766244436e-01,6.1970365141229389e-01,-3.9072712685912081e-01,-1.5344091788667040e-02,5.1449653686684715e-01,8.2332930014145866e-01,-7.0490633309496831e-01,5.9411219501028711e-01,-4.1566320470641788e-01,-1.1252434024805203e-02,-3.4513952555888031e-02,-1.8570710153499825e-02,7.1915934677532958e-03,-2.5982256950866017e-02,2.7784877938488405e-02,6.6645842314952556e-03,-3.0207026551049416e-02,-9.7551538132474129e-03,1.2554575794098054e-07,1.0345944205016145e-06,1.4057392811254358e-07,1.3093615711189363e-05,1.6037669792420436e-05,1.3047029670631155e-05,3.3797122212963387e-04,4.1396287926977004e-04,3.3676874747260051e-04,2.5524216348798412e-01,-2.9724666412781195e-02,2.5929357304912576e-01,-9.5396797597726946e-01,-9.0122252839651373e-01,-9.5133779488590897e-01
4.1512593650711451e+03,6.7925688895316882e-04,5.6400371352317044e-04,5.6647222272309652e-04,5.6400371352317044e-04,6.6753038659646334e-04,5.6150300963834327e-04,5.6647222272309642e-04,5.6150300963834316e-04,6.7418100840807051e-04,2.0190578526311804e-06,7.0665808154942075e-07,5.8228806417712372e-07,7.0665808154942075e-07,2.0225530921941433e-06,7.1790136639543725e-07,5.8228806417712362e-07,7.1790136639543735e-07,2.0205584008809143e-06,0.0000000000000000e+00,0.0000000000000000e+00,0.0000000000000000e+00,0.0000000000000000e+00,0.0000000000000000e+00,0.0000000000000000e+00,0.0000000000000000e+00,0.0000000000000000e+00,0.0000000000000000e+00,7.3057828974835070e-12,-1.3367226169727789e-12,-6.5144771121979493e-13,-1.3367226169727789e-12,7.3872724892608099e-12,-1.4112782531568141e-12,-6.5144771121979513e-13,-1.4112782531568139e-12,7.2745285052488128e-12,2.0566815976526313e-03,-4.8719899989289536e-04,-2.9352851577603141e-04,-4.8719899989289509e-04,2.1192191039986724e-03,-5.0563533206136196e-04,-2.9352851577603135e-04,-5.0563533206136261e-04,2.0565580505997856e-03,4.4705011555821722e-05,1.6030506344537266e-05,2.2504734124908836e-05,1.6030506344536901e-05,3.9812367034850996e-05,1.5248577551381925e-05,2.2504734124909229e-05,1.5248577551381945e-05,4.3729844590475880e-05,5.3706129476487763e+02,1.4980622723603290e+02,1.1279821915031580e+02,1.4980622723603281e+02,5.4246004834878875e+02,1.5408348864076851e+02,1.1279821915031582e+02,1.5408348864076868e+02,5.3950622371235806e+02,-2.0239549098197358e+01,-1.6221800377283728e+01,-1.6263388398928800e+01,-1.6221800377283650e+01,-2.0021475215611758e+01,-1.6175700311234113e+01,-1.6263388398928889e+01,-1.6175700311234166e+01,-2.0146936829982540e+01,7.0248304745853940e-01,5.8505063643056832e-01,-3.5307941598258907e-01,-2.5434413442283421e-02,5.6841813614235503e-01,8.5701693484761909e-01,-7.1109691452195734e-01,5.7607142599974959e-01,-3.7368563154785495e-01,-7.9776291346417959e-03,-2.9492108195046125e-02,-6.1439337505749987e-03,-6.4742960101159411e-03,-3.0504616563716447e-02,2.9722042839935403e-02,1.0309108987951435e-02,-3.0951112835651003e-02,-1.7169752938103640e-02,7.0921764615445737e-01,6.1979820731039537e-01,-3.9071175341345904e-01,-1.5370312913571280e-02,5.1442981348653127e-01,8.2335247922457366e-01,-7.0494122918077928e-01,5.9407620914807380e-01,-4.1562002932220482e-01,-1.1095221452117542e-02,-3.4573753694239019e-02,-1.8367192392559479e-02,6.9119221414788278e-03,-2.5917934256879830e-02,2.7755309151168545e-02,6.8284274624430836e-03,-3.0203440944849148e-02,-9.9989674605590328e-03,1.2956364400024785e-07,1.1042012211818220e-06,1.4493019720273965e-07,1.4026140089038881e-05,1.7135746354108583e-05,1.3975729838119396e-05,3.3787674668211195e-04,4.1278428657793361e-04,3.3666241034495988e-04,1.6523580650630659e-01,-1.2741800969012484e-01,1.6987836415248911e-01,-9.7319949288924690e-01,-8.8634610631992661e-01,-9.7086114736941020e-01
4.4481545507221435e+03,7.2064660591684266e-04,6.0140135604681204e-04,6.0408396212173606e-04,6.0140135604681204e-04,7.0774541225004895e-04,5.9865071011546702e-04,6.0408396212173596e-04,5.9865071011546702e-04,7.1506039149214502e-04,2.0121438571486529e-06,7.0056714029947848e-07,5.7616770565643448e-07,7.0056714029947859e-07,2.0157567422118190e-06,7.1183561247193364e-07,5.7616770565643459e-07,7.1183561247193353e-07,2.0136950716774293e-06,0.0000000000000000e+00,0.0000000000000000e+00,0.0000000000000000e+00,0.0000000000000000e+00,0.0000000000000000e+00,0.0000000000000000e+00,0.0000000000000000e+00,0.0000000000000000e+00,0.0000000000000000e+00,7.3057828974835070e-12,-1.3367226169727785e-12,-6.5144771121979493e-13,-1.3367226169727785e-12,7.3872724892608099e-12,-1.4112782531568139e-12,-6.5144771121979513e-13,-1.4112782531568139e-12,7.2745285052488120e-12,2.0584418662881296e-03,-4.8635478635535517e-04,-2.9243976988278293e-04,-4.8635478635535533e-04,2.1207345393841450e-03,-5.0482100505398438e-04,-2.9243976988278282e-04,-5.0482100505398482e-04,2.0582752984223515e-03,4.4204071887660686e-05,1.6411790709746827e-05,2.2775538484575053e-05,1.6411790709747013e-05,3.9165023307990238e-05,1.5632390850517745e-05,2.2775538484575697e-05,1.5632390850517453e-05,4.3203676833690168e-05,5.3620570742870791e+02,1.4907018318355850e+02,1.1205950403739850e+02,1.4907018318355856e+02,5.4161391674521872e+02,1.5334933306657109e+02,1.1205950403739848e+02,1.5334933306657115e+02,5.3865435856510373e+02,-2.0078464668108040e+01,-1.6199844262157200e+01,-1.6243620552779504e+01,-1.6199844262157303e+01,-1.9846102722491111e+01,-1.6151064648896266e+01,-1.6243620552779674e+01,-1.6151064648896231e+01,-1.9980300238370504e+01,7.0242483579796811e-01,5.8511519998774442e-01,-3.5302225791203229e-01,-2.5487958505484517e-02,5.6837639235229576e-01,8.5706007906208836e-01,-7.1115510080368838e-01,5.7604694919423194e-01,-3.7364683761958339e-01,-8.1068189232438095e-03,-2.9461682102917646e-02,-6.3376433631763505e-03,-6.2394331838622969e-03,-3.0534501642229317e-02,2.9765523642689199e-02,1.0172786580201407e-02,-3.0952304938992165e-02,-1.6887714840669435e-02,7.0917793400176243e-01,6.1989506622387192e-01,-3.9068792305003863e-01,-1.5406708421170760e-02,5.1436074177704272e-01,8.2337690291085708e-01,-7.0497254399606246e-01,5.9403998406526948e-01,-4.1558420900795695e-01,-1.0945505928702986e-02,-3.4632435577443915e-02,-1.8174695161222471e-02,6.6481102449508890e-03,-2.5855984176899435e-02,2.7727347509848104e-02,6.9840478316724533e-03,-3.0198773856326751e-02,-1.0230190785882632e-02,1.3374063115655503e-07,1.1784126933480431e-06,1.4944046115245081e-07,1.5025216303741485e-05,1.8308995180787561e-05,1.4970694630327585e-05,3.3778539240058978e-04,4.1160879128660573e-04,3.3655967794323020e-04,6.7315339062244683e-02,-2.2859137549199365e-01,7.2567494125272691e-02,-9.8441611206505231e-01,-8.5893970778447248e-01,-9.8249076271322655e-01
4.7662834737792864e+03,7.6460079549136445e-04,6.4117910765091213e-04,6.4409196789113601e-04,6.4117910765091181e-04,7.5041112080581466e-04,6.3815439474813700e-04,6.4409196789113612e-04,6.3815439474813732e-04,7.5845455712853936e-04,2.0052806806207099e-06,6.9450373734034957e-07,5.7007422785119543e-07,6.9450373734034947e-07,2.0090148528627147e-06,7.0579817422915749e-07,5.7007422785119543e-07,7.0579817422915780e-07,2.0068841443384306e-06,0.0000000000000000e+00,0.0000000000000000e+00,0.0000000000000000e+00,0.0000000000000000e+00,0.0000000000000000e+00,0.0000000000000000e+00,0.0000000000000000e+00,0.0000000000000000e+00,0.0000000000000000e+00,7.3057828974835070e-12,-1.3367226169727789e-12,-6.5144771121979503e-13,-1.3367226169727789e-12,7.3872724892608099e-12,-1.4112782531568143e-12,-6.5144771121979513e-13,-1.4112782531568141e-12,7.2745285052488128e-12,2.0601915289623521e-03,-4.8549767844933994e-04,-2.9134076923819215e-04,-4.8549767844933961e-04,2.1222339247251318e-03,-5.0399386494562348e-04,-2.9134076923819215e-04,-5.0399386494562391e-04,2.0599808767635505e-03,4.3725136696191034e-05,1.6777589157177558e-05,2.3035184878007759e-05,1.6777589157176877e-05,3.8542649926774723e-05,1.6000175861031493e-05,2.3035184878007945e-05,1.6000175861031744e-05,4.2699397470342852e-05,5.3535446804441335e+02,1.4833498716957797e+02,1.1132152658410295e+02,1.4833498716957794e+02,5.4077274300821921e+02,1.5261614497073097e+02,1.1132152658410294e+02,1.5261614497073106e+02,5.3780708595751310e+02,-1.9920523452450354e+01,-1.6174876451574629e+01,-1.6220750706655409e+01,-1.6174876451574441e+01,-1.9673776054991219e+01,-1.6123384460129245e+01,-1.6220750706655430e+01,-1.6123384460129358e+01,-1.9816731761557186e+01,7.0236870550885466e-01,5.8518110838493087e-01,-3.5295654661575976e-01,-2.5550743256003389e-02,5.6833353984013502e-01,8.5710412419796822e-01,-7.1121062073089369e-01,5.7602218883589640e-01,-3.7361338947252981e-01,-8.2300426482257577e-03,-2.9432078748430127e-02,-6.5198109481990098e-03,-6.0185793763362465e-03,-3.0562925701490877e-02,2.9807161875946044e-02,1.0042763601613844e-02,-3.0954097692872558e-02,-1.6620976411135632e-02,7.0914194886142246e-01,6.1999419465349836e-01,-3.9065652777769977e-01,-1.5452150227226054e-02,5.1428940501869125e-01,8.2340250635401535e-01,-7.0500080273754462e-01,5.9400347446819513e-01,-4.1555487651899092e-01,-1.0803113449787322e-02,-3.4689975007721342e-02,-1.7992886541848666e-02,6.3997049565579726e-03,-2.5796431513433853e-02,2.7700948693638525e-02,7.1316972998446545e-03,-3.0193026395157013e-02,-1.0449095096501786e-02,1.3808725520993019e-07,1.2575193696820492e-06,1.5411323301014941e-07,1.6095596362572173e-05,1.9562566409639968e-05,1.6036655308003235e-05,3.3769700126143852e-04,4.1043648614815594e-04,3.3646037622868104e-04,-3.8222142580942323e-02,-3.3155682566123706e-01,-3.2360701729853635e-02,-9.8554527645096335e-01,-8.1712943679106420e-01,-9.8417494028991903e-01
5.1071647563894639e+03,8.1127287398327804e-04,6.8347866118622443e-04,6.8663880165815928e-04,6.8347866118622454e-04,7.9567043584080155e-04,6.8015354504390548e-04,6.8663880165815950e-04,6.8015354504390548e-04,8.0451230535605258e-04,1.9984679151201404e-06,6.8846872838751272e-07,5.6400849453583116e-07,6.8846872838751282e-07,2.0023271001214229e-06,6.9978992499299434e-07,5.6400849453583126e-07,6.9978992499299434e-07,2.0001252487106482e-06,0.0000000000000000e+00,0.0000000000000000e+00,0.0000000000000000e+00,0.0000000000000000e+00,0.0000000000000000e+00,0.0000000000000000e+00,0.0000000000000000e+00,0.0000000000000000e+00,0.0000000000000000e+00,7.3057828974835086e-12,-1.3367226169727787e-12,-6.5144771121979503e-13,-1.3367226169727787e-12,7.3872724892608116e-12,-1.4112782531568143e-12,-6.5144771121979513e-13,-1.4112782531568141e-12,7.2745285052488120e-12,2.0619313268047329e-03,-4.8462821095056411e-04,-2.9023188716265200e-04,-4.8462821095056428e-04,2.1237180777924696e-03,-5.0315447051818432e-04,-2.9023188716265232e-04,-5.0315447051818443e-04,2.0616755119883612e-03,4.3267101457135910e-05,1.7128207206207351e-05,2.3283759585445605e-05,1.7128207206207761e-05,3.7944053051428079e-05,1.6352256008784113e-05,2.3283759585445138e-05,1.6352256008784249e-05,4.2215896519705765e-05,5.3450751261999574e+02,1.4760076753052164e+02,1.1058441624845167e+02,1.4760076753052167e+02,5.3993647402519923e+02,1.5188405544409457e+02,1.1058441624845179e+02,1.5188405544409463e+02,5.3696434761284422e+02,-1.9765451350515068e+01,-1.6146862118151240e+01,-1.6194740706172738e+01,-1.6146862118151319e+01,-1.9504219186079272e+01,-1.6092625126502039e+01,-1.6194740706172656e+01,-1.6092625126502035e+01,-1.9655957229975083e+01,7.0231427204652441e-01,5.8524833797004661e-01,-3.5288322428340557e-01,-2.5621800383291978e-02,5.6828963036348212e-01,8.5714905837902677e-01,-7.1126391150568746e-01,5.7599711752072758e-01,-3.7358448374272279e-01,-8.3474920885870108e-03,-2.9403305030186910e-02,-6.6909146517749908e-03,-5.8112528381126308e-03,-3.0589889098128945e-02,2.9846957948470705e-02,9.9188472511086753e-03,-3.0956483500459323e-02,-1.6369056427384749e-02,7.0910915766299798e-01,6.2009555353915291e-01,-3.9061839156295292e-01,-1.5505607525752942e-02,5.1421589570171633e-01,8.2342922166015908e-01,-7.0502648238620069e-01,5.9396663248190307e-01,-4.1553123968772171e-01,-1.0667820671603302e-02,-3.4746357200591931e-02,-1.7821371507475814e-02,6.1661639718270187e-03,-2.5739285298678718e-02,2.7676066437788770e-02,7.2716681518472798e-03,-3.0186205676354376e-02,-1.0656033184795166e-02,1.4261364297664641e-07,1.3418277414255453e-06,1.5895613848102647e-07,1.7242371559191623e-05,2.0901964079662204e-05,1.7178680986465657e-05,3.3761142202471658e-04,4.0926747181030740e-04,3.3636433923487155e-04,-1.5067520373733839e-01,-4.3403168665231118e-01,-1.4423118695816922e-01,-9.7425724908873024e-01,-7.5910784244160567e-01,-9.7360472741574566e-01
5.4724256315004313e+03,8.6082368852485576e-04,7.2844921472166942e-04,7.3187452218016074e-04,7.2844921472166931e-04,8.4367281494673093e-04,7.2479496075618670e-04,7.3187452218016096e-04,7.2479496075618670e-04,8.5338946799392126e-04,1.9917052905235128e-06,6.8246298905147507e-07,5.5797139184703938e-07,6.8246298905147486e-07,1.9956932971370871e-06,6.9381175780782232e-07,5.5797139184703928e-07,6.9381175780782253e-07,1.9934181522999577e-06,0.0000000000000000e+00,0.0000000000000000e+00,0.0000000000000000e+00,0.0000000000000000e+00,0.0000000000000000e+00,0.0000000000000000e+00,0.0000000000000000e+00,0.0000000000000000e+00,0.0000000000000000e+00,7.3057828974835070e-12,-1.3367226169727787e-12,-6.5144771121979493e-13,-1.3367226169727787e-12,7.3872724892608099e-12,-1.4112782531568141e-12,-6.5144771121979513e-13,-1.4112782531568141e-12,7.2745285052488120e-12,2.0636619171616722e-03,-4.8374688879923718e-04,-2.8911348496150002e-04,-4.8374688879923691e-04,2.1251877220979875e-03,-5.0230334945548978e-04,-2.8911348496150050e-04,-5.0230334945548967e-04,2.0633598455698674e-03,4.2828770263653645e-05,1.7463982515672166e-05,2.3521360144211576e-05,1.7463982515672931e-05,3.7367941789857150e-05,1.6688988976762060e-05,2.3521360144212203e-05,1.6688988976761697e-05,4.1751973102584867e-05,5.3366479645827405e+02,1.4686765452205609e+02,1.0984830462716847e+02,1.4686765452205603e+02,5.3910507645123357e+02,1.5115319754274154e+02,1.0984830462716860e+02,1.5115319754274162e+02,5.3612610468336675e+02,-1.9612957820064672e+01,-1.6115767109081190e+01,-1.6165552730230477e+01,-1.6115767109081446e+01,-1.9337140161607465e+01,-1.6058752837938972e+01,-1.6165552730230683e+01,-1.6058752837938890e+01,-1.9497686259336273e+01,7.0226118386448522e-01,5.8531686434990882e-01,-3.5280315711976418e-01,-2.5700243885015347e-02,5.6824471643127861e-01,8.5719486445659965e-01,-7.1131537318740989e-01,5.7597170783136820e-01,-3.7355939656893083e-01,-8.4593808959416549e-03,-2.9375363625709916e-02,-6.8514691834454288e-03,-5.6169190881600805e-03,-3.0615399540589283e-02,2.9884922916772385e-02,9.8008195357701562e-03,-3.0959451806684725e-02,-1.6131418502486006e-02,7.0907907283057026e-01,6.2019910198223593e-01,-3.9057427339644463e-01,-1.5566139006965228e-02,5.1414030910518094e-01,8.2345698139534018e-01,-7.0505001699029091e-01,5.9392940970572905e-01,-4.1551257455997892e-01,-1.0539372512378773e-02,-3.4801574193468965e-02,-1.7659717232970620e-02,5.9468900899739335e-03,-2.5684541545546290e-02,2.7652653684912501e-02,7.4042761543437448e-03,-3.0178323892797964e-02,-1.0851410945264177e-02,1.4732961057816523e-07,1.4316610300639862e-06,1.6397597680329940e-07,1.8470997084766041e-05,2.2333070834922141e-05,1.8402203209518576e-05,3.3752851712489436e-04,4.0810186083422120e-04,3.3627141689403017e-04,-2.6881140739990961e-01,-5.3305048856951898e-01,-2.6184719376555210e-01,-9.4800020713438082e-01,-6.8327904993119060e-01,-9.4824721638660270e-01
5.8638097106298083e+03,9.1342201001773002e-04,7.7624778434754772e-04,7.7995698688143253e-04,7.7624778434754772e-04,8.9457467522658708e-04,7.7223305893653013e-04,7.7995698688143264e-04,7.7223305893653013e-04,9.0524937099921627e-04,1.9849926991857132e-06,6.7648741469268224e-07,5.5196382832530125e-07,6.7648741469268224e-07,1.9891134186432943e-06,6.8786458523066515e-07,5.5196382832530125e-07,6.8786458523066505e-07,1.9867627848380445e-06,0.0000000000000000e+00,0.0000000000000000e+00,0.0000000000000000e+00,0.0000000000000000e+00,0.0000000000000000e+00,0.0000000000000000e+00,0.0000000000000000e+00,0.0000000000000000e+00,0.0000000000000000e+00,7.3057828974835070e-12,-1.3367226169727787e-12,-6.5144771121979483e-13,-1.3367226169727787e-12,7.3872724892608099e-12,-1.4112782531568141e-12,-6.5144771121979513e-13,-1.4112782531568139e-12,7.2745285052488120e-12,2.0653838540501250e-03,-4.8285418026214859e-04,-2.8798590939934716e-04,-4.8285418026214853e-04,2.1266434659400809e-03,-5.0144099112297321e-04,-2.8798590939934754e-04,-5.0144099112297397e-04,2.0650344145184433e-03,4.2408904822810547e-05,1.7785262368724741e-05,2.3748082921656477e-05,1.7785262368724480e-05,3.6812983447459041e-05,1.7010743373333126e-05,2.3748082921656612e-05,1.7010743373332913e-05,4.1306384938375772e-05,5.3282629799544020e+02,1.4613578035876677e+02,1.0911332553762328e+02,1.4613578035876671e+02,5.3827854053283693e+02,1.5042370632248091e+02,1.0911332553762345e+02,1.5042370632248114e+02,5.3529234158430222e+02,-1.9462746272475076e+01,-1.6081557312270391e+01,-1.6133148619445830e+01,-1.6081557312270331e+01,-1.9172241732360188e+01,-1.6021733988652258e+01,-1.6133148619445848e+01,-1.6021733988652233e+01,-1.9341622711419404e+01,7.0220912031580185e-01,5.8538666380633098e-01,-3.5271713675353894e-01,-2.5785265810822109e-02,5.6819884911598573e-01,8.5724152271607534e-01,-7.1136537077640460e-01,5.7594593306197694e-01,-3.7353747585119401e-01,-8.5659334947325357e-03,-2.9348254531492576e-02,-7.0020047873844615e-03,-5.4350166184162236e-03,-3.0639469691172299e-02,2.9921075198804690e-02,9.6884493208985421e-03,-3.0962989896492581e-02,-1.5907498056994467e-02,7.0905125002660196e-01,6.2030479979389141e-01,-3.9052486862107316e-01,-1.5632888359334875e-02,5.1406273890654663e-01,8.2348572080342397e-01,-7.0507180079238496e-01,5.9389175860104648e-01,-4.1549822150696331e-01,-1.0417496544639379e-02,-3.4855622576444222e-02,-1.7507472850323350e-02,5.7412590483721729e-03,-2.5632187129966573e-02,2.7630664133506372e-02,7.5298468248859397e-03,-3.0169397057554226e-02,-1.1035663899243117e-02,1.5224486771932478e-07,1.5273600334350287e-06,1.6917889650366898e-07,1.9787318305792537e-05,2.3862174318424458e-05,1.9713042178048945e-05,3.3744816565112000e-04,4.0693977969932311e-04,3.3618147843906838e-04,-3.9072104766236959e-01,-6.2489570600127897e-01,-3.8334552310322645e-01,-9.0407244725576863e-01,-5.8845635857724032e-01,-9.0541507533107601e-01
6.2831853071795858e+03,9.6924508856220551e-04,8.2703952266492372e-04,8.3105215705877439e-04,8.2703952266492383e-04,9.4853987736892250e-04,8.2263017792444436e-04,8.3105215705877439e-04,8.2263017792444447e-04,9.6026335746488304e-04,1.9783301939010960e-06,6.7054292021207950e-07,5.4598673489575650e-07,6.7054292021207939e-07,1.9825875986349909e-06,6.8194933905651258e-07,5.4598673489575639e-07,6.8194933905651248e-07,1.9801592361271177e-06,0.0000000000000000e+00,0.0000000000000000e+00,0.0000000000000000e+00,0.0000000000000000e+00,0.0000000000000000e+00,0.0000000000000000e+00,0.0000000000000000e+00,0.0000000000000000e+00,0.0000000000000000e+00,7.3057828974835070e-12,-1.3367226169727787e-12,-6.5144771121979493e-13,-1.3367226169727787e-12,7.3872724892608099e-12,-1.4112782531568141e-12,-6.5144771121979503e-13,-1.4112782531568137e-12,7.2745285052488112e-12,2.0670975866263004e-03,-4.8195051811514777e-04,-2.8684949445452256e-04,-4.8195051811514771e-04,2.1280858015693105e-03,-5.0056784768096735e-04,-2.8684949445452289e-04,-5.0056784768096735e-04,2.0666996499725970e-03,4.2006267466242544e-05,1.8092384503122967e-05,2.3964012899010761e-05,1.8092384503122781e-05,3.6277851808992521e-05,1.7317878840004453e-05,2.3964012899010313e-05,1.7317878840004256e-05,4.0877891775179656e-05,5.3199201890161669e+02,1.4540527947613603e+02,1.0837961533252570e+02,1.4540527947613600e+02,5.3745688012722678e+02,1.4969571908776649e+02,1.0837961533252580e+02,1.4969571908776649e+02,5.3446306607181748e+02,-1.9314523112867906e+01,-1.6044198226907572e+01,-1.6097489428229107e+01,-1.6044198226907508e+01,-1.9009230588482961e+01,-1.5981534772747720e+01,-1.6097489428228968e+01,-1.5981534772747649e+01,-1.9187473790589419e+01,7.0215779067881168e-01,5.8545771397544977e-01,-3.5262588103780457e-01,-2.5876134771552151e-02,5.6815207700928261e-01,8.5728901234372590e-01,-7.1141423522125358e-01,5.7591976756359098e-01,-3.7351813715538512e-01,-8.6673765226608652e-03,-2.9321976668507010e-02,-7.1430522272484887e-03,-5.2649761628371190e-03,-3.0662114693876134e-02,2.9955437300103298e-02,9.5815016105576419e-03,-3.0967083700745909e-02,-1.5696723672172303e-02,7.0902528696470002e-01,6.2041260885706795e-01,-3.9047080937224676e-01,-1.5705081975380109e-02,5.1398327482891359e-01,8.2351537885650561e-01,-7.0509218979621890e-01,5.9385363322325768e-01,-4.1548758350104026e-01,-1.0301914063641360e-02,-3.4908500998477421e-02,-1.7364183848740139e-02,5.5486404929426967e-03,-2.5582204026757545e-02,2.7610053828248472e-02,7.6487049862349948e-03,-3.0159443666318852e-02,-1.1209238982472369e-02,1.5736929153642992e-07,1.6292840275870103e-06,1.7457064441865293e-07,2.1197598806161564e-05,2.5495995363859941e-05,2.1117434727400713e-05,3.3737026316794732e-04,4.0578136912063566e-04,3.3609441222862748e-04,-5.1365604511362417e-01,-7.0506685100963828e-01,-5.0603666380773704e-01,-8.3974624450895741e-01,-4.7411948806177262e-01,-8.4238662876086035e-01
6.7325543550282046e+03,1.0284792353104795e-03,8.8099804243327946e-04,8.8533440599701399e-04,8.8099804243327946e-04,1.0057402321570321e-03,8.7615688573949922e-04,8.8533440599701410e-04,8.7615688573949944e-04,1.0186113351482780e-03,1.9717179674604854e-06,6.6463043977234608e-07,5.4004106478226850e-07,6.6463043977234608e-07,1.9761161096214438e-06,6.7606696996978963e-07,5.4004106478226850e-07,6.7606696996978973e-07,1.9736077354717447e-06,0.0000000000000000e+00,0.0000000000000000e+00,0.0000000000000000e+00,0.0000000000000000e+00,0.0000000000000000e+00,0.0000000000000000e+00,0.0000000000000000e+00,0.0000000000000000e+00,0.0000000000000000e+00,7.3057828974835086e-12,-1.3367226169727789e-12,-6.5144771121979503e-13,-1.3367226169727789e-12,7.3872724892608099e-12,-1.4112782531568143e-12,-6.5144771121979523e-13,-1.4112782531568141e-12,7.2745285052488128e-12,2.0688034704557357e-03,-4.8103630631353130e-04,-2.8570456587693327e-04,-4.8103630631353195e-04,2.1295151185614968e-03,-4.9968434091084038e-04,-2.8570456587693370e-04,-4.9968434091083919e-04,2.0683558886854768e-03,4.1619654071604952e-05,1.8385662977372258e-05,2.4169216480094787e-05,1.8385662977372295e-05,3.5761263931004146e-05,1.7610731363328957e-05,2.4169216480094317e-05,1.7610731363328679e-05,4.0465288624169981e-05,5.3116198155496897e+02,1.4467628891038675e+02,1.0764731333598121e+02,1.4467628891038700e+02,5.3664013005352842e+02,1.4896937575333249e+02,1.0764731333598129e+02,1.4896937575333217e+02,5.3363830668254593e+02,-1.9168004604407102e+01,-1.6003654764530435e+01,-1.6058535225829445e+01,-1.6003654764530445e+01,-1.8847824365424707e+01,-1.5938121004371038e+01,-1.6058535225829306e+01,-1.5938121004370917e+01,-1.9034956952141552e+01,7.0210693380721656e-01,5.8552999389721638e-01,-3.5253003508976727e-01,-2.5972195121769757e-02,5.6810444614566213e-01,8.5733731182314887e-01,-7.1146226385429634e-01,5.7589318677447321e-01,-3.7350086200973920e-01,-8.7639327577288036e-03,-2.9296529321691193e-02,-7.2751330155768562e-03,-5.1062339673283944e-03,-3.0683349983116191e-02,2.9988032937991273e-02,9.4797441417911014e-03,-3.0971718494707035e-02,-1.5498532626081070e-02,7.0900082274803400e-01,6.2052249343935451e-01,-3.9041266497059024e-01,-1.5782027659236513e-02,5.1390200207931669e-01,8.2354589835943970e-01,-7.0511150245666454e-01,5.9381498938964550e-01,-4.1548012556638347e-01,-1.0192347972477379e-02,-3.4960207842361243e-02,-1.7229401674562557e-02,5.3684124897120048e-03,-2.5534573228300630e-02,2.7590782503840929e-02,7.7611675072002603e-03,-3.0148483490808890e-02,-1.1372581507445330e-02,1.6271322833902625e-07,1.7378117018529695e-06,1.8015684037252723e-07,2.2708550316873119e-05,2.7241718109971016e-05,2.2622064175776307e-05,3.3729471934991880e-04,4.0462678314101623e-04,3.3601012309512256e-04,-6.3386440705564961e-01,-7.6831508484988065e-01,-6.2623969862555084e-01,-7.5246068483058171e-01,-3.4073436165736237e-01,-7.5659359957277084e-01
7.2140619649742457e+03,1.0913203967060883e-03,9.3830574479801727e-04,9.4298682917033562e-04,9.3830574479801759e-04,1.0663559953122223e-03,9.3299229229462731e-04,9.4298682917033573e-04,9.3299229229462731e-04,1.0804823144513875e-03,1.9651563225015401e-06,6.5875092644472005e-07,5.3412779334820457e-07,6.5875092644471984e-07,1.9696993321525621e-06,6.7021844711684974e-07,5.3412779334820468e-07,6.7021844711684974e-07,1.9671086213951680e-06,0.0000000000000000e+00,0.0000000000000000e+00,0.0000000000000000e+00,0.0000000000000000e+00,0.0000000000000000e+00,0.0000000000000000e+00,0.0000000000000000e+00,0.0000000000000000e+00,0.0000000000000000e+00,7.3057828974835070e-12,-1.3367226169727789e-12,-6.5144771121979493e-13,-1.3367226169727789e-12,7.3872724892608099e-12,-1.4112782531568143e-12,-6.5144771121979523e-13,-1.4112782531568139e-12,7.2745285052488120e-12,2.0705017859296085e-03,-4.8011192950999900e-04,-2.8455144706842592e-04,-4.8011192950999959e-04,2.1309317250329599e-03,-4.9879087201634719e-04,-2.8455144706842608e-04,-4.9879087201634773e-04,2.0700033917009733e-03,4.1247915164741047e-05,1.8665379661308944e-05,2.4363737527367592e-05,1.8665379661308988e-05,3.5262003593778963e-05,1.7889604412721530e-05,2.4363737527367412e-05,1.7889604412721127e-05,4.0067427064145991e-05,5.3033622507801726e+02,1.4394894870219065e+02,1.0691656230141062e+02,1.4394894870219076e+02,5.3582834198808894e+02,1.4824481922717257e+02,1.0691656230141075e+02,1.4824481922717274e+02,5.3281810872908932e+02,-1.9022921231013392e+01,-1.5959891269152537e+01,-1.6016245132266718e+01,-1.5959891269152557e+01,-1.8687756095268877e+01,-1.5891458150840720e+01,-1.6016245132266658e+01,-1.5891458150840609e+01,-1.8883804296062475e+01,7.0205631792250500e-01,5.8560348360229397e-01,-3.5243017321593501e-01,-2.6072865843383315e-02,5.6805600062763595e-01,8.5738639854061338e-01,-7.1150972074093433e-01,5.7586616702803683e-01,-3.7348519728268931e-01,-8.8558172809217912e-03,-2.9271913252519911e-02,-7.3987538668516912e-03,-4.9582398989628587e-03,-3.0703189616143940e-02,3.0018884827131786e-02,9.3829515802067893e-03,-3.0976879412914493e-02,-1.5312380945031522e-02,7.0897753721378387e-01,6.2063441970279143e-01,-3.9035094294982542e-01,-1.5863113240138133e-02,5.1381900214731790e-01,8.2357722539008560e-01,-7.0513002013978177e-01,5.9377578443016943e-01,-4.1547537443754440e-01,-1.0088527849954312e-02,-3.5010739356653026e-02,-1.7102689361164127e-02,5.1999704243253647e-03,-2.5489277858882328e-02,2.7572814492767116e-02,7.8675388846214112e-03,-3.0136536651199121e-02,-1.1526126797540814e-02,1.6828778385309261e-07,1.8533421046493922e-06,1.8594323244517053e-07,2.4327364683565328e-05,2.9107022180946828e-05,2.4234092194991837e-05,3.3722145445491995e-04,4.0347618751082826e-04,3.3592852837490637e-04,-7.4643900612436831e-01,-8.0877893002286183e-01,-7.3913010725456540e-01,-6.4010262249202254e-01,-1.9013002386754116e-01,-6.4589553561372570e-01
7.7300066646502419e+03,1.1579746948704357e-03,9.9915415147067057e-04,1.0042015556431579e-03,9.9915415147067035e-04,1.1305763243898118e-03,9.9332436480619379e-04,1.0042015556431579e-03,9.9332436480619401e-04,1.1460749105809786e-03,1.9586456394128801e-06,6.5290535177628607e-07,5.2824791785718966e-07,6.5290535177628607e-07,1.9633377223789928e-06,6.6440475759437429e-07,5.2824791785718966e-07,6.6440475759437429e-07,1.9606623094003985e-06,0.0000000000000000e+00,0.0000000000000000e+00,0.0000000000000000e+00,0.0000000000000000e+00,0.0000000000000000e+00,0.0000000000000000e+00,0.0000000000000000e+00,0.0000000000000000e+00,0.0000000000000000e+00,7.3057828974835086e-12,-1.3367226169727789e-12,-6.5144771121979503e-13,-1.3367226169727789e-12,7.3872724892608099e-12,-1.4112782531568143e-12,-6.5144771121979523e-13,-1.4112782531568143e-12,7.2745285052488128e-12,2.0721927586367719e-03,-4.7917776307608985e-04,-2.8339046501588540e-04,-4.7917776307608893e-04,2.1323358708913256e-03,-4.9788783196555897e-04,-2.8339046501588551e-04,-4.9788783196555930e-04,2.0716423649866076e-03,4.0889965639670087e-05,1.8931780970787309e-05,2.4547596310771727e-05,1.8931780970787086e-05,3.4778931983172953e-05,1.8154765519006230e-05,2.4547596310771771e-05,1.8154765519005912e-05,3.9683225066801397e-05,5.2951480101531001e+02,1.4322340225198232e+02,1.0618750881554389e+02,1.4322340225198207e+02,5.3502158000219811e+02,1.4752219574474685e+02,1.0618750881554388e+02,1.4752219574474699e+02,5.3200252993557183e+02,-1.8879019680059681e+01,-1.5912871717263851e+01,-1.5970577546224440e+01,-1.5912871717263792e+01,-1.8528776232277451e+01,-1.5841511540309643e+01,-1.5970577546224417e+01,-1.5841511540309583e+01,-1.8733764569106093e+01,7.0200574015697725e-01,5.8567816342980061e-01,-3.5232680208988137e-01,-2.6177638414603695e-02,5.6800678364901358e-01,8.5743624792856066e-01,-7.1155683733404917e-01,5.7583868524111059e-01,-3.7347075448930073e-01,-8.9432354705138977e-03,-2.9248131406395230e-02,-7.5144042309606748e-03,-4.8204615079553339e-03,-3.0721645242509830e-02,3.0048013246059595e-02,9.2909077610130678e-03,-3.0982551747959521e-02,-1.5137748759962252e-02,7.0895514987332453e-01,6.2074835471258871e-01,-3.9028609116066765e-01,-1.5947804263584060e-02,5.1373435444114990e-01,8.2360930837159008e-01,-7.0514798787023969e-01,5.9373597669347811e-01,-4.1547291763399424e-01,-9.9901927374553365e-03,-3.5060088402328875e-02,-1.6983624178040502e-02,5.0427314534691797e-03,-2.5446305222758762e-02,2.7556119118019234e-02,7.9681091303844213e-03,-3.0123623041656826e-02,-1.1670295665667223e-02,1.7410507172288987e-07,1.9762955813125924e-06,1.9193589808549591e-07,2.6061748046318621e-05,3.1100117094416551e-05,2.5961192881138430e-05,3.3715039555529071e-04,4.0232975783370469e-04,3.3584955366028899e-04,-8.4521111414666283e-01,-8.2026459080051650e-01,-8.3863000725351211e-01,-5.0139448916672025e-01,-2.5913345745539176e-02,-5.0895970483648700e-01
8.2828513707881011e+03,1.2286589195770472e-03,1.0637442401888611e-03,1.0691800597264405e-03,1.0637442401888609e-03,1.1985996831500644e-03,1.0573502457366022e-03,1.0691800597264411e-03,1.0573502457366022e-03,1.2155977953066273e-03,1.9521863481283032e-06,6.4709470527254087e-07,5.2240245714682563e-07,6.4709470527254066e-07,1.9570317834825020e-06,6.5862690584855127e-07,5.2240245714682573e-07,6.5862690584855127e-07,1.9542692636124269e-06,0.0000000000000000e+00,0.0000000000000000e+00,0.0000000000000000e+00,0.0000000000000000e+00,0.0000000000000000e+00,0.0000000000000000e+00,0.0000000000000000e+00,0.0000000000000000e+00,0.0000000000000000e+00,7.3057828974835070e-12,-1.3367226169727787e-12,-6.5144771121979503e-13,-1.3367226169727787e-12,7.3872724892608099e-12,-1.4112782531568143e-12,-6.5144771121979513e-13,-1.4112782531568141e-12,7.2745285052488120e-12,2.0738765776665054e-03,-4.7823418187565653e-04,-2.8222195536583704e-04,-4.7823418187565599e-04,2.1337277686503046e-03,-4.9697561055074568e-04,-2.8222195536583644e-04,-4.9697561055074470e-04,2.0732729779691936e-03,4.0544785173337735e-05,1.9185078766687532e-05,2.4720790700980294e-05,1.9185078766687647e-05,3.4310987989305726e-05,1.8406447179846683e-05,2.4720790700980969e-05,1.8406447179846310e-05,3.9311667444371964e-05,5.2869776947965306e+02,1.4249979658219615e+02,1.0546030360215984e+02,1.4249979658219596e+02,5.3421991658206025e+02,1.4680165511119469e+02,1.0546030360215957e+02,1.4680165511119444e+02,5.3119163654389297e+02,-1.8736062900634447e+01,-1.5862560043309983e+01,-1.5921490506537642e+01,-1.5862560043310060e+01,-1.8370652720212604e+01,-1.5788246690834900e+01,-1.5921490506537790e+01,-1.5788246690834827e+01,-1.8584603233440678e+01,7.0195502560705669e-01,5.8575401326128895e-01,-3.5222036523654610e-01,-2.6286073313659730e-02,5.6795683862882917e-01,8.5748683246472601e-01,-7.1160381366736158e-01,5.7581071857759158e-01,-3.7345720820815764e-01,-9.0263823410736237e-03,-2.9225189216502884e-02,-7.6225557943808411e-03,-4.6923852591977669e-03,-3.0738725700176495e-02,3.0075435366294173e-02,9.2034065010845618e-03,-3.0988721041473249e-02,-1.4974142055663688e-02,7.0893341821029598e-01,6.2086426524609573e-01,-3.9021850109003675e-01,-1.6035640312648397e-02,5.1364813824373245e-01,8.2364209704332780e-01,-7.0516561568492619e-01,5.9369552497421596e-01,-4.1547240146368081e-01,-9.8970922635676466e-03,-3.5108243840832942e-02,-1.6871798305832776e-02,4.8961358052190401e-03,-2.5405647748814330e-02,2.7540670594921764e-02,8.0631533283011900e-03,-3.0109762111115143e-02,-1.1805492731418659e-02,1.8017840383024263e-07,2.1071146918577417e-06,1.9814137192397763e-07,2.7919957425397042e-05,3.3229779074756364e-05,2.7811589223078788e-05,3.3708147322146747e-04,4.0118767785633460e-04,3.3577312905993335e-04,-9.2273448902362443e-01,-7.9671936376657748e-01,-9.1738546376713170e-01,-3.3640293958115713e-01,1.4611913956148023e-01,-3.4576085153697622e-01
8.8752351462132174e+03,1.3036009700563090e-03,1.1322867827410136e-03,1.1381334718931937e-03,1.1322867827410134e-03,1.2706341916550940e-03,1.1252765725697949e-03,1.1381334718931935e-03,1.1252765725697947e-03,1.2892700965479750e-03,1.9457789072259764e-06,6.4131999379009540e-07,5.1659245120817899e-07,6.4131999379009518e-07,1.9507820443918795e-06,6.5288591297998309e-07,5.1659245120817899e-07,6.5288591297998320e-07,1.9479299757164683e-06,0.0000000000000000e+00,0.0000000000000000e+00,0.0000000000000000e+00,0.0000000000000000e+00,0.0000000000000000e+00,0.0000000000000000e+00,0.0000000000000000e+00,0.0000000000000000e+00,0.0000000000000000e+00,7.3057828974835086e-12,-1.3367226169727787e-12,-6.5144771121979503e-13,-1.3367226169727787e-12,7.3872724892608099e-12,-1.4112782531568143e-12,-6.5144771121979513e-13,-1.4112782531568141e-12,7.2745285052488128e-12,2.0755534093689458e-03,-4.7728156677664702e-04,-2.8104626614991338e-04,-4.7728156677664794e-04,2.1351076090903023e-03,-4.9605460310777011e-04,-2.8104626614991338e-04,-4.9605460310776924e-04,2.0748953774863761e-03,4.0211412330541820e-05,1.9425453982236787e-05,2.4883298779978926e-05,1.9425453982235781e-05,3.3857181510069105e-05,1.8644850605080830e-05,2.4883298779978523e-05,1.8644850605081738e-05,3.8951799944016471e-05,5.2788519626599987e+02,1.4177828248957175e+02,1.0473510170874509e+02,1.4177828248957206e+02,5.3342342963590409e+02,1.4608335083538830e+02,1.0473510170874509e+02,1.4608335083538799e+02,5.3038550039149720e+02,-1.8593828875119311e+01,-1.5808920533844725e+01,-1.5868942127001539e+01,-1.5808920533844425e+01,-1.8213169752656107e+01,-1.5731629705509544e+01,-1.5868942127001420e+01,-1.5731629705509775e+01,-1.8436101242816189e+01,7.0190402581189115e-01,5.8583101181942798e-01,-3.5211124861290405e-01,-2.6397795144923859e-02,5.6790621022814580e-01,8.5753812078210745e-01,-7.1165082016125059e-01,5.7578224416131418e-01,-3.7344429319499767e-01,-9.1054427323309876e-03,-2.9203094569180292e-02,-7.7236629905662385e-03,-4.5735160870953801e-03,-3.0754437131190027e-02,3.0101165216433391e-02,9.1202515105422693e-03,-3.0995373006598895e-02,-1.4821092013177075e-02,7.0891213528189467e-01,6.2098211665353786e-01,-3.9014851228096964e-01,-1.6126229895152416e-02,5.1356043455903322e-01,8.2367554153438183e-01,-7.0518308070088642e-01,5.9365438799612180e-01,-4.1547352778598856e-01,-9.8089867205022191e-03,-3.5155190481280282e-02,-1.6766818437435466e-02,4.7596461803506573e-03,-2.5367302980005252e-02,2.7526447543795997e-02,8.1529322214276799e-03,-3.0094972943916585e-02,-1.1932106548041463e-02,1.8652242118489948e-07,2.2462651042618785e-06,2.0456669832883076e-07,2.9910839919437827e-05,3.5505390462712666e-05,2.9794092179792994e-05,3.3701461906842929e-04,4.0005013814041528e-04,3.3569918643231887e-04,-9.7042448141273918e-01,-7.3294450006382406e-01,-9.6689394196972223e-01,-1.4717024732631709e-01,3.1764285654907720e-01,-1.5820372197748078e-01
9.5099857976907697e+03,1.3830402558894840e-03,1.2050026848037859e-03,1.2112828879122628e-03,1.2050026848037854e-03,1.3468979313886068e-03,1.1973197986902546e-03,1.2112828879122623e-03,1.1973197986902546e-03,1.3673217550513818e-03,1.9394237913560097e-06,6.3558224083441465e-07,5.1081896066364799e-07,6.3558224083441475e-07,1.9445890468083556e-06,6.4718281594937882e-07,5.1081896066364799e-07,6.4718281594937872e-07,1.9416449522157878e-06,0.0000000000000000e+00,0.0000000000000000e+00,0.0000000000000000e+00,0.0000000000000000e+00,0.0000000000000000e+00,0.0000000000000000e+00,0.0000000000000000e+00,0.0000000000000000e+00,0.0000000000000000e+00,7.3057828974835070e-12,-1.3367226169727787e-12,-6.5144771121979493e-13,-1.3367226169727787e-12,7.3872724892608099e-12,-1.4112782531568141e-12,-6.5144771121979523e-13,-1.4112782531568139e-12,7.2745285052488120e-12,2.0772234056862979e-03,-4.7632030860918890e-04,-2.7986376006436235e-04,-4.7632030860918971e-04,2.1364755708241576e-03,-4.9512521458573114e-04,-2.7986376006436294e-04,-4.9512521458572984e-04,2.0765096962664978e-03,3.9888935520768202e-05,1.9653061527834073e-05,2.5035082068673756e-05,1.9653061527834852e-05,3.3416583305652891e-05,1.8870150796361208e-05,2.5035082068672869e-05,1.8870150796360917e-05,3.8602720177465454e-05,5.2707715110094239e+02,1.4105901459345912e+02,1.0401206258312877e+02,1.4105901459345938e+02,5.3263220065593237e+02,1.4536744016176868e+02,1.0401206258312892e+02,1.4536744016176840e+02,5.2958419712882869e+02,-1.8452108767545489e+01,-1.5751918241649037e+01,-1.5812891053314020e+01,-1.5751918241649216e+01,-1.8056125901937339e+01,-1.5671627686283383e+01,-1.5812891053313823e+01,-1.5671627686283211e+01,-1.8288053192735767e+01,7.0185261672369281e-01,5.8590913612611262e-01,-3.5199978688633043e-01,-2.6512486682116143e-02,5.6785494510717616e-01,8.5759007705135615e-01,-7.1169799995871996e-01,5.7575323888256147e-01,-3.7343180018366057e-01,-9.1805919143947493e-03,-2.9181857533924844e-02,-7.8181638093833949e-03,-4.4633762239612799e-03,-3.0768783453019984e-02,3.0125214089520361e-02,9.0412558628756683e-03,-3.1002493338589714e-02,-1.4678153062566372e-02,7.0889112673380950e-01,6.2110187194042477e-01,-3.9007641752711131e-01,-1.6219244164791986e-02,5.1347132756143632e-01,8.2370959166217528e-01,-7.0520052981490045e-01,5.9361252403755427e-01,-4.1547604967668461e-01,-9.7256466177825570e-03,-3.5200909434406999e-02,-1.6668305002663291e-02,4.6327462982022347e-03,-2.5331272873908108e-02,2.7513432257851758e-02,8.2376932771787547e-03,-3.0079274549990466e-02,-1.2050510633904847e-02,1.9315317728207750e-07,2.3942364659019786e-06,2.1121942163129196e-07,3.2043874729589324e-05,3.7936981922885230e-05,3.1918142583934909e-05,3.3694976429271084e-04,3.9891733520881968e-04,3.3562765773725259e-04,-9.7893678503582215e-01,-6.2557840331575842e-01,-9.7786507611913476e-01,6.1553085022637642e-02,4.7764918109801502e-01,4.9151283633892623e-02
1.0190133374761122e+04,1.4672280732040102e-03,1.2821233268092247e-03,1.2888596751239657e-03,1.2821233268092245e-03,1.4276192216813334e-03,1.2737065146130352e-03,1.2888596751239659e-03,1.2737065146130350e-03,1.4499938543835866e-03,1.9331214861030754e-06,6.2988248575763750e-07,5.0508306613573388e-07,6.2988248575763740e-07,1.9384533396480276e-06,6.4151866667928302e-07,5.0508306613573409e-07,6.4151866667928302e-07,1.9354147091160211e-06,0.0000000000000000e+00,0.0000000000000000e+00,0.0000000000000000e+00,0.0000000000000000e+00,0.0000000000000000e+00,0.0000000000000000e+00,0.0000000000000000e+00,0.0000000000000000e+00,0.0000000000000000e+00,7.3057828974835070e-12,-1.3367226169727787e-12,-6.5144771121979503e-13,-1.3367226169727787e-12,7.3872724892608099e-12,-1.4112782531568143e-12,-6.5144771121979513e-13,-1.4112782531568141e-12,7.2745285052488120e-12,2.0788867074799300e-03,-4.7535080985068709e-04,-2.7867481550574363e-04,-4.7535080985068655e-04,2.1378318242862670e-03,-4.9418786125354536e-04,-2.7867481550574314e-04,-4.9418786125354503e-04,2.0781160563711040e-03,3.9576483509436077e-05,1.9868035278594709e-05,2.5176088737772339e-05,1.9868035278594811e-05,3.2988314413732696e-05,1.9082501718689040e-05,2.5176088737771838e-05,1.9082501718688867e-05,3.8263568108499503e-05,5.2627370692502109e+02,1.4034215130084777e+02,1.0329135006243742e+02,1.4034215130084763e+02,5.3184631392784786e+02,1.4465408402023624e+02,1.0329135006243725e+02,1.4465408402023616e+02,5.2878780547274891e+02,-1.8310705009397598e+01,-1.5691519385768222e+01,-1.5753296906790181e+01,-1.5691519385768217e+01,-1.7899332186197945e+01,-1.5608209133384856e+01,-1.5753296906790032e+01,-1.5608209133384774e+01,-1.8140265407582582e+01,7.0180069632961983e-01,5.8598836115667652e-01,-3.5188626994914912e-01,-2.6629882280380407e-02,5.6780309237035476e-01,8.5764266069705675e-01,-7.1174547161516966e-01,5.7572367931272650e-01,-3.7341957066313997e-01,-9.2519962854534701e-03,-2.9161489970918723e-02,-7.9064804694746749e-03,-4.3615039643717423e-03,-3.0781767008947199e-02,3.0147591186846776e-02,8.9662413639144123e-03,-3.1010067472907164e-02,-1.4544900540080915e-02,7.0887024744212290e-01,6.2122349114916198e-01,-3.9000246843325237e-01,-1.6314409938212638e-02,5.1338090551970439e-01,8.2374419649834252e-01,-7.0521808282877052e-01,5.9356989073477973e-01,-4.1547976633188749e-01,-9.6468521014495424e-03,-3.5245378695651357e-02,-1.6575891466030297e-02,4.5149393336104465e-03,-2.5297562721364974e-02,2.7501609875670824e-02,8.3176718200161492e-03,-3.0062686264342994e-02,-1.2161064728468283e-02,2.0008819419544362e-07,2.5515432605736487e-06,2.1810753644016675e-07,3.4329218226330753e-05,4.0535277659353108e-05,3.4193856090940585e-05,3.3688683910023407e-04,3.9778947113440835e-04,3.3555847439280603e-04,-9.3888771263138437e-01,-4.7434370713182478e-01,-9.4091551292788211e-01,2.8153570850121051e-01,6.1262411859713695e-01,2.6831739350440176e-01
1.0918924634002578e+04,1.5564279742223664e-03,1.3638909050350697e-03,1.3711057747567035e-03,1.3638909050350699e-03,1.5130368856009497e-03,1.3546737687972054e-03,1.3711057747567040e-03,1.3546737687972052e-03,1.5375389423259861e-03,1.9268724882171842e-06,6.2422178285167418e-07,4.9938586749917157e-07,6.2422178285167418e-07,1.9323754788354545e-06,6.3589453104731694e-07,4.9938586749917157e-07,6.3589453104731673e-07,1.9292397719694178e-06,0.0000000000000000e+00,0.0000000000000000e+00,0.0000000000000000e+00,0.0000000000000000e+00,0.0000000000000000e+00,0.0000000000000000e+00,0.0000000000000000e+00,0.0000000000000000e+00,0.0000000000000000e+00,7.3057828974835070e-12,-1.3367226169727789e-12,-6.5144771121979503e-13,-1.3367226169727789e-12,7.3872724892608116e-12,-1.4112782531568141e-12,-6.5144771121979513e-13,-1.4112782531568141e-12,7.2745285052488128e-12,2.0805434441193683e-03,-4.7437348466378702e-04,-2.7747982673235100e-04,-4.7437348466378637e-04,2.1391765315879390e-03,-4.9324297069027715e-04,-2.7747982673235089e-04,-4.9324297069027736e-04,2.0797145688800684e-03,3.9273217338365019e-05,2.0070492361243006e-05,2.5306256407531995e-05,2.0070492361243342e-05,3.2571537172986435e-05,1.9282040747188226e-05,2.5306256407532343e-05,1.9282040747187785e-05,3.7933517964367114e-05,5.2547493993436774e+02,1.3962785471466438e+02,1.0257313230244952e+02,1.3962785471466424e+02,5.3106585650801117e+02,1.4394344691991677e+02,1.0257313230244945e+02,1.4394344691991677e+02,5.2799640722089066e+02,-1.8169429702462590e+01,-1.5627691719977925e+01,-1.5690120697115264e+01,-1.5627691719978039e+01,-1.7742610458969626e+01,-1.5541344313385418e+01,-1.5690120697115342e+01,-1.5541344313385315e+01,-1.7992554345597185e+01,7.0174818213416112e-01,5.8606865967773825e-01,-3.5177094923084340e-01,-2.6749761166323785e-02,5.6775070372247793e-01,8.5769582642351638e-01,-7.1179333191760663e-01,5.7569354171714704e-01,-3.7340749110135463e-01,-9.3198139655503928e-03,-2.9142005114653806e-02,-7.9890197733910196e-03,-4.2674527271615460e-03,-3.0793389245203362e-02,3.0168304319164542e-02,8.8950380238637765e-03,-3.1018080340817007e-02,-1.4420928537074272e-02,7.0884937804226344e-01,6.2134693103504002e-01,-3.8992688092730426e-01,-1.6411502546547534e-02,5.1328926120766616e-01,8.2377930417846235e-01,-7.0523583573376303e-01,5.9352644505429897e-01,-4.1548451765061623e-01,-9.5723924684734552e-03,-3.5288573795638267e-02,-1.6489223908952078e-02,4.4057466632135877e-03,-2.5266179960815115e-02,2.7490967582629918e-02,8.3930919888967805e-03,-3.0045228167697644e-02,-1.2264115857680573e-02,2.0734651400069697e-07,2.7187256602343861e-06,2.2523942312992251e-07,3.6777752278277863e-05,4.3311743858270627e-05,3.6632071394128996e-05,3.3682577278488043e-04,3.9666675345842852e-04,3.3549156736601343e-04,-8.4202377222605063e-01,-2.8348258879124338e-01,-8.4770551695877183e-01,5.0037461180397458e-01,7.0725348128619836e-01,4.8718278075575011e-01
1.1699838537768235e+04,1.6509161453351600e-03,1.4505587720967967e-03,1.4582739991724088e-03,1.4505587720967967e-03,1.6034005206221509e-03,1.4404693872692223e-03,1.4582739991724088e-03,1.4404693872692228e-03,1.6302213588886645e-03,1.9206773087684977e-06,6.1860120033206276e-07,4.9372848300892796e-07,6.1860120033206276e-07,1.9263560300056652e-06,6.3031148776674490e-07,4.9372848300892774e-07,6.3031148776674490e-07,1.9231206788353499e-06,0.0000000000000000e+00,0.0000000000000000e+00,0.0000000000000000e+00,0.0000000000000000e+00,0.0000000000000000e+00,0.0000000000000000e+00,0.0000000000000000e+00,0.0000000000000000e+00,0.0000000000000000e+00,7.3057828974835086e-12,-1.3367226169727789e-12,-6.5144771121979493e-13,-1.3367226169727789e-12,7.3872724892608099e-12,-1.4112782531568145e-12,-6.5144771121979523e-13,-1.4112782531568141e-12,7.2745285052488128e-12,2.0821937309140033e-03,-4.7338875801772757e-04,-2.7627920355642382e-04,-4.7338875801772806e-04,2.1405098440165429e-03,-4.9229098081690853e-04,-2.7627920355642474e-04,-4.9229098081690853e-04,2.0813053314145086e-03,3.8978324550483207e-05,2.0260536397602607e-05,2.5425514385028246e-05,2.0260536397602539e-05,3.2165448825179612e-05,1.9468892029484113e-05,2.5425514385028110e-05,1.9468892029483679e-05,3.7611772469010323e-05,5.2468093004749585e+02,1.3891629050995346e+02,1.0185758167303699e+02,1.3891629050995368e+02,5.3029091862760345e+02,1.4323569681072567e+02,1.0185758167303725e+02,1.4323569681072573e+02,5.2721008769115383e+02,-1.8028103516681099e+01,-1.5560404866691144e+01,-1.5623325201656460e+01,-1.5560404866691147e+01,-1.7585792300165426e+01,-1.5471005592980175e+01,-1.5623325201656412e+01,-1.5471005592980060e+01,-1.7844745499979922e+01,7.0169500869839518e-01,5.8615000222386338e-01,-3.5165404348661816e-01,-2.6871941040856398e-02,5.6769783340782309e-01,8.5774952447016584e-01,-7.1184165862551674e-01,5.7566280214085930e-01,-3.7339548710668335e-01,-9.3841952098477673e-03,-2.9123417201783328e-02,-8.0661731577918380e-03,-4.1807905161007491e-03,-3.0803651310862080e-02,3.0187360541088986e-02,8.8274837101259777e-03,-3.1026516155882675e-02,-1.4305848217739548e-02,7.0882842157979564e-01,6.2147214497474013e-01,-3.8984984039880127e-01,-1.6510338990997596e-02,5.1319649191049044e-01,8.2381486189211650e-01,-7.0525386390658862e-01,5.9348214339616878e-01,-4.1549017891038764e-01,-9.5020658625070784e-03,-3.5330468400316957e-02,-1.6407960917118707e-02,4.3047070525442047e-03,-2.5237133089138934e-02,2.7481493921843132e-02,8.4641674306274971e-03,-3.0026921466239694e-02,-1.2359999043876892e-02,2.1494876484075907e-07,2.8963503793088058e-06,2.3262378990604886e-07,3.9401136067362473e-05,4.6278640586339337e-05,3.9244401930042402e-05,3.3676649417145127e-04,3.9554939529248470e-04,3.3542686767306740e-04,-6.8292858153032732e-01,-6.3194694982183552e-02,-6.9260748502250169e-01,7.0109183306812162e-01,7.4586435067942414e-01,6.8908330371724502e-01
1.2536602861381587e+04,1.7509818028648030e-03,1.5423917760150039e-03,1.5506283229324127e-03,1.5423917760150042e-03,1.6989707834292576e-03,1.5313522912871480e-03,1.5506283229324127e-03,1.5313522912871478e-03,1.7283175801775421e-03,1.9145364770614109e-06,6.1302181920834771e-07,4.8811204829667754e-07,6.1302181920834761e-07,1.9203955719514488e-06,6.2477062715056212e-07,4.8811204829667775e-07,6.2477062715056233e-07,1.9170579839928899e-06,0.0000000000000000e+00,0.0000000000000000e+00,0.0000000000000000e+00,0.0000000000000000e+00,0.0000000000000000e+00,0.0000000000000000e+00,0.0000000000000000e+00,0.0000000000000000e+00,0.0000000000000000e+00,7.3057828974835070e-12,-1.3367226169727787e-12,-6.5144771121979503e-13,-1.3367226169727787e-12,7.3872724892608116e-12,-1.4112782531568141e-12,-6.5144771121979513e-13,-1.4112782531568141e-12,7.2745285052488120e-12,2.0838376658340986e-03,-4.7239706453278867e-04,-2.7507337090602348e-04,-4.7239706453278748e-04,2.1418318987912253e-03,-4.9133233863446197e-04,-2.7507337090602370e-04,-4.9133233863446208e-04,2.0828884249552778e-03,3.8691015783273342e-05,2.0438259726704749e-05,2.5533785379848017e-05,2.0438259726705088e-05,3.1769277741499409e-05,1.9643168783451904e-05,2.5533785379848393e-05,1.9643168783451874e-05,3.7297559459135396e-05,5.2389176149518039e+02,1.3820762779570944e+02,1.0114487463790825e+02,1.3820762779570913e+02,5.2952159421684576e+02,1.4253100492995011e+02,1.0114487463790823e+02,1.4253100492995020e+02,5.2642893628300931e+02,-1.7886555088506395e+01,-1.5489630623098963e+01,-1.5552875319018950e+01,-1.5489630623099057e+01,-1.7428718412144015e+01,-1.5397167745044516e+01,-1.5552875319019066e+01,-1.5397167745044527e+01,-1.7696672801189475e+01,7.0164112538746415e-01,5.8623235715574706e-01,-3.5153574387493863e-01,-2.6996272299205825e-02,5.6764453802209902e-01,8.5780370099523806e-01,-7.1189051297528627e-01,5.7563143653699789e-01,-3.7338351794238522e-01,-9.4452826562512211e-03,-2.9105741175976661e-02,-8.1383165596085102e-03,-4.1010996979697102e-03,-3.0812554531691731e-02,3.0204766658133243e-02,8.7634239629525278e-03,-3.1035358246283878e-02,-1.4199286631282127e-02,7.0880730045936802e-01,6.2159908301948752e-01,-3.8977150625870854e-01,-1.6610771742467612e-02,5.1310269917831353e-01,8.2385081597625565e-01,-7.0527222502673270e-01,5.9343694177858597e-01,-4.1549665585611401e-01,-9.4356791322904553e-03,-3.5371034798664852e-02,-1.6331773672730875e-02,4.2113762141990909e-03,-2.5210430773936920e-02,2.7473178247612647e-02,8.5311017536818783e-03,-3.0007788799557948e-02,-1.2449037687135107e-02,2.2291725391395334e-07,3.0850115359238971e-06,2.4026963494054969e-07,4.2211861624729159e-05,4.9449077387059970e-05,4.2043291307445787e-05,3.3670893216822560e-04,3.9443761546746863e-04,3.3536430700024927e-04,-4.6128844943311115e-01,1.6926112238099825e-01,-4.7493366673203463e-01,8.6232751968497456e-01,7.1477977144399818e-01,8.5294806467536777e-01
1.3433211988067396e+04,1.8569276087732473e-03,1.6396665970384082e-03,1.6484441665965202e-03,1.6396665970384078e-03,1.8000196913340997e-03,1.6275928122929525e-03,1.6484441665965193e-03,1.6275928122929518e-03,1.8321165804549310e-03,1.9084505438174917e-06,6.0748473203718728e-07,4.8253771522860313e-07,6.0748473203718728e-07,1.9144946993274460e-06,6.1927304975578337e-07,4.8253771522860292e-07,6.1927304975578337e-07,1.9110522609157318e-06,0.0000000000000000e+00,0.0000000000000000e+00,0.0000000000000000e+00,0.0000000000000000e+00,0.0000000000000000e+00,0.0000000000000000e+00,0.0000000000000000e+00,0.0000000000000000e+00,0.0000000000000000e+00,7.3057828974835070e-12,-1.3367226169727789e-12,-6.5144771121979493e-13,-1.3367226169727789e-12,7.3872724892608099e-12,-1.4112782531568141e-12,-6.5144771121979513e-13,-1.4112782531568141e-12,7.2745285052488128e-12,2.0854753265502238e-03,-4.7139884748169928e-04,-2.7386276847368203e-04,-4.7139884748169923e-04,2.1431428162127842e-03,-4.9036749912077251e-04,-2.7386276847368203e-04,-4.9036749912077240e-04,2.0844639109928805e-03,3.8410523246660193e-05,2.0603744855660680e-05,2.5630986851908443e-05,2.0603744855661090e-05,3.1382281713965034e-05,1.9804974787941804e-05,2.5630986851908283e-05,1.9804974787941022e-05,3.6990130391993531e-05,5.2310752332101470e+02,1.3750203897147438e+02,1.0043519162757366e+02,1.3750203897147432e+02,5.2875798133408750e+02,1.4182954564268866e+02,1.0043519162757364e+02,1.4182954564268863e+02,5.2565304694743804e+02,-1.7744620812872665e+01,-1.5415343250669906e+01,-1.5478738408872013e+01,-1.5415343250670027e+01,-1.7271238410652394e+01,-1.5319808237665004e+01,-1.5478738408871948e+01,-1.5319808237664775e+01,-1.7548178412679832e+01,7.0158649440700749e-01,5.8631569074749901e-01,-3.5141621828520103e-01,-2.7122633001831091e-02,5.6759087627820914e-01,8.5785829849605488e-01,-7.1193994186571363e-01,5.7559942091124594e-01,-3.7337157164628382e-01,-9.5032114709789582e-03,-2.9088992471378868e-02,-8.2058102516218215e-03,-4.0279769359818033e-03,-3.0820100757002460e-02,3.0220529601229208e-02,8.7027119060662326e-03,-3.1044588932424951e-02,-1.4100885883562918e-02,7.0878595377992526e-01,6.2172769200815203e-01,-3.8969201585343405e-01,-1.6712683341837585e-02,5.1300798847248485e-01,8.2388711204430320e-01,-7.0529096161665916e-01,5.9339079605757339e-01,-4.1550388037517905e-01,-9.3730477764457018e-03,-3.5410244267020982e-02,-1.6260346111478537e-02,4.1253265643692288e-03,-2.5186081184752358e-02,2.7466010314488341e-02,8.5940888306602400e-03,-2.9987854473313591e-02,-1.2531543747753940e-02,2.3127609150199513e-07,3.2853315201529840e-06,2.4818623288079170e-07,4.5223313337504378e-05,5.2837072833298165e-05,4.5042072709052449e-05,3.3665301625311833e-04,3.9333163862993351e-04,3.3530381824587390e-04,-1.8459647686360087e-01,3.8932252759309838e-01,-2.0161479949187930e-01,9.5954280250294366e-01,6.0563835332046134e-01,9.5442444512433278e-01
1.4393945976563455e+04,1.9690701028293725e-03,1.7426720814217630e-03,1.7520086722083103e-03,1.7426720814217639e-03,1.9068309370992203e-03,1.7294730034291782e-03,1.7520086722083105e-03,1.7294730034291782e-03,1.9419202090168372e-03,1.9024200829161216e-06,6.0199104155484843e-07,4.7700665061768970e-07,6.0199104155484853e-07,1.9086540239021831e-06,6.1381986490517923e-07,4.7700665061768970e-07,6.1381986490517912e-07,1.9051041037991603e-06,0.0000000000000000e+00,0.0000000000000000e+00,0.0000000000000000e+00,0.0000000000000000e+00,0.0000000000000000e+00,0.0000000000000000e+00,0.0000000000000000e+00,0.0000000000000000e+00,0.0000000000000000e+00,7.3057828974835070e-12,-1.3367226169727789e-12,-6.5144771121979493e-13,-1.3367226169727789e-12,7.3872724892608099e-12,-1.4112782531568143e-12,-6.5144771121979513e-13,-1.4112782531568141e-12,7.2745285052488128e-12,2.0871067683114917e-03,-4.7039455814817509e-04,-2.7264785053977207e-04,-4.7039455814817629e-04,2.1444426977740025e-03,-4.8939692449559695e-04,-2.7264785053977229e-04,-4.8939692449559598e-04,2.0860318295314101e-03,3.8136100376065623e-05,2.0757065470008112e-05,2.5717032177104888e-05,2.0757065470008573e-05,3.1003747510854513e-05,1.9954405408892470e-05,2.5717032177104654e-05,1.9954405408893270e-05,3.6688760028181082e-05,5.2232830968735277e+02,1.3679969958013268e+02,9.9728716906337183e+01,1.3679969958013305e+02,5.2800018239376300e+02,1.4113149627749763e+02,9.9728716906337269e+01,1.4113149627749738e+02,5.2488251845996342e+02,-1.7602144877322996e+01,-1.5337519758750215e+01,-1.5400884629457172e+01,-1.5337519758750322e+01,-1.7113210855709916e+01,-1.5238907516441191e+01,-1.5400884629457188e+01,-1.5238907516441351e+01,-1.7399112767668633e+01,7.0153108914795936e-01,5.8639996726621846e-01,-3.5129561497470141e-01,-2.7250924595566030e-02,5.6753690878184626e-01,8.5791325620234793e-01,-7.1198997970709277e-01,5.7556673146454507e-01,-3.7335966084984895e-01,-9.5581094690166228e-03,-2.9073186855962520e-02,-8.2689987715108028e-03,-3.9610331108810961e-03,-3.0826292609323010e-02,3.0234656699794919e-02,8.6452081716333427e-03,-3.1054189439553927e-02,-1.4010302476366943e-02,7.0876433507047076e-01,6.2185791567764492e-01,-3.8961148776453824e-01,-1.6815981810161671e-02,5.1291246881063290e-01,8.2392369510549535e-01,-7.0531010318474530e-01,5.9334366214924861e-01,-4.1551180680178923e-01,-9.3139958879271505e-03,-3.5448067334701794e-02,-1.6193375017516855e-02,4.0461469960403748e-03,-2.5164091500545056e-02,2.7459979970532622e-02,8.6533130500662699e-03,-2.9967144631332140e-02,-1.2607817888111533e-02,2.4005134332177033e-07,3.4979618655830901e-06,2.5638314236142222e-07,4.8449831697730573e-05,5.6457618314849413e-05,4.8255032536551596e-05,3.3659867680910899e-04,3.9223169523336393e-04,3.3524533588719536e-04,1.2907016865557688e-01,5.6642517888208488e-01,1.1001611752410938e-01,9.6771116108063626e-01,4.1946428131768071e-01,9.6845871705321407e-01
1.5423390992434905e+04,2.0877401445144913e-03,1.8517095713914476e-03,1.8616209694815391e-03,1.8517095713914480e-03,2.0197002107657466e-03,1.8372869469395522e-03,1.8616209694815391e-03,1.8372869469395522e-03,2.0580435752951196e-03,1.8964456916321591e-06,5.9654185918633850e-07,4.7152003478415186e-07,5.9654185918633861e-07,1.9028741742999246e-06,6.0841218908436314e-07,4.7152003478415181e-07,6.0841218908436324e-07,1.8992141275793458e-06,0.0000000000000000e+00,0.0000000000000000e+00,0.0000000000000000e+00,0.0000000000000000e+00,0.0000000000000000e+00,0.0000000000000000e+00,0.0000000000000000e+00,0.0000000000000000e+00,0.0000000000000000e+00,7.3057828974835070e-12,-1.3367226169727787e-12,-6.5144771121979503e-13,-1.3367226169727787e-12,7.3872724892608099e-12,-1.4112782531568141e-12,-6.5144771121979513e-13,-1.4112782531568139e-12,7.2745285052488128e-12,2.0887320227443462e-03,-4.6938465555048471e-04,-2.7142908595694551e-04,-4.6938465555048471e-04,2.1457316253085577e-03,-4.8842108386404272e-04,-2.7142908595694556e-04,-4.8842108386404316e-04,2.0875921980269070e-03,3.7867021996364245e-05,2.0898287297989183e-05,2.5791831787800242e-05,2.0898287297988960e-05,3.0632990952832067e-05,2.0091548466435135e-05,2.5791831787799951e-05,2.0091548466435037e-05,3.6392746619083879e-05,5.2155421997256951e+02,1.3610078815320145e+02,9.9025638428723568e+01,1.3610078815320145e+02,5.2724830417999146e+02,1.4043703695370817e+02,9.9025638428723596e+01,1.4043703695370826e+02,5.2411745448294096e+02,-1.7458979398168928e+01,-1.5256140189713479e+01,-1.5319287280549165e+01,-1.5256140189713406e+01,-1.6954503379479565e+01,-1.5154449287131705e+01,-1.5319287280549071e+01,-1.5154449287131676e+01,-1.7249334705982037e+01,7.0147489280996811e-01,5.8648514902680271e-01,-3.5117406562987158e-01,-2.7381068287819558e-02,5.6748269784242444e-01,8.5796851041367284e-01,-7.1204064996773087e-01,5.7553334472613549e-01,-3.7334781925713734e-01,-9.6100972709093277e-03,-2.9058340307834569e-02,-8.3282110127969149e-03,-3.8998931124629133e-03,-3.0831133678307945e-02,3.0247155898691033e-02,8.5907807763770973e-03,-3.1064139832024287e-02,-1.3927206641538303e-02,7.0874241038482244e-01,6.2198969473871180e-01,-3.8953002458949709e-01,-1.6920596772150902e-02,5.1281625246450580e-01,8.2396050965490986e-01,-7.0532966801103492e-01,5.9329549623869926e-01,-4.1552040879052071e-01,-9.2583560307830121e-03,-3.5484473991652742e-02,-1.6130569979200489e-02,3.9734425350101930e-03,-2.5144467524076144e-02,2.7455076915317945e-02,8.7089495979846155e-03,-2.9945687389129224e-02,-1.2678149699835705e-02,2.4927120456263489e-07,3.7235841182288814e-06,2.6487022678116961e-07,5.1906781589645232e-05,6.0326746362648841e-05,5.1697478595090299e-05,3.3654584530149855e-04,3.9113802141331185e-04,3.3518879616322800e-04,4.4892984234425382e-01,6.6759738937241919e-01,4.3003737883620768e-01,8.6592729578852867e-01,1.7082879794495959e-01,8.7376912309305077e-01
1.6526461200621816e+04,2.2132833574745243e-03,1.9670932305798769e-03,1.9775924317873526e-03,1.9670932305798777e-03,2.1389355216627293e-03,1.9513410568314548e-03,1.9775924317873526e-03,1.9513410568314550e-03,2.1808154351453217e-03,1.8905279897049158e-06,5.9113830342909574e-07,4.6607905995822606e-07,5.9113830342909574e-07,1.8971557945696207e-06,6.0305114421288364e-07,4.6607905995822622e-07,6.0305114421288374e-07,1.8933829667804019e-06,0.0000000000000000e+00,0.0000000000000000e+00,0.0000000000000000e+00,0.0000000000000000e+00,0.0000000000000000e+00,0.0000000000000000e+00,0.0000000000000000e+00,0.0000000000000000e+00,0.0000000000000000e+00,7.3057828974835070e-12,-1.3367226169727787e-12,-6.5144771121979503e-13,-1.3367226169727787e-12,7.3872724892608099e-12,-1.4112782531568141e-12,-6.5144771121979523e-13,-1.4112782531568139e-12,7.2745285052488136e-12,2.0903510973767055e-03,-4.6836960642340710e-04,-2.7020695822551699e-04,-4.6836960642340655e-04,2.1470096609516212e-03,-4.8744045312876000e-04,-2.7020695822551721e-04,-4.8744045312876108e-04,2.0891450110622103e-03,3.7602584536772782e-05,2.1027469022782327e-05,2.5855294385811645e-05,2.1027469022782679e-05,3.0269356998719477e-05,2.0216485144726310e-05,2.5855294385811642e-05,2.0216485144726158e-05,3.6101412135095371e-05,5.2078535870244025e+02,1.3540548604284717e+02,9.8326147678656042e+01,1.3540548604284703e+02,5.2650245769021456e+02,1.3974635039486139e+02,9.8326147678656142e+01,1.3974635039486171e+02,5.2335796346029019e+02,-1.7314984562303465e+01,-1.5171187908858895e+01,-1.5233923155047581e+01,-1.5171187908858981e+01,-1.6794992812939647e+01,-1.5066420801578808e+01,-1.5233923155047599e+01,-1.5066420801578776e+01,-1.7098711614020704e+01,7.0141789724761472e-01,5.8657119642122513e-01,-3.5105168798452530e-01,-2.7513001932430007e-02,5.6742830731974669e-01,8.5802399478132718e-01,-7.1209196647861051e-01,5.7549923767731348e-01,-3.7333609865869138e-01,-9.6592885285080934e-03,-2.9044468900198701e-02,-8.3837604855862297e-03,-3.8441954543357556e-03,-3.0834628695791354e-02,3.0258035959994541e-02,8.5393049166090293e-03,-3.1074418957532140e-02,-1.3851281564538982e-02,7.0872015668300603e-01,6.2212296691193736e-01,-3.8944771532142020e-01,-1.7026476140656516e-02,5.1271945471836056e-01,8.2399749973559200e-01,-7.0534966464990512e-01,5.9324625497412109e-01,-4.1552967664328949e-01,-9.2059690178323828e-03,-3.5519433877518873e-02,-1.6071653185083249e-02,3.9068338203725140e-03,-2.5127213337018523e-02,2.7451290488348375e-02,8.7611648116857951e-03,-2.9923512948949599e-02,-1.2742818081396653e-02,2.5896618829050269e-07,3.9629106962863679e-06,2.7365767991903861e-07,5.5610625438162121e-05,6.4461603836048456e-05,5.5385813140769290e-05,3.3649445433647795e-04,3.9005085876232874e-04,3.3513413711754194e-04,7.3122084966722112e-01,6.6389537001799215e-01,7.1550558976920142e-01,6.4408170414024135e-01,-1.0916663491742182e-01,6.5938685934557972e-01
1.7708422223726539e+04,2.3460605709477011e-03,2.0891503642749398e-03,2.1002469211519131e-03,2.0891503642749393e-03,2.2648575154423671e-03,2.0719543762526870e-03,2.1002469211519126e-03,2.0719543762526870e-03,2.3105785729243531e-03,1.8846676177003350e-06,5.8578149810990261e-07,4.6068492852031175e-07,5.8578149810990261e-07,1.8914995420460691e-06,5.9773785578882167e-07,4.6068492852031196e-07,5.9773785578882199e-07,1.8876112736523747e-06,0.0000000000000000e+00,0.0000000000000000e+00,0.0000000000000000e+00,0.0000000000000000e+00,0.0000000000000000e+00,0.0000000000000000e+00,0.0000000000000000e+00,0.0000000000000000e+00,0.0000000000000000e+00,7.3057828974835086e-12,-1.3367226169727789e-12,-6.5144771121979503e-13,-1.3367226169727789e-12,7.3872724892608116e-12,-1.4112782531568143e-12,-6.5144771121979513e-13,-1.4112782531568141e-12,7.2745285052488128e-12,2.0919639755932013e-03,-4.6734988531709349e-04,-2.6898196557592543e-04,-4.6734988531709393e-04,2.1482768475790176e-03,-4.8645551502464620e-04,-2.6898196557592532e-04,-4.8645551502464576e-04,2.0906902404607560e-03,3.7342106081057380e-05,2.1144663325453582e-05,2.5907328264183784e-05,2.1144663325453192e-05,2.9912219603440868e-05,2.0329291030819318e-05,2.5907328264183700e-05,2.0329291030819935e-05,3.5814102317098268e-05,5.2002183537808469e+02,1.3471397723513016e+02,9.7630439485040426e+01,1.3471397723513033e+02,5.2576275787300915e+02,1.3905962172301784e+02,9.7630439485040412e+01,1.3905962172301770e+02,5.2260415840762255e+02,-1.7170028729574334e+01,-1.5082649898617570e+01,-1.5144772898477022e+01,-1.5082649898617452e+01,-1.6634565265405548e+01,-1.4974813146329080e+01,-1.5144772898477012e+01,-1.4974813146329240e+01,-1.6947119522416799e+01,7.0136010198272236e-01,5.8665806793165653e-01,-3.5092858809906446e-01,-2.7646677297950221e-02,5.6737380249168556e-01,8.5807964055252328e-01,-7.1214393455702196e-01,5.7546438787076981e-01,-3.7332456634200945e-01,-9.7057902226559568e-03,-2.9031588678906102e-02,-8.4359457116146390e-03,-3.7935917281993678e-03,-3.0836783715486645e-02,3.0267306675671624e-02,8.4906626812274195e-03,-3.1085004394480656e-02,-1.3782222467782530e-02,7.0869756042971166e-01,6.2225766693672580e-01,-3.8936463742701799e-01,-1.7133583222354549e-02,5.1262219366601924e-01,8.2403460898604841e-01,-7.0537009322186239e-01,5.9319589565348663e-01,-4.1553961497202796e-01,-9.1566835914752651e-03,-3.5552916479397380e-02,-1.6016359085592735e-02,3.8459564192402872e-03,-2.5112330950707130e-02,2.7448609466002888e-02,8.8101166101515905e-03,-2.9900653709277886e-02,-1.2802091769118786e-02,2.6916932266830957e-07,4.2166857351201781e-06,2.8275605006760497e-07,5.9579001568334872e-05,6.8880530325357309e-05,5.9337611142195855e-05,3.3644443765581923e-04,3.8897045403100950e-04,3.3508129856251487e-04,9.2239444260323167e-01,5.3957074928768756e-01,9.1337517241203992e-01,3.1109164872600942e-01,-3.7300891365336086e-01,3.3281208404767187e-01
1.8974916278021661e+04,2.4864482551220819e-03,2.2182217339130014e-03,2.2299210216102129e-03,2.2182217339130014e-03,2.3977997835576753e-03,2.1994588691263517e-03,2.2299210216102120e-03,2.1994588691263517e-03,2.4476901765107979e-03,1.8788652350601683e-06,5.8047257051456099e-07,4.5533885107434425e-07,5.8047257051456099e-07,1.8859060849006976e-06,5.9247345090733024e-07,4.5533885107434436e-07,5.9247345090733013e-07,1.8818997159953703e-06,0.0000000000000000e+00,0.0000000000000000e+00,0.0000000000000000e+00,0.0000000000000000e+00,0.0000000000000000e+00,0.0000000000000000e+00,0.0000000000000000e+00,0.0000000000000000e+00,0.0000000000000000e+00,7.3057828974835086e-12,-1.3367226169727789e-12,-6.5144771121979503e-13,-1.3367226169727789e-12,7.3872724892608116e-12,-1.4112782531568145e-12,-6.5144771121979523e-13,-1.4112782531568143e-12,7.2745285052488136e-12,2.0935706167625107e-03,-4.6632597469371850e-04,-2.6775462099001113e-04,-4.6632597469371844e-04,2.1495332094339558e-03,-4.8546675915284973e-04,-2.6775462099001151e-04,-4.8546675915285033e-04,2.0922278355778394e-03,3.7084926232826656e-05,2.1249918056613064e-05,2.5947842729433604e-05,2.1249918056612769e-05,2.9560981327342904e-05,2.0430037280650557e-05,2.5947842729434261e-05,2.0430037280651086e-05,3.5530186530458939e-05,5.1926376425484682e+02,1.3402644814062924e+02,9.6938711809174819e+01,1.3402644814062927e+02,5.2502932331589648e+02,1.3837703823033800e+02,9.6938711809174933e+01,1.3837703823033817e+02,5.2185615665256114e+02,-1.7023988491137420e+01,-1.4990517054376401e+01,-1.5051821373261665e+01,-1.4990517054376349e+01,-1.6473116152099418e+01,-1.4879621531190203e+01,-1.5051821373261859e+01,-1.4879621531190397e+01,-1.6794443156643418e+01,7.0130151333524837e-01,5.8674572014006565e-01,-3.5080486237638608e-01,-2.7782057616724046e-02,5.6731924992370109e-01,8.5813537680012231e-01,-7.1219655199977550e-01,5.7542877355158262e-01,-3.7331330277380792e-01,-9.7497030173841256e-03,-2.9019715526295630e-02,-8.4850507003727850e-03,-3.7477459481230573e-03,-3.0837606305891139e-02,3.0274979100378522e-02,8.4447427008540969e-03,-3.1095872400407135e-02,-1.3719735580246301e-02,7.0867461635143725e-01,6.2239372657244629e-01,-3.8928085869632562e-01,-1.7241894130906352e-02,5.1252459001387729e-01,8.2407178068950859e-01,-7.0539094655540158e-01,5.9314437641388729e-01,-4.1555024059843676e-01,-9.1103560315682012e-03,-3.5584891350613955e-02,-1.5964433966223848e-02,3.7904600262590842e-03,-2.5099819933383810e-02,2.7447021858037417e-02,8.8559549820556357e-03,-2.9877144373307157e-02,-1.2856229985218699e-02,2.7991635426821948e-07,4.4856859135115581e-06,2.9217625967328430e-07,6.3830808152087721e-05,7.3603142148217357e-05,6.3571704133919931e-05,3.3639573011461408e-04,3.8789705877896645e-04,3.3503022201765399e-04,9.6754870680289384e-01,3.0257838698697903e-01,9.6854820506807582e-01,-9.6976564433608275e-02,-5.6230025945283768e-01,-7.1789176081818257e-02
2.0331989107167508e+04,2.6348389496630028e-03,2.3546618653445908e-03,2.3669642604254239e-03,2.3546618653445916e-03,2.5381091649301201e-03,2.3341997056964552e-03,2.3669642604254248e-03,2.3341997056964556e-03,2.5925222047293926e-03,1.8731215180739428e-06,5.7521264939081947e-07,4.5004204435136581e-07,5.7521264939081947e-07,1.8803760996217129e-06,5.8725905615460172e-07,4.5004204435136597e-07,5.8725905615460172e-07,1.8762489749072262e-06,0.0000000000000000e+00,0.0000000000000000e+00,0.0000000000000000e+00,0.0000000000000000e+00,0.0000000000000000e+00,0.0000000000000000e+00,0.0000000000000000e+00,0.0000000000000000e+00,0.0000000000000000e+00,7.3057828974835070e-12,-1.3367226169727787e-12,-6.5144771121979493e-13,-1.3367226169727787e-12,7.3872724892608099e-12,-1.4112782531568143e-12,-6.5144771121979513e-13,-1.4112782531568141e-12,7.2745285052488120e-12,2.0951709563792761e-03,-4.6529836495069358e-04,-2.6652545212027952e-04,-4.6529836495069445e-04,2.1507787527644357e-03,-4.8447468194043699e-04,-2.6652545212028033e-04,-4.8447468194043715e-04,2.0937577236101496e-03,3.6830405882018789e-05,2.1343277491412236e-05,2.5976749594444292e-05,2.1343277491412121e-05,2.9215072792610522e-05,2.0518791864970506e-05,2.5976749594443408e-05,2.0518791864970709e-05,3.5249057507638741e-05,5.1851126410500137e+02,1.3334308736047149e+02,9.6251165501429170e+01,1.3334308736047177e+02,5.2430227591711127e+02,1.3769878912615337e+02,9.6251165501429440e+01,1.3769878912615346e+02,5.2111407955848892e+02,-1.6876748700907974e+01,-1.4894784478424237e+01,-1.4955058023747560e+01,-1.4894784478424167e+01,-1.6310550186934613e+01,-1.4780845574195837e+01,-1.4955058023747352e+01,-1.4780845574195849e+01,-1.6640575957612718e+01,7.0124214364202975e-01,5.8683410774466638e-01,-3.5068059935528295e-01,-2.7919115353098486e-02,5.6726471732470862e-01,8.5819113065715746e-01,-7.1224980997856779e-01,5.7539237378454899e-01,-3.7330239947154881e-01,-9.7911216460194392e-03,-2.9008865012380491e-02,-8.5313454528151179e-03,-3.7063338475781808e-03,-3.0837105753617023e-02,3.0281065800417645e-02,8.4014397604725566e-03,-3.1106997863101917e-02,-1.3663537051191403e-02,7.0865132631588501e-01,6.2253107460880730e-01,-3.8919643890635502e-01,-1.7351395439004835e-02,5.1242676686143607e-01,8.2410895783780569e-01,-7.0541221121680220e-01,5.9309165643186046e-01,-4.1556158062780113e-01,-9.0668497235661030e-03,-3.5615328350154352e-02,-1.5915635482246619e-02,3.7400076146202254e-03,-2.5089677016099224e-02,2.7446514704494170e-02,8.8988225004037417e-03,-2.9853022054492209e-02,-1.2905483147744855e-02,2.9124595727145269e-07,4.7707212588112040e-06,3.0192962046203784e-07,6.8386293144895286e-05,7.8650422345511741e-05,6.8108270065988689e-05,3.3634826767041446e-04,3.8683092899054129e-04,3.3498085065360823e-04,8.2527708797449939e-01,-6.8640440579545376e-03,8.3830012748157789e-01,-5.1218410293035821e-01,-6.2055980590661564e-01,-4.8852231305099636e-01
2.1786118842210726e+04,2.7916416860082494e-03,2.4988393505213694e-03,2.5117393168748547e-03,2.4988393505213694e-03,2.6861460409548857e-03,2.4765355417635149e-03,2.5117393168748547e-03,2.4765355417635145e-03,2.7454617480210885e-03,1.8674371578543476e-06,5.7000286282607677e-07,4.4479572894149404e-07,5.7000286282607688e-07,1.8749102685084428e-06,5.8209579537984441e-07,4.4479572894149393e-07,5.8209579537984419e-07,1.8706597425370693e-06,0.0000000000000000e+00,0.0000000000000000e+00,0.0000000000000000e+00,0.0000000000000000e+00,0.0000000000000000e+00,0.0000000000000000e+00,0.0000000000000000e+00,0.0000000000000000e+00,0.0000000000000000e+00,7.3057828974835086e-12,-1.3367226169727789e-12,-6.5144771121979503e-13,-1.3367226169727789e-12,7.3872724892608099e-12,-1.4112782531568143e-12,-6.5144771121979523e-13,-1.4112782531568143e-12,7.2745285052488136e-12,2.0967649061669228e-03,-4.6426755434516670e-04,-2.6529500109079984e-04,-4.6426755434516697e-04,2.1520134664098213e-03,-4.8347978649987145e-04,-2.6529500109080000e-04,-4.8347978649987145e-04,2.0952798098687803e-03,3.6577926981138150e-05,2.1424783615702712e-05,2.5993964709884669e-05,2.1424783615702488e-05,2.8873952105859888e-05,2.0595620840838447e-05,2.5993964709884053e-05,2.0595620840838884e-05,3.4970131087924701e-05,5.1776445797557403e+02,1.3266408542722712e+02,9.5568004026138510e+01,1.3266408542722723e+02,5.2358174055335564e+02,1.3702506525914998e+02,9.5568004026138595e+01,1.3702506525914998e+02,5.2037805224331782e+02,-1.6728202501461698e+01,-1.4795451768687272e+01,-1.4854477238067048e+01,-1.4795451768687174e+01,-1.6146781361927481e+01,-1.4678489579630508e+01,-1.4854477238066902e+01,-1.4678489579630590e+01,-1.6485420093551003e+01,7.0118201054906970e-01,5.8692318358946860e-01,-3.5055588130029258e-01,-2.8057830165083987e-02,5.6721027338068875e-01,8.5824682756747872e-01,-7.1230369385262937e-01,5.7535516858998614e-01,-3.7329195702067175e-01,-9.8301353062267612e-03,-2.8999052238274009e-02,-8.5750864560032430e-03,-3.6690421834270734e-03,-3.0835293268674898e-02,3.0285581108690094e-02,8.3606544007711926e-03,-3.1118354257770896e-02,-1.3613351864672368e-02,7.0862769831451888e-01,6.2266963689614496e-01,-3.8911143131479009e-01,-1.7462082035407150e-02,5.1232884944221802e-01,8.2414608321659533e-01,-7.0543386844728018e-01,5.9303769613910706e-01,-4.1557367066859568e-01,-9.0260347152314735e-03,-3.5644197896032376e-02,-1.5869732194314066e-02,3.6942745932814509e-03,-2.5081895690553833e-02,2.7447073878667596e-02,8.9388548370273185e-03,-2.9828326373850168e-02,-1.2950093590396422e-02,3.0319994975337640e-07,5.0726359297717001e-06,3.1202784576285962e-07,7.3267150642294756e-05,8.4044817110892454e-05,7.2968929580922447e-05,3.3630198739363913e-04,3.8577232466048588e-04,3.3493312925267230e-04,4.8814579290284388e-01,-3.1498809630931063e-01,5.1247459049462940e-01,-8.3837681948172205e-01,-5.1318253915094891e-01,-8.2272204946205019e-01
2.3344246925629552e+04,2.9572824043601160e-03,2.6511371423914376e-03,2.6646222185234317e-03,2.6511371423914381e-03,2.8422846253618162e-03,2.6268387915338366e-03,2.6646222185234326e-03,2.6268387915338361e-03,2.9069113835525728e-03,1.8618128582967702e-06,5.6484433600254563e-07,4.3960112685392118e-07,5.6484433600254584e-07,1.8695092771651421e-06,5.7698478734908528e-07,4.3960112685392150e-07,5.7698478734908549e-07,1.8651327198273671e-06,0.0000000000000000e+00,0.0000000000000000e+00,0.0000000000000000e+00,0.0000000000000000e+00,0.0000000000000000e+00,0.0000000000000000e+00,0.0000000000000000e+00,0.0000000000000000e+00,0.0000000000000000e+00,7.3057828974835070e-12,-1.3367226169727789e-12,-6.5144771121979493e-13,-1.3367226169727789e-12,7.3872724892608099e-12,-1.4112782531568143e-12,-6.5144771121979503e-13,-1.4112782531568139e-12,7.2745285052488120e-12,2.0983523541572742e-03,-4.6323404882375545e-04,-2.6406382417836302e-04,-4.6323404882375572e-04,2.1532373223512157e-03,-4.8248258239310489e-04,-2.6406382417836307e-04,-4.8248258239310516e-04,2.0967939780309765e-03,3.6326892410334592e-05,2.1494477405668181e-05,2.5999409510165042e-05,2.1494477405667486e-05,2.8537104332360776e-05,2.0660589609267414e-05,2.5999409510165259e-05,2.0660589609267841e-05,3.4692846032973820e-05,5.1702347293832554e+02,1.3198963452093682e+02,9.4889433154511707e+01,1.3198963452093690e+02,5.2286784474124465e+02,1.3635605881510779e+02,9.4889433154511764e+01,1.3635605881510787e+02,5.1964820329056340e+02,-1.6578251359325058e+01,-1.4692523299502238e+01,-1.4750078703479792e+01,-1.4692523299502060e+01,-1.5981732928119822e+01,-1.4572562806332368e+01,-1.4750078703479836e+01,-1.4572562806332517e+01,-1.6328886477997397e+01,7.0112113636911988e-01,5.8701289870896334e-01,-3.5043078559725671e-01,-2.8198187043656304e-02,5.6715598756372210e-01,8.5830239155639920e-01,-7.1235818390753969e-01,5.7531713908821458e-01,-3.7328208322035017e-01,-9.8668280488393035e-03,-2.8990291677143874e-02,-8.6165171448329657e-03,-3.6355680798250125e-03,-3.0832182182859928e-02,3.0288541374603035e-02,8.3222925247853768e-03,-3.1129913613572573e-02,-1.3568912801773260e-02,7.0860374553992289e-01,6.2280933639969926e-01,-3.8902588399518034e-01,-1.7573955173003603e-02,5.1223096481925567e-01,8.2418309951349100e-01,-7.0545589501523265e-01,5.9298245745443523e-01,-4.1558655318253057e-01,-8.9877872836392463e-03,-3.5671471224137247e-02,-1.5826503126822700e-02,3.6529480113523085e-03,-2.5076465814546544e-02,2.7448683902112414e-02,8.9761812562957951e-03,-2.9803099543372607e-02,-1.2990296257276908e-02,3.1582351840439013e-07,5.3923089763562243e-06,3.2248306208130437e-07,7.8496624115223466e-05,8.9810339118286494e-05,7.8176849178346623e-05,3.3625682749715240e-04,3.8472150934834440e-04,3.3488700418310169e-04,4.1849298309472836e-03,-5.2671436795705073e-01,3.5137164275425549e-02,-9.6890212371528683e-01,-2.5038025009186188e-01,-9.6762837387925249e-01
2.5013811247045694e+04,3.1322043659554565e-03,2.8119528429478733e-03,2.8260025251534496e-03,2.8119528429478725e-03,3.0069132501361283e-03,2.7854958941682974e-03,2.8260025251534491e-03,2.7854958941682978e-03,3.0772895256304315e-03,1.8562493339680327e-06,5.5973818883375650e-07,4.3445945890616282e-07,5.5973818883375639e-07,1.8641738119440562e-06,5.7192714328586946e-07,4.3445945890616282e-07,5.7192714328586967e-07,1.8596686141915119e-06,0.0000000000000000e+00,0.0000000000000000e+00,0.0000000000000000e+00,0.0000000000000000e+00,0.0000000000000000e+00,0.0000000000000000e+00,0.0000000000000000e+00,0.0000000000000000e+00,0.0000000000000000e+00,7.3057828974835086e-12,-1.3367226169727789e-12,-6.5144771121979503e-13,-1.3367226169727789e-12,7.3872724892608116e-12,-1.4112782531568143e-12,-6.5144771121979523e-13,-1.4112782531568141e-12,7.2745285052488136e-12,2.0999331647900388e-03,-4.6219836177173262e-04,-2.6283249137747783e-04,-4.6219836177173278e-04,2.1544502762691955e-03,-4.8148358531572281e-04,-2.6283249137747789e-04,-4.8148358531572275e-04,2.0983000904128356e-03,3.6076725965380304e-05,2.1552400082820483e-05,2.5993012559822811e-05,2.1552400082820361e-05,2.8204041057346667e-05,2.0713764140031761e-05,2.5993012559821411e-05,2.0713764140031785e-05,3.4416663951533520e-05,5.1628843982358308e+02,1.3131992816074904e+02,9.4215660625639828e+01,1.3131992816074910e+02,5.2216071828477618e+02,1.3569196299082125e+02,9.4215660625639870e+01,1.3569196299082125e+02,5.1892466444468516e+02,-1.6426805115114185e+01,-1.4586008492175671e+01,-1.4641867752266625e+01,-1.4586008492175559e+01,-1.5815337383319552e+01,-1.4463079723995047e+01,-1.4641867752266261e+01,-1.4463079723994980e+01,-1.6170894799278727e+01,7.0105954750356092e-01,5.8710320238736591e-01,-3.5030538596236122e-01,-2.8340174628711454e-02,5.6710192991837072e-01,8.5835774552029576e-01,-7.1241325602141181e-01,5.7527826765142320e-01,-3.7327289135348218e-01,-9.9012791514371031e-03,-2.8982597016697129e-02,-8.6558683258164508e-03,-3.6056184316080012e-03,-3.0827788134488915e-02,3.0289965200730878e-02,8.2862650198009830e-03,-3.1141646492110819e-02,-1.3529959473422238e-02,7.0857948555384132e-01,6.2295009327748185e-01,-3.8893984101535228e-01,-1.7687020701450080e-02,5.1213324153719764e-01,8.2421994944703925e-01,-7.0547826398678037e-01,5.9292590403024148e-01,-4.1560027596508331e-01,-8.9519895217645955e-03,-3.5697120646120094e-02,-1.5785737360577687e-02,3.6157258255938899e-03,-2.5073373237415004e-02,2.7451327776075857e-02,9.0109250800181027e-03,-2.9777386430962272e-02,-1.3026319350711127e-02,3.2916545235274221e-07,5.7306550759302961e-06,3.3330782137764085e-07,8.4099617015007401e-05,9.5972678244448284e-05,8.3756851759211166e-05,3.3621272737852033e-04,3.8367874969786274e-04,3.3484242337961768e-04,-5.1068625484620400e-01,-5.5542802646682754e-01,-4.8202090077872828e-01,-8.2187996423158016e-01,9.6767311529058930e-02,-8.3855089862143095e-01
2.6802781648779044e+04,3.3168685606618357e-03,2.9816989845518897e-03,2.9962835007936888e-03,2.9816989845518906e-03,3.1804346481983277e-03,2.9529075742954266e-03,2.9962835007936888e-03,2.9529075742954275e-03,3.2570307717693561e-03,1.8507473078784470e-06,5.5468553348760372e-07,4.2937194194555292e-07,5.5468553348760362e-07,1.8589045572968696e-06,5.6692396430529199e-07,4.2937194194555298e-07,5.6692396430529209e-07,1.8542681370832101e-06,0.0000000000000000e+00,0.0000000000000000e+00,0.0000000000000000e+00,0.0000000000000000e+00,0.0000000000000000e+00,0.0000000000000000e+00,0.0000000000000000e+00,0.0000000000000000e+00,0.0000000000000000e+00,7.3057828974835086e-12,-1.3367226169727789e-12,-6.5144771121979503e-13,-1.3367226169727789e-12,7.3872724892608116e-12,-1.4112782531568143e-12,-6.5144771121979523e-13,-1.4112782531568143e-12,7.2745285052488128e-12,2.1015071790711558e-03,-4.6116101369329734e-04,-2.6160158585094423e-04,-4.6116101369329706e-04,2.1556522681471474e-03,-4.8048331671413249e-04,-2.6160158585094407e-04,-4.8048331671413319e-04,2.0997979883008847e-03,3.5826872467272885e-05,2.1598594340559731e-05,2.5974711092812094e-05,2.1598594340559771e-05,2.7874300031213064e-05,2.0755212159617562e-05,2.5974711092812186e-05,2.0755212159617640e-05,3.4141069331204627e-05,5.1555949293072661e+02,1.3065516087263094e+02,9.3546895775662648e+01,1.3065516087263083e+02,5.2146049290237499e+02,1.3503297164485937e+02,9.3546895775662605e+01,1.3503297164485949e+02,5.1820757028381172e+02,-1.6273782046666295e+01,-1.4475922073336358e+01,-1.4529855695437169e+01,-1.4475922073336365e+01,-1.5647536464622039e+01,-1.4350060255450364e+01,-1.4529855695437195e+01,-1.4350060255450394e+01,-1.6011373559488455e+01,7.0099727392438249e-01,5.8719404223104033e-01,-3.5017975347494484e-01,-2.8483783691816561e-02,5.6704817082849601e-01,8.5841281153252613e-01,-7.1246888226318139e-01,5.7523853806126424e-01,-3.7326449857792582e-01,-9.9335634743414631e-03,-2.8975981005362576e-02,-8.6933585614493991e-03,-3.5789093719749260e-03,-3.0822129235652303e-02,3.0289873661225149e-02,8.2524873973153102e-03,-3.1153521979460964e-02,-1.3496237436010725e-02,7.0855493954150439e-01,6.2309182497978499e-01,-3.8885334346899481e-01,-1.7801287476836531e-02,5.1203580923583825e-01,8.2425657591370349e-01,-7.0550094541793862e-01,5.9286800151097718e-01,-4.1561489075003533e-01,-8.9185289495068987e-03,-3.5721119802578929e-02,-1.5747233660954350e-02,3.5823162390265003e-03,-2.5072599453045144e-02,2.7454986831397358e-02,9.0432041198917641e-03,-2.9751234603944476e-02,-1.3058384924617866e-02,3.4327838581420201e-07,6.0886252452405646e-06,3.4451511462808772e-07,9.0102811273688621e-05,1.0255932021901337e-04,8.9735535076355762e-05,3.3616962766919796e-04,3.8264431491828119e-04,3.3479933632352490e-04,-8.8443133860119671e-01,-3.6664817553308421e-01,-8.6943841713460068e-01,-3.8913918898242855e-01,4.0183539042570304e-01,-4.2130040893460002e-01
2.8719697970734975e+04,3.5117541096050188e-03,3.1608033048467930e-03,3.1758822745904624e-03,3.1608033048467930e-03,3.3632662332209566e-03,3.1294890969487343e-03,3.1758822745904620e-03,3.1294890969487338e-03,3.4465862444352266e-03,1.8453075091174741e-06,5.4968747180247582e-07,4.2433978590791113e-07,5.4968747180247560e-07,1.8537021930199101e-06,5.6197633874918181e-07,4.2433978590791097e-07,5.6197633874918181e-07,1.8489320014401293e-06,0.0000000000000000e+00,0.0000000000000000e+00,0.0000000000000000e+00,0.0000000000000000e+00,0.0000000000000000e+00,0.0000000000000000e+00,0.0000000000000000e+00,0.0000000000000000e+00,0.0000000000000000e+00,7.3057828974835086e-12,-1.3367226169727787e-12,-6.5144771121979493e-13,-1.3367226169727787e-12,7.3872724892608116e-12,-1.4112782531568143e-12,-6.5144771121979523e-13,-1.4112782531568141e-12,7.2745285052488128e-12,2.1030742148129833e-03,-4.6012253182738951e-04,-2.6037170326473482e-04,-4.6012253182738978e-04,2.1568432229397590e-03,-4.7948230334135826e-04,-2.6037170326473444e-04,-4.7948230334135858e-04,2.1012874923642499e-03,3.5576797975367505e-05,2.1633105544348171e-05,2.5944452539143414e-05,2.1633105544348846e-05,2.7547444877579215e-05,2.0785004304526921e-05,2.5944452539144190e-05,2.0785004304526294e-05,3.3865569658334964e-05,5.1483676971167961e+02,1.2999552783358706e+02,9.2883349135262861e+01,1.2999552783358712e+02,5.2076730183075892e+02,1.3437927892579950e+02,9.2883349135262790e+01,1.3437927892579958e+02,5.1749705786653271e+02,-1.6119108939898624e+01,-1.4362284319082637e+01,-1.4414060141428157e+01,-1.4362284319082869e+01,-1.5478281140322842e+01,-1.4233530002929088e+01,-1.4414060141428360e+01,-1.4233530002928953e+01,-1.5850260117611846e+01,7.0093434871173532e-01,5.8728536425302780e-01,-3.5005395744845286e-01,-2.8629005775505915e-02,5.6699478076728038e-01,8.5846751116330322e-01,-7.1252503142808687e-01,5.7519793567053679e-01,-3.7325702443146552e-01,-9.9637517990941171e-03,-2.8970455303095100e-02,-8.7291945174702724e-03,-3.5551658046553505e-03,-3.0815226220000901e-02,3.0288290499325268e-02,8.2208794512748096e-03,-3.1165507692740915e-02,-1.3467497393114017e-02,7.0853013164532574e-01,6.2323444636859071e-01,-3.8876643037073622e-01,-1.7916765935805344e-02,5.1193879822968935e-01,8.2429292215031180e-01,-7.0552390697448764e-01,5.9280871780103495e-01,-4.1563045193087267e-01,-8.8872981500994260e-03,-3.5743443909808478e-02,-1.5710800139978619e-02,3.5524371115854608e-03,-2.5074121284516700e-02,2.7459640597528985e-02,9.0731310777241482e-03,-2.9724694349359929e-02,-1.3086709421295971e-02,3.5821904854128775e-07,6.4672075277301259e-06,3.5611838659522245e-07,9.6534794263351657e-05,1.0959967377268927e-04,9.6141398656106810e-05,3.3612747028788202e-04,3.8161847622621251e-04,3.3475769401918412e-04,-9.3968995329764970e-01,-1.8645552728580747e-02,-9.4776472369287579e-01,2.1873543972083373e-01,5.2342851355865161e-01,1.8164690212507403e-01
3.0773710816235853e+04,3.7173586625130098e-03,3.3497090157908207e-03,3.3652299915849226e-03,3.3497090157908207e-03,3.5558403769526997e-03,3.3156705175981290e-03,3.3652299915849222e-03,3.3156705175981290e-03,3.6464239284749187e-03,1.8399306703560006e-06,5.4474509260443799e-07,4.1936419072038302e-07,5.4474509260443799e-07,1.8485673914014360e-06,5.5708533943169108e-07,4.1936419072038280e-07,5.5708533943169098e-07,1.8436609190071693e-06,0.0000000000000000e+00,0.0000000000000000e+00,0.0000000000000000e+00,0.0000000000000000e+00,0.0000000000000000e+00,0.0000000000000000e+00,0.0000000000000000e+00,0.0000000000000000e+00,0.0000000000000000e+00,7.3057828974835086e-12,-1.3367226169727789e-12,-6.5144771121979503e-13,-1.3367226169727789e-12,7.3872724892608116e-12,-1.4112782531568143e-12,-6.5144771121979523e-13,-1.4112782531568141e-12,7.2745285052488136e-12,2.1046340669642113e-03,-4.5908344969764636e-04,-2.5914345100313949e-04,-4.5908344969764663e-04,2.1580230513095783e-03,-4.7848107675081745e-04,-2.5914345100313976e-04,-4.7848107675081610e-04,2.1027684031536611e-03,3.5325990084213519e-05,2.1655982907038491e-05,2.5902196032010662e-05,2.1655982907039070e-05,2.7223064842089384e-05,2.0803215241726363e-05,2.5902196032011553e-05,2.0803215241726041e-05,3.3589695605554101e-05,5.1412041042705016e+02,1.2934122449289708e+02,9.2225231995744380e+01,1.2934122449289717e+02,5.2008127940619181e+02,1.3373107887864330e+02,9.2225231995744366e+01,1.3373107887864296e+02,5.1679326635279187e+02,-1.5962721161875342e+01,-1.4245121282799326e+01,-1.4294505296746461e+01,-1.4245121282799545e+01,-1.5307531595684130e+01,-1.4113520456187434e+01,-1.4294505296746703e+01,-1.4113520456187366e+01,-1.5687500731222805e+01,7.0087080764224130e-01,5.8737711296906192e-01,-3.4992806615200167e-01,-2.8775831979100212e-02,5.6694183003250032e-01,8.5852176581189399e-01,-7.1258166951561319e-01,5.7515644756755191e-01,-3.7325058944308348e-01,-9.9919111496764648e-03,-2.8966030337392031e-02,-8.7635712781261015e-03,-3.5341210009160328e-03,-3.0807102569801039e-02,3.0285242302284382e-02,8.1913649345987313e-03,-3.1177569801872494e-02,-1.3443494481863149e-02,7.0850508837151216e-01,6.2337786985596200e-01,-3.8867913942456456e-01,-1.8033466822684689e-02,5.1184233905696119e-01,8.2432893191000800e-01,-7.0554711448526886e-01,5.9274802333982979e-01,-4.1564701539147764e-01,-8.8581944306523677e-03,-3.5764069999219252e-02,-1.5676253951304363e-02,3.5258154393297456e-03,-2.5077910603099662e-02,2.7465266690921829e-02,9.1008139157718049e-03,-2.9697818669618656e-02,-1.3111504150049911e-02,3.7404852264820803e-07,6.8674276561302356e-06,3.6813155148429237e-07,1.0342619481892936e-04,1.1712520689517860e-04,1.0300497979643671e-04,3.3608619849759199e-04,3.8060150624858900e-04,3.3471744896651360e-04,-5.8523099662643141e-01,3.3065382201309662e-01,-6.1729597119471191e-01,7.6513053075815018e-01,3.7932947891036001e-01,7.4024622774279780e-01
3.2974625233396044e+04,3.9341987896948944e-03,3.5488750675642892e-03,3.5647719548016535e-03,3.5488750675642874e-03,3.7586046846567888e-03,3.5118969281679557e-03,3.5647719548016522e-03,3.5118969281679553e-03,3.8570290044848015e-03,1.8346175252298544e-06,5.3985946893487645e-07,4.1444634305767747e-07,5.3985946893487645e-07,1.8435008142908766e-06,5.5225202080599929e-07,4.1444634305767742e-07,5.5225202080599929e-07,1.8384555975563076e-06,0.0000000000000000e+00,0.0000000000000000e+00,0.0000000000000000e+00,0.0000000000000000e+00,0.0000000000000000e+00,0.0000000000000000e+00,0.0000000000000000e+00,0.0000000000000000e+00,0.0000000000000000e+00,7.3057828974835086e-12,-1.3367226169727787e-12,-6.5144771121979503e-13,-1.3367226169727787e-12,7.3872724892608116e-12,-1.4112782531568143e-12,-6.5144771121979523e-13,-1.4112782531568141e-12,7.2745285052488120e-12,2.1061865080299691e-03,-4.5804430659254379e-04,-2.5791744726000196e-04,-4.5804430659254303e-04,2.1591916504259900e-03,-4.7748017272496466e-04,-2.5791744726000234e-04,-4.7748017272496466e-04,2.1042405016861473e-03,3.5073958289358207e-05,2.1667280637723280e-05,2.5847913886163219e-05,2.1667280637724283e-05,2.6900774566216670e-05,2.0809924754869021e-05,2.5847913886162508e-05,2.0809924754868754e-05,3.3313001271735400e-05,5.1341055777623262e+02,1.2869244617106779e+02,9.1572755944300198e+01,1.2869244617106762e+02,5.1940256062542835e+02,1.3308856503034343e+02,9.1572755944300255e+01,1.3308856503034346e+02,5.1609633660057784e+02,-1.5804562731717583e+01,-1.4124465004379568e+01,-1.4171222245311359e+01,-1.4124465004379777e+01,-1.5135257208302139e+01,-1.3990069180281720e+01,-1.4171222245311217e+01,-1.3990069180281592e+01,-1.5523050592373171e+01,7.0080668882092834e-01,5.8746923150503960e-01,-3.4980214739863258e-01,-2.8924251876097356e-02,5.6688938846841541e-01,8.5857549705032421e-01,-7.1263876015769889e-01,5.7511406274186205e-01,-3.7324531383776788e-01,-1.0018105097441318e-02,-2.8962715165126277e-02,-8.7966726304928473e-03,-3.5155162593755525e-03,-3.0797784620952083e-02,3.0280758651949558e-02,8.1638712531909140e-03,-3.1189673067199809e-02,-1.3423987646535369e-02,7.0847983806051051e-01,6.2352200556128168e-01,-3.8859150767932349e-01,-1.8151400053269057e-02,5.1174656200019919e-01,8.2436454965046957e-01,-7.0557053243743895e-01,5.9268589138205918e-01,-4.1566463743386145e-01,-8.8311195077726834e-03,-3.5782977148401035e-02,-1.5643421015361057e-02,3.5021869035459976e-03,-2.5083934084220973e-02,2.7471840723088701e-02,9.1263561970397096e-03,-2.9670663252312698e-02,-1.3132975707849199e-02,3.9083250425850100e-07,7.2903496908710336e-06,3.8056900922583357e-07,1.1080982897267906e-04,1.2516959285820459e-04,1.1035899929084772e-04,3.3604575696724853e-04,3.7959367838829997e-04,3.3467855513056243e-04,8.2035131953092130e-02,4.8178553800790680e-01,3.8809287665101527e-02,9.5816526190664697e-01,2.3825056121521058e-02,9.6187555242722467e-01
3.5332947520558992e+04,4.1628103689116021e-03,3.7587764083478669e-03,3.7749677604094153e-03,3.7587764083478674e-03,3.9720222696022133e-03,3.7186287001680887e-03,3.7749677604094153e-03,3.7186287001680879e-03,4.0789041787110169e-03,1.8293688056212475e-06,5.3503165519948273e-07,4.0958741296323225e-07,5.3503165519948273e-07,1.8385031101120016e-06,5.4747741606427453e-07,4.0958741296323225e-07,5.4747741606427442e-07,1.8333167380220860e-06,0.0000000000000000e+00,0.0000000000000000e+00,0.0000000000000000e+00,0.0000000000000000e+00,0.0000000000000000e+00,0.0000000000000000e+00,0.0000000000000000e+00,0.0000000000000000e+00,0.0000000000000000e+00,7.3057828974835086e-12,-1.3367226169727789e-12,-6.5144771121979503e-13,-1.3367226169727789e-12,7.3872724892608116e-12,-1.4112782531568143e-12,-6.5144771121979523e-13,-1.4112782531568141e-12,7.2745285052488136e-12,2.1077312885814450e-03,-4.5700564697221801e-04,-2.5669432000306394e-04,-4.5700564697221839e-04,2.1603489048195724e-03,-4.7648013063598499e-04,-2.5669432000306443e-04,-4.7648013063598488e-04,2.1057035501128728e-03,3.4820234412527579e-05,2.1667059059560432e-05,2.5781593036135033e-05,2.1667059059559931e-05,2.6580213876707475e-05,2.0805218791975709e-05,2.5781593036135284e-05,2.0805218791975631e-05,3.3035064464524516e-05,5.1270735650317408e+02,1.2804938763750400e+02,9.0926132369484662e+01,1.2804938763750408e+02,5.1873128068907113e+02,1.3245192995565159e+02,9.0926132369484804e+01,1.3245192995565156e+02,5.1540641074053622e+02,-1.5644586386159329e+01,-1.4000353698511958e+01,-1.4044249203106556e+01,-1.4000353698511855e+01,-1.4961436510117267e+01,-1.3863219980718428e+01,-1.4044249203106595e+01,-1.3863219980718437e+01,-1.5356873854512500e+01,7.0074203235204835e-01,5.8756166171588775e-01,-3.4967626900863991e-01,-2.9074252554747486e-02,5.6683752517569441e-01,8.5862862697749442e-01,-7.1269626500229910e-01,5.7507077225000802e-01,-3.7324131632992319e-01,-1.0042394048829777e-02,-2.8960517341108535e-02,-8.8286713223103726e-03,-3.4991006308368890e-03,-3.0787301644264527e-02,3.0274872248906081e-02,8.1383291786264640e-03,-3.1201780893706212e-02,-1.3408739099630881e-02,7.0845441041654733e-01,6.2366676148740940e-01,-3.8850357207968361e-01,-1.8270573707877075e-02,5.1165159658079817e-01,8.2439972073302359e-01,-7.0559412441781988e-01,5.9262229828094781e-01,-4.1568337379607634e-01,-8.8059792175355766e-03,-3.5800146702360619e-02,-1.5612135775201944e-02,3.4812954874925525e-03,-2.5092153003783813e-02,2.7479336229194622e-02,9.1498573969325033e-03,-2.9643286412756736e-02,-1.3151326338569021e-02,4.0864156840720559e-07,7.7370766355674232e-06,3.9344566230319090e-07,1.1872085609516702e-04,1.3376886670574283e-04,1.1823851757370234e-04,3.3600609183846762e-04,3.7859526615464917e-04,3.3464096790935296e-04,7.3773981732468863e-01,3.1789285334817224e-01,7.0834282475280053e-01,6.1421677901303418e-01,-3.3427744281685046e-01,6.5005974012970247e-01
3.7859935379226161e+04,4.4037489677240423e-03,3.9799042412211770e-03,3.9962914280803436e-03,3.9799042412211778e-03,4.1965720278559571e-03,3.9363417263065361e-03,3.9962914280803428e-03,3.9363417263065369e-03,4.3125700104006456e-03,1.8241852388527240e-06,5.3026268425091644e-07,4.0478855034923554e-07,5.3026268425091655e-07,1.8335749108397647e-06,5.4276253418447420e-07,4.0478855034923544e-07,5.4276253418447399e-07,1.8282450315697227e-06,0.0000000000000000e+00,0.0000000000000000e+00,0.0000000000000000e+00,0.0000000000000000e+00,0.0000000000000000e+00,0.0000000000000000e+00,0.0000000000000000e+00,0.0000000000000000e+00,0.0000000000000000e+00,7.3057828974835070e-12,-1.3367226169727789e-12,-6.5144771121979503e-13,-1.3367226169727789e-12,7.3872724892608116e-12,-1.4112782531568141e-12,-6.5144771121979523e-13,-1.4112782531568139e-12,7.2745285052488128e-12,2.1092681378558232e-03,-4.5596801980002139e-04,-2.5547470581026429e-04,-4.5596801980002177e-04,2.1614946872867218e-03,-4.7548149273740777e-04,-2.5547470581026456e-04,-4.7548149273740777e-04,2.1071572924691276e-03,3.4564373078930423e-05,2.1655385690416940e-05,2.5703236421689783e-05,2.1655385690416574e-05,2.6261047584608906e-05,2.0789190468727443e-05,2.5703236421689695e-05,2.0789190468727511e-05,3.2755487018102381e-05,5.1201095297933125e+02,1.2741224266820451e+02,9.0285571938342585e+01,1.2741224266820460e+02,5.1806757452980776e+02,1.3182136482481008e+02,9.0285571938342713e+01,1.3182136482481010e+02,5.1472363173043436e+02,-1.5482753637146471e+01,-1.3872831919682673e+01,-1.3913631744710399e+01,-1.3872831919682579e+01,-1.4786057133828924e+01,-1.3733023043732604e+01,-1.3913631744710367e+01,-1.3733023043732626e+01,-1.5188943647916313e+01,7.0067688004298756e-01,5.8765434431558095e-01,-3.4955049916482311e-01,-2.9225817770394364e-02,5.6678630821128850e-01,8.5868107858242571e-01,-7.1275414405858883e-01,5.7502656937962549e-01,-3.7323871299285227e-01,-1.0064835517020223e-02,-2.8959442794596769e-02,-8.8597292950279832e-03,-3.4846307043349197e-03,-3.0775685901083538e-02,3.0267619007783818e-02,8.1146725784111157e-03,-3.1213855402468453e-02,-1.3397513873976710e-02,7.0842883608708207e-01,6.2381204371540722e-01,-3.8841536992391590e-01,-1.8390993137077729e-02,5.1155757103037136e-01,8.2443439163109700e-01,-7.0561785350920936e-01,5.9255722377208364e-01,-4.1570327875133983e-01,-8.7826832509788830e-03,-3.5815562483024324e-02,-1.5582240978735973e-02,3.4628931621004063e-03,-2.5102523078601155e-02,2.7487724618096409e-02,9.1714131855225780e-03,-2.9615749007958356e-02,-1.3166754231931680e-02,4.2755143557955837e-07,8.2087510315947162e-06,4.0677693318578957e-07,1.2719694618745837e-04,1.4296159296346743e-04,1.2668110203243373e-04,3.3596715079775769e-04,3.7760654246100700e-04,3.3460464410075023e-04,9.4690584745146000e-01,-6.9669620838530219e-02,9.5517365387079367e-01,-1.4633186613267718e-01,-4.3449623480079641e-01,-9.7515666999677231e-02
4.0567651653889116e+04,4.6575902221848847e-03,4.2127662796924061e-03,4.2292315290439544e-03,4.2127662796924061e-03,4.4327489148740466e-03,4.1655276621999420e-03,4.2292315290439544e-03,4.1655276621999420e-03,4.5585652377951834e-03,1.8190675448061959e-06,5.2555356441891740e-07,4.0005088139186635e-07,5.2555356441891740e-07,1.8287168289584066e-06,5.3810835693891930e-07,4.0005088139186640e-07,5.3810835693891930e-07,1.8232411566107651e-06,0.0000000000000000e+00,0.0000000000000000e+00,0.0000000000000000e+00,0.0000000000000000e+00,0.0000000000000000e+00,0.0000000000000000e+00,0.0000000000000000e+00,0.0000000000000000e+00,0.0000000000000000e+00,7.3057828974835070e-12,-1.3367226169727789e-12,-6.5144771121979493e-13,-1.3367226169727789e-12,7.3872724892608116e-12,-1.4112782531568143e-12,-6.5144771121979523e-13,-1.4112782531568141e-12,7.2745285052488128e-12,2.1107967644494376e-03,-4.5493197779843255e-04,-2.5425924857888047e-04,-4.5493197779843234e-04,2.1626288598412297e-03,-4.7448480338706310e-04,-2.5425924857888036e-04,-4.7448480338706326e-04,2.1086014555073761e-03,3.4305952239271061e-05,2.1632336279743237e-05,2.5612864307233875e-05,2.1632336279743359e-05,2.5942965288362765e-05,2.0761941021144220e-05,2.5612864307233441e-05,2.0761941021144837e-05,3.2473895138884137e-05,5.1132149476504469e+02,1.2678120358506312e+02,8.9651284047083308e+01,1.2678120358506301e+02,5.1741157632777242e+02,1.3119705893487540e+02,8.9651284047083280e+01,1.3119705893487543e+02,5.1404814289113278e+02,-1.5319034818971938e+01,-1.3741950701596359e+01,-1.3779422998291997e+01,-1.3741950701596343e+01,-1.4609115741688584e+01,-1.3599535049518121e+01,-1.3779422998291922e+01,-1.3599535049518249e+01,-1.5019242081243583e+01,7.0061127513972865e-01,5.8774721901789695e-01,-3.4942490666077380e-01,-2.9378927209004237e-02,5.6673580428038306e-01,8.5873277611436172e-01,-7.1281235600542125e-01,5.7498144981024724e-01,-3.7323761620887713e-01,-1.0085484376708873e-02,-2.8959495714941500e-02,-8.8899978984827953e-03,-3.4718704552674224e-03,-3.0762972671508695e-02,3.0259038121570384e-02,8.0928381647505515e-03,-3.1225857519854419e-02,-1.3390079464611541e-02,7.0840314629211998e-01,6.2395775661725172e-01,-3.8832693923094053e-01,-1.8512660182474588e-02,5.1146461174261726e-01,8.2446851014599520e-01,-7.0564168264095206e-01,5.9249065125501721e-01,-4.1572440428842772e-01,-8.7611449133998716e-03,-3.5829210985101251e-02,-1.5553587486884212e-02,3.4467396359685394e-03,-2.5114994354639840e-02,2.7496975144918660e-02,9.1911156825342268e-03,-2.9588114320766808e-02,-1.3179453759795949e-02,4.4764323815919825e-07,8.7065555345168066e-06,4.2057878248335056e-07,1.3627845912263649e-04,1.5278904537281837e-04,1.3572700628529966e-04,3.3592888315380669e-04,3.7662777889232562e-04,3.3456954186868209e-04,4.6623948596456671e-01,-3.8072716292058617e-01,5.1293207747115543e-01,-8.3485496475054455e-01,-1.7417592490496089e-01,-8.1007747531632257e-01
4.3469021915296478e+04,4.9249302129905879e-03,4.4578870036364538e-03,4.4742913147002182e-03,4.4578870036364520e-03,4.6810642255952278e-03,4.4066941700486133e-03,4.4742913147002182e-03,4.4066941700486124e-03,4.8174471041939164e-03,1.8140164329792709e-06,5.2090527650302453e-07,3.9537550484054254e-07,5.2090527650302453e-07,1.8239294544177113e-06,5.3351583588089278e-07,3.9537550484054254e-07,5.3351583588089299e-07,1.8183057757807578e-06,0.0000000000000000e+00,0.0000000000000000e+00,0.0000000000000000e+00,0.0000000000000000e+00,0.0000000000000000e+00,0.0000000000000000e+00,0.0000000000000000e+00,0.0000000000000000e+00,0.0000000000000000e+00,7.3057828974835070e-12,-1.3367226169727787e-12,-6.5144771121979493e-13,-1.3367226169727787e-12,7.3872724892608099e-12,-1.4112782531568139e-12,-6.5144771121979503e-13,-1.4112782531568137e-12,7.2745285052488112e-12,2.1123168571071920e-03,-4.5389807663018982e-04,-2.5304859811020369e-04,-4.5389807663019036e-04,2.1637512747102352e-03,-4.7349060820310964e-04,-2.5304859811020434e-04,-4.7349060820311002e-04,2.1100357496145286e-03,3.4044573727793668e-05,2.1597995795072289e-05,2.5510515521757774e-05,2.1597995795073136e-05,2.5625681174890320e-05,2.0723580701583283e-05,2.5510515521757679e-05,2.0723580701582948e-05,3.2189939770796474e-05,5.1063913015068113e+02,1.2615646077869339e+02,8.9023476247669976e+01,1.2615646077869351e+02,5.1676341901527417e+02,1.3057919922679349e+02,8.9023476247670217e+01,1.3057919922679366e+02,5.1338008742581803e+02,-1.5153409122339022e+01,-1.3607767668805170e+01,-1.3641683805757586e+01,-1.3607767668805392e+01,-1.4430617934670245e+01,-1.3462819256359589e+01,-1.3641683805757605e+01,-1.3462819256359481e+01,-1.4847760226792426e+01,7.0054526208719914e-01,5.8784022468720909e-01,-3.4929956106050658e-01,-2.9533555848386892e-02,5.6668607842318519e-01,8.5878364545752028e-01,-7.1287085847022280e-01,5.7493541176877261e-01,-3.7323813368826586e-01,-1.0104393102796124e-02,-2.8960678447533816e-02,-8.9196180901505717e-03,-3.4605911517287774e-03,-3.0749200253558616e-02,3.0249172092891210e-02,8.0727652610655641e-03,-3.1237747084894126e-02,-1.3386205562067788e-02,7.0837737249410482e-01,6.2410380308557389e-01,-3.8823831903035705e-01,-1.8635572495446198e-02,5.1137284271020078e-01,8.2450202562798025e-01,-7.0566557490290716e-01,5.9242256806951443e-01,-4.1574679936328240e-01,-8.7412809077573837e-03,-3.5841081556297838e-02,-1.5526034103753935e-02,3.4326021690768804e-03,-2.5129511146420688e-02,2.7507054907005550e-02,9.2090536850482681e-03,-2.9560447913412505e-02,-1.3189615650959162e-02,4.6900378491005997e-07,9.2317134758819518e-06,4.3486772792752791e-07,1.4600863669203819e-04,1.6329539951217729e-04,1.4541936228040233e-04,3.3589123991920018e-04,3.7565924494545539e-04,3.3453562070884821e-04,-4.2676528418246046e-01,-3.2295474494195769e-01,-3.7704834273413540e-01,-8.5342576713590301e-01,2.3132988599769239e-01,-8.8007720874432627e-01
4.6577896162036748e+04,5.2063858404628877e-03,4.7158079176885187e-03,4.7319888490152326e-03,4.7158079176885187e-03,4.9420458799358993e-03,4.6603651663923995e-03,4.7319888490152317e-03,4.6603651663923995e-03,5.0897916857468549e-03,1.8090325994919004e-06,5.1631877074436402e-07,3.9076348826234960e-07,5.1631877074436423e-07,1.8192133516048501e-06,5.2898588932669361e-07,3.9076348826234960e-07,5.2898588932669350e-07,1.8134395328941400e-06,0.0000000000000000e+00,0.0000000000000000e+00,0.0000000000000000e+00,0.0000000000000000e+00,0.0000000000000000e+00,0.0000000000000000e+00,0.0000000000000000e+00,0.0000000000000000e+00,0.0000000000000000e+00,7.3057828974835086e-12,-1.3367226169727789e-12,-6.5144771121979513e-13,-1.3367226169727789e-12,7.3872724892608116e-12,-1.4112782531568143e-12,-6.5144771121979523e-13,-1.4112782531568141e-12,7.2745285052488136e-12,2.1138280856110333e-03,-4.5286687400627958e-04,-2.5184340857409385e-04,-4.5286687400627936e-04,2.1648617753716268e-03,-4.7249945315549217e-04,-2.5184340857409347e-04,-4.7249945315549249e-04,2.1114598698142258e-03,3.3779863846489014e-05,2.1552459351636795e-05,2.5396248605796094e-05,2.1552459351636233e-05,2.5308933812092087e-05,2.0674229612146071e-05,2.5396248605795369e-05,2.0674229612146024e-05,3.1903296970826222e-05,5.0996400767904396e+02,1.2553820221692413e+02,8.8402353653082343e+01,1.2553820221692406e+02,5.1612323377327959e+02,1.2996796979054596e+02,8.8402353653082272e+01,1.2996796979054605e+02,5.1271960792439552e+02,-1.4985864612674982e+01,-1.3470347118455084e+01,-1.3500482844860699e+01,-1.3470347118454898e+01,-1.4250578140060274e+01,-1.3322945553747152e+01,-1.3500482844860478e+01,-1.3322945553747122e+01,-1.4674498087004025e+01,7.0047888631436894e-01,5.8793329949826612e-01,-3.4917453277005256e-01,-2.9689673419203363e-02,5.6663719369964627e-01,8.5883361450709228e-01,-7.1292960827843710e-01,5.7488845617762974e-01,-3.7324036756451151e-01,-1.0121611993913572e-02,-2.8962991401182497e-02,-8.9487206248148043e-03,-3.4505713147259887e-03,-3.0734409932140109e-02,3.0238066730645122e-02,8.0543955852324569e-03,-3.1249482974793099e-02,-1.3385663875174706e-02,7.0835154610948226e-01,6.2425008477885124e-01,-3.8814954957637970e-01,-1.8759722958164023e-02,5.1128238495205003e-01,8.2453488919994711e-01,-7.0568949382098156e-01,5.9235296576312757e-01,-4.1577050922488312e-01,-8.7230111405422577e-03,-3.5851166560060405e-02,-1.5499447424699801e-02,3.4202554453055495e-03,-2.5146012030459127e-02,2.7517928863914156e-02,9.2253128697230846e-03,-2.9532817449856575e-02,-1.3197427106715474e-02,4.9172582147465519e-07,9.7854894146736119e-06,4.4966086426551611e-07,1.5643380837300895e-04,1.7452793922881330e-04,1.5580438613287240e-04,3.3585417389570747e-04,3.7470120724572797e-04,3.3450284141399358e-04,-9.5003212551286487e-01,6.5082163724011363e-02,-9.4826669691864063e-01,-6.1440828607262445e-02,3.7017848973461553e-01,-1.2158720423352078e-01
4.9909114934975019e+04,5.5025952000010599e-03,4.9870878144077568e-03,5.0028571482662060e-03,4.9870878144077585e-03,5.2162387157853726e-03,4.9270810763088610e-03,5.0028571482662078e-03,4.9270810763088610e-03,5.3761942228814381e-03,1.8041167240577055e-06,5.1179496379416714e-07,3.8621586424510275e-07,5.1179496379416735e-07,1.8145690563500541e-06,5.2451939935164602e-07,3.8621586424510275e-07,5.2451939935164602e-07,1.8086430498927095e-06,0.0000000000000000e+00,0.0000000000000000e+00,0.0000000000000000e+00,0.0000000000000000e+00,0.0000000000000000e+00,0.0000000000000000e+00,0.0000000000000000e+00,0.0000000000000000e+00,0.0000000000000000e+00,7.3057828974835070e-12,-1.3367226169727787e-12,-6.5144771121979503e-13,-1.3367226169727787e-12,7.3872724892608099e-12,-1.4112782531568143e-12,-6.5144771121979513e-13,-1.4112782531568141e-12,7.2745285052488120e-12,2.1153301017694756e-03,-4.5183892872327237e-04,-2.5064433685964755e-04,-4.5183892872327220e-04,2.1659601976293458e-03,-4.7151188359612170e-04,-2.5064433685964723e-04,-4.7151188359612225e-04,2.1128734968541060e-03,3.3511473964801920e-05,2.1495833078563019e-05,2.5270142851971843e-05,2.1495833078562511e-05,2.4992485926185670e-05,2.0614018469731163e-05,2.5270142851972730e-05,2.0614018469731342e-05,3.1613668284954478e-05,5.0929627565084235e+02,1.2492661294142579e+02,8.7788118324501752e+01,1.2492661294142573e+02,5.1549114952228422e+02,1.2936355136101227e+02,8.7788118324501696e+01,1.2936355136101241e+02,5.1206684585524101e+02,-1.4816398230058791e+01,-1.3329760070210154e+01,-1.3355896710289372e+01,-1.3329760070210066e+01,-1.4069019475680864e+01,-1.3179990482750869e+01,-1.3355896710289578e+01,-1.3179990482750981e+01,-1.4499464539856989e+01,7.0041219403982580e-01,5.8802638110419070e-01,-3.4904989303550543e-01,-2.9847243958300868e-02,5.6658921087516967e-01,8.5888261354359352e-01,-7.1298856167807545e-01,5.7484058679338834e-01,-3.7324441355928645e-01,-1.0137189381071042e-02,-2.8966432967836450e-02,-8.9774262399379429e-03,-3.4415967291815857e-03,-3.0718645916899028e-02,3.0225771110926006e-02,8.0376730492491052e-03,-3.1261023248554086e-02,-1.3388228040680348e-02,7.0832569825509351e-01,6.2439650238076538e-01,-3.8806067249465970e-01,-1.8885099195021890e-02,5.1119335593645976e-01,8.2456705398135177e-01,-7.0571340360088708e-01,5.9228184034653164e-01,-4.1579557481050000e-01,-8.7062585485304204e-03,-3.5859461519314656e-02,-1.5473701699540814e-02,3.4094814991136981e-03,-2.5164429894756524e-02,2.7529559881882749e-02,9.2399759713580835e-03,-2.9505292486891967e-02,-1.3203071858258510e-02,5.1590828477108658e-07,1.0369189683480195e-05,4.6497588413508722e-07,1.6760361180083962e-04,1.8653727787065915e-04,1.6693159868269738e-04,3.3581763976220570e-04,3.7375392874366249e-04,3.3447116603888325e-04,-4.7057510099425492e-01,3.4776889413525452e-01,-5.2758841976861737e-01,8.2493768555649005e-01,6.8987050162300056e-02,7.9551766446551309e-01
5.3478580160148260e+04,5.8142179599375652e-03,5.2723030447886570e-03,5.2874443320227275e-03,5.2723030447886588e-03,5.5042047918063474e-03,5.2073990966526621e-03,5.2874443320227275e-03,5.2073990966526613e-03,5.6772694575246670e-03,1.7992694669354518e-06,5.0733473569774837e-07,3.8173362658462753e-07,5.0733473569774826e-07,1.8099970729849771e-06,5.2011720881948623e-07,3.8173362658462753e-07,5.2011720881948634e-07,1.8039169238049842e-06,0.0000000000000000e+00,0.0000000000000000e+00,0.0000000000000000e+00,0.0000000000000000e+00,0.0000000000000000e+00,0.0000000000000000e+00,0.0000000000000000e+00,0.0000000000000000e+00,0.0000000000000000e+00,7.3057828974835086e-12,-1.3367226169727789e-12,-6.5144771121979503e-13,-1.3367226169727789e-12,7.3872724892608116e-12,-1.4112782531568145e-12,-6.5144771121979523e-13,-1.4112782531568141e-12,7.2745285052488128e-12,2.1168225405089032e-03,-4.5081479963320894e-04,-2.4945204081985406e-04,-4.5081479963320829e-04,2.1670463707223779e-03,-4.7052844323158891e-04,-2.4945204081985373e-04,-4.7052844323158967e-04,2.1142762983769599e-03,3.3239081123711825e-05,2.1428234915099345e-05,2.5132299225971664e-05,2.1428234915099026e-05,2.4676124157621920e-05,2.0543089296995169e-05,2.5132299225971247e-05,2.0543089296994810e-05,3.1320781114401322e-05,5.0863608161532676e+02,1.2432187455515462e+02,8.7180968644042011e+01,1.2432187455515441e+02,5.1486729241037358e+02,1.2876612080736251e+02,8.7180968644041954e+01,1.2876612080736274e+02,5.1142194104674962e+02,-1.4645015768248761e+01,-1.3186084282601900e+01,-1.3208009950997869e+01,-1.3186084282601795e+01,-1.3885973589188922e+01,-1.3034037222121178e+01,-1.3208009950997722e+01,-1.3034037222121089e+01,-1.4322677260967149e+01,7.0034523209546895e-01,5.8811940681120711e-01,-3.4892571387238575e-01,-3.0006225450567740e-02,5.6654218811096402e-01,8.5893057560173736e-01,-7.1304767454188245e-01,5.7479181033375615e-01,-3.7325036022157670e-01,-1.0151171822919572e-02,-2.8970999455521472e-02,-9.0058458418109492e-03,-3.4334604988867220e-03,-3.0701955248573130e-02,3.0212337501394373e-02,8.0225435736498672e-03,-3.1272325308188686e-02,-1.3393673616771984e-02,7.0829985952867280e-01,6.2454295587166186e-01,-3.8797173086819825e-01,-1.9011683174436161e-02,5.1110586900634558e-01,8.2459847530950736e-01,-7.0573726934029790e-01,5.9220919253301629e-01,-4.1582203220901642e-01,-8.6909489448474143e-03,-3.5865965239550664e-02,-1.5448678705642562e-02,3.4000696913002214e-03,-2.5184692046013236e-02,2.7541908802871360e-02,9.2531229394794377e-03,-2.9477944234334762e-02,-1.3206730170434175e-02,5.4165654911472931e-07,1.0984162935248615e-05,4.8083109999058382e-07,1.7957122899807672e-04,1.9937759537703677e-04,1.7885406182593025e-04,3.3578159416410898e-04,3.7281766789614790e-04,3.3444055786509199e-04,5.9443367406339487e-01,1.5472276929202225e-01,5.4335130642960916e-01,7.3754922546839419e-01,-2.9532277051994732e-01,7.8299577363624617e-01
5.7303331058295727e+04,6.1419357440304695e-03,5.5720477989515006e-03,5.5863137895407564e-03,5.5720477989514988e-03,5.8065237025477978e-03,5.5018934711610710e-03,5.5863137895407573e-03,5.5018934711610736e-03,5.9936519785421995e-03,1.7944914658770459e-06,5.0293892691358236e-07,3.7731772648375677e-07,5.0293892691358226e-07,1.8054978714728963e-06,5.1578011846525517e-07,3.7731772648375672e-07,5.1578011846525527e-07,1.7992617237343888e-06,0.0000000000000000e+00,0.0000000000000000e+00,0.0000000000000000e+00,0.0000000000000000e+00,0.0000000000000000e+00,0.0000000000000000e+00,0.0000000000000000e+00,0.0000000000000000e+00,0.0000000000000000e+00,7.3057828974835086e-12,-1.3367226169727789e-12,-6.5144771121979493e-13,-1.3367226169727789e-12,7.3872724892608116e-12,-1.4112782531568143e-12,-6.5144771121979523e-13,-1.4112782531568141e-12,7.2745285052488128e-12,2.1183050210668154e-03,-4.4979504455026328e-04,-2.4826717742009190e-04,-4.4979504455026253e-04,2.1681201184628124e-03,-4.6954967304325382e-04,-2.4826717742009179e-04,-4.6954967304325349e-04,2.1156679301739538e-03,3.2962388632727684e-05,2.1349795330364530e-05,2.4982841155258625e-05,2.1349795330363581e-05,2.4359658789765760e-05,2.0461596033698338e-05,2.4982841155258818e-05,2.0461596033697640e-05,3.1024389062005282e-05,5.0798357184839710e+02,1.2372416470358594e+02,8.6581098677096520e+01,1.2372416470358577e+02,5.1425178530145479e+02,1.2817585061908591e+02,8.6581098677096449e+01,1.2817585061908588e+02,5.1078503116135317e+02,-1.4471731830464623e+01,-1.3039404234266122e+01,-1.3056915061359458e+01,-1.3039404234265911e+01,-1.3701480471177907e+01,-1.2885175538844011e+01,-1.3056915061359410e+01,-1.2885175538843876e+01,-1.4144162620428629e+01,7.0027804776691360e-01,5.8821231375911942e-01,-3.4880206793563417e-01,-3.0166569558362895e-02,5.6649618066239937e-01,8.5897743683021421e-01,-7.1310690254856879e-01,5.7474213659061912e-01,-3.7325828824078305e-01,-1.0163604287552464e-02,-2.8976685035239549e-02,-9.0340806967842933e-03,-3.4259631427548164e-03,-3.0684387673754296e-02,3.0197821248918559e-02,8.0089549166889717e-03,-3.1283346076836381e-02,-1.3401778156770234e-02,7.0827405981991798e-01,6.2468934481029326e-01,-3.8788276926608473e-01,-1.9139450895931606e-02,5.1102003281289066e-01,8.2462911095555280e-01,-7.0576105721263016e-01,5.9213502795839235e-01,-4.1584991219316081e-01,-8.6770108828184370e-03,-3.5870679910205247e-02,-1.5424267629100735e-02,3.3918167288543451e-03,-2.5206720375165890e-02,2.7554934538126019e-02,9.2648310745723564e-03,-2.9450845285019407e-02,-1.3208578793219669e-02,5.6908266187194882e-07,1.1631800697264769e-05,4.9724546715389430e-07,1.9239363949002697e-04,2.1310689236239287e-04,1.9162863174731993e-04,3.3574599580310857e-04,3.7189267783681779e-04,3.3441098136576496e-04,8.7381269293060959e-01,-2.4289408272220089e-01,9.0517235825044773e-01,-3.5898892604389177e-01,-1.9660366201439969e-01,-2.9325592595268868e-01
6.1401625483385571e+04,6.4864525211287619e-03,5.8869344000842799e-03,5.9000443659980497e-03,5.8869344000842781e-03,6.1237929085683779e-03,5.8111557804613008e-03,5.9000443659980497e-03,5.8111557804613016e-03,6.3259965780710619e-03,1.7897833330891396e-06,4.9860833538784234e-07,3.7296906879220095e-07,4.9860833538784224e-07,1.8010718846298718e-06,5.1150888405236679e-07,3.7296906879220095e-07,5.1150888405236679e-07,1.7946779878946936e-06,0.0000000000000000e+00,0.0000000000000000e+00,0.0000000000000000e+00,0.0000000000000000e+00,0.0000000000000000e+00,0.0000000000000000e+00,0.0000000000000000e+00,0.0000000000000000e+00,0.0000000000000000e+00,7.3057828974835070e-12,-1.3367226169727787e-12,-6.5144771121979493e-13,-1.3367226169727787e-12,7.3872724892608099e-12,-1.4112782531568141e-12,-6.5144771121979513e-13,-1.4112782531568139e-12,7.2745285052488120e-12,2.1197771482858565e-03,-4.4878021909917996e-04,-2.4709040080198464e-04,-4.4878021909917958e-04,2.1691812603979155e-03,-4.6857611016016344e-04,-2.4709040080198464e-04,-4.6857611016016279e-04,2.1170480375170926e-03,3.2681126648060841e-05,2.1260657960326159e-05,2.4821915173675210e-05,2.1260657960325932e-05,2.4042923445001067e-05,2.0369705063152248e-05,2.4821915173673387e-05,2.0369705063152313e-05,3.0724272248551712e-05,5.0733889082075768e+02,1.2313365655288941e+02,8.5988697528697514e+01,1.2313365655288929e+02,5.1364474726671790e+02,1.2759290839189127e+02,8.5988697528697472e+01,1.2759290839189117e+02,5.1015625116485751e+02,-1.4296569759769621e+01,-1.2889811068795396e+01,-1.2902712424110145e+01,-1.2889811068795238e+01,-1.3515588241095362e+01,-1.2733501702145203e+01,-1.2902712424109675e+01,-1.2733501702145126e+01,-1.3963955552666899e+01,7.0021068864740299e-01,5.8830503910585996e-01,-3.4867902833843900e-01,-3.0328221432267113e-02,5.6645124058919738e-01,8.5902313683838094e-01,-7.1316620134653808e-01,5.7469157852708663e-01,-3.7326826983549971e-01,-1.0174530323065787e-02,-2.8983481702399679e-02,-9.0622226315957982e-03,-3.4189127226742192e-03,-3.0665995488468288e-02,3.0182280630611243e-02,7.9968565157699668e-03,-3.1294042192801609e-02,-1.3412321358869573e-02,7.0824832814985150e-01,6.2483556862351952e-01,-3.8779383372343240e-01,-1.9268372158835766e-02,5.1093595076439458e-01,8.2465892133219620e-01,-7.0578473462432467e-01,5.9205935737760551e-01,-4.1587923981751523e-01,-8.6643755360958155e-03,-3.5873611183020356e-02,-1.5400364947227853e-02,3.3845267237307907e-03,-2.5230431581382017e-02,2.7568594185744782e-02,9.2751751455330874e-03,-2.9424069315984139e-02,-1.3208790868067744e-02,5.9830556649063497e-07,1.2313537939768701e-05,5.1423860806403004e-07,2.0613189151623548e-04,2.2778726240737547e-04,2.0531623026305405e-04,3.3571080552584380e-04,3.7097920554075815e-04,3.3438240217046006e-04,-1.8051408994058271e-01,-2.0595210368384748e-01,-1.0547547144990531e-01,-9.2446509751655292e-01,2.0685181215596338e-01,-9.4400173903685836e-01
6.5793027078416984e+04,6.8484950048463226e-03,6.2175936149330936e-03,6.2292305732080042e-03,6.2175936149330927e-03,6.4566280844453759e-03,6.1357952502084081e-03,6.2292305732080059e-03,6.1357952502084090e-03,6.6749786216687840e-03,1.7851456522260151e-06,4.9434371370526826e-07,3.6868850831777536e-07,4.9434371370526826e-07,1.7967195054558344e-06,5.0730421362480203e-07,3.6868850831777536e-07,5.0730421362480203e-07,1.7901662207113752e-06,0.0000000000000000e+00,0.0000000000000000e+00,0.0000000000000000e+00,0.0000000000000000e+00,0.0000000000000000e+00,0.0000000000000000e+00,0.0000000000000000e+00,0.0000000000000000e+00,0.0000000000000000e+00,7.3057828974835086e-12,-1.3367226169727789e-12,-6.5144771121979503e-13,-1.3367226169727789e-12,7.3872724892608099e-12,-1.4112782531568143e-12,-6.5144771121979523e-13,-1.4112782531568141e-12,7.2745285052488128e-12,2.1212385140066421e-03,-4.4777087551150943e-04,-2.4592236027604574e-04,-4.4777087551150905e-04,2.1702296129907737e-03,-4.6760828669120490e-04,-2.4592236027604612e-04,-4.6760828669120485e-04,2.1184162565672793e-03,3.2395052720051507e-05,2.1160980156014136e-05,2.4649691411052835e-05,2.1160980156015051e-05,2.3725774743382025e-05,2.0267595648908731e-05,2.4649691411051765e-05,2.0267595648908985e-05,3.0420237588910426e-05,5.0670218065889446e+02,1.2255051826844237e+02,8.5403948698666795e+01,1.2255051826844230e+02,5.1304629308251799e+02,1.2701745631694075e+02,8.5403948698666866e+01,1.2701745631694075e+02,5.0953573279413473e+02,-1.4119561542118150e+01,-1.2737402502221137e+01,-1.2745510203473938e+01,-1.2737402502221295e+01,-1.3328352905294205e+01,-1.2579118360252444e+01,-1.2745510203473733e+01,-1.2579118360252430e+01,-1.3782099397841510e+01,7.0014320250450002e-01,5.8839752021488767e-01,-3.4855666842701188e-01,-3.0491119603091858e-02,5.6640741648093684e-01,8.5906761902595641e-01,-7.1322552670082973e-01,5.7464015235634913e-01,-3.7328036822049232e-01,-1.0183992215672299e-02,-2.8991379253174854e-02,-9.0903542488606909e-03,-3.4121250025007984e-03,-3.0646833351510725e-02,3.0165776669213315e-02,7.9861993423171688e-03,-3.1304370218170952e-02,-1.3425085284011885e-02,7.0822269253645798e-01,6.2498152690175457e-01,-3.8770497167541423e-01,-1.9398410410182546e-02,5.1085372049693023e-01,8.2468786969045282e-01,-7.0580827034729210e-01,5.9198219683441500e-01,-4.1591003408417249e-01,-8.6529765919965730e-03,-3.5874768226830854e-02,-1.5376874313261280e-02,3.3780112818994432e-03,-2.5255737453467288e-02,2.7582843171548369e-02,9.2842274915906041e-03,-2.9397690762496896e-02,-1.3207535789318530e-02,6.2945131081589332e-07,1.3030853667331786e-05,5.3183083780030752e-07,2.2085139263452392e-04,2.4348518385748145e-04,2.1998213556874898e-04,3.3567598641007495e-04,3.7007749098894304e-04,3.3435478703017880e-04,-9.3485038844639068e-01,1.9234108149525769e-01,-9.4818273110546158e-01,8.8126896120393317e-02,1.9188948725109578e-01,6.6990051458049255e-03
7.0498498664544444e+04,7.2288130663745193e-03,6.5646749843423701e-03,6.5744828296076772e-03,6.5646749843423693e-03,6.8056634877046752e-03,6.4764390807539422e-03,6.5744828296076755e-03,6.4764390807539414e-03,7.0412944354359833e-03,1.7805789754318996e-06,4.9014576633751401e-07,3.6447684624042521e-07,4.9014576633751380e-07,1.7924410845941933e-06,5.0316676487542839e-07,3.6447684624042505e-07,5.0316676487542839e-07,1.7857268900077231e-06,0.0000000000000000e+00,0.0000000000000000e+00,0.0000000000000000e+00,0.0000000000000000e+00,0.0000000000000000e+00,0.0000000000000000e+00,0.0000000000000000e+00,0.0000000000000000e+00,0.0000000000000000e+00,7.3057828974835086e-12,-1.3367226169727789e-12,-6.5144771121979503e-13,-1.3367226169727789e-12,7.3872724892608116e-12,-1.4112782531568145e-12,-6.5144771121979523e-13,-1.4112782531568143e-12,7.2745285052488136e-12,2.1226886985560448e-03,-4.4676756137641756e-04,-2.4476369825798469e-04,-4.4676756137641745e-04,2.1712649908137613e-03,-4.6664672852351965e-04,-2.4476369825798464e-04,-4.6664672852351992e-04,2.1197722158532374e-03,3.2103952297836725e-05,2.1050933437412465e-05,2.4466363918337071e-05,2.1050933437412248e-05,2.3408091919492461e-05,2.0155460277308034e-05,2.4466363918336695e-05,2.0155460277307383e-05,3.0112119018001322e-05,5.0607358060186726e+02,1.2197491249720022e+02,8.4827029440560494e+01,1.2197491249720018e+02,5.1245653273788730e+02,1.2644965067696046e+02,8.4827029440560494e+01,1.2644965067696052e+02,5.0892360402635529e+02,-1.3940747680378152e+01,-1.2582282692461337e+01,-1.2585424187368115e+01,-1.2582282692461282e+01,-1.3139838086851482e+01,-1.2422134379552594e+01,-1.2585424187367977e+01,-1.2422134379552427e+01,-1.3598645713617620e+01,7.0007563715646759e-01,5.8848969484365299e-01,-3.4843506152234321e-01,-3.0655195948433387e-02,5.6636475320170143e-01,8.5911083089175500e-01,-7.1328483462660586e-01,5.7458787760039565e-01,-3.7329463715083522e-01,-1.0192031138248960e-02,-2.9000365276079181e-02,-9.1185491575333302e-03,-3.4054236261830970e-03,-3.0626958068835239e-02,3.0148372913900351e-02,7.9769357668030925e-03,-3.1314286860425838e-02,-1.3439854639520526e-02,7.0819717988294462e-01,6.2512711969758361e-01,-3.8761623185409477e-01,-1.9529522664917205e-02,5.1077343337378134e-01,8.2471592230253277e-01,-7.0583163462990794e-01,5.9190356780060438e-01,-4.1594230767269802e-01,-8.6427501583489479e-03,-3.5874163757982608e-02,-1.5353706435403597e-02,3.3720896209160846e-03,-2.5282545207099816e-02,2.7597635412057238e-02,9.2920581083302083e-03,-2.9371784467310629e-02,-1.3204979030189955e-02,6.6265323872768920e-07,1.3785271541805010e-05,5.5004319094336060e-07,2.3662222110709100e-04,2.6027183252156098e-04,2.3569629378044466e-04,3.3564150384679688e-04,3.6918776633814836e-04,3.3432810378270162e-04,9.3690484658857626e-02,1.5770872570095429e-01,7.2731395228642116e-03,9.3118106893971375e-01,-1.9648521342481681e-01,9.4645311473265925e-01
7.5540502309327028e+04,7.6281801638491912e-03,6.9288471775278415e-03,6.9364277344205472e-03,6.9288471775278406e-03,7.1715523518509974e-03,6.8337328018936161e-03,6.9364277344205463e-03,6.8337328018936152e-03,7.4256617134906850e-03,1.7760838204512136e-06,4.8601514701015029e-07,3.6033482666103153e-07,4.8601514701015029e-07,1.7882369279380023e-06,4.9909714265122701e-07,3.6033482666103148e-07,4.9909714265122701e-07,1.7813604242944761e-06,0.0000000000000000e+00,0.0000000000000000e+00,0.0000000000000000e+00,0.0000000000000000e+00,0.0000000000000000e+00,0.0000000000000000e+00,0.0000000000000000e+00,0.0000000000000000e+00,0.0000000000000000e+00,7.3057828974835086e-12,-1.3367226169727789e-12,-6.5144771121979503e-13,-1.3367226169727789e-12,7.3872724892608116e-12,-1.4112782531568143e-12,-6.5144771121979523e-13,-1.4112782531568141e-12,7.2745285052488128e-12,2.1241272723264747e-03,-4.4577081835378151e-04,-2.4361504816515736e-04,-4.4577081835378167e-04,2.1722872077486887e-03,-4.6569195409493751e-04,-2.4361504816515687e-04,-4.6569195409493799e-04,2.1211155378155475e-03,3.1807639179324373e-05,2.0930703848026718e-05,2.4272150820215045e-05,2.0930703848026965e-05,2.3089776393732669e-05,2.0033504902136924e-05,2.4272150820215133e-05,2.0033504902135773e-05,2.9799777656889551e-05,5.0545322645708950e+02,1.2140699585761274e+02,8.4258110129676609e+01,1.2140699585761276e+02,5.1187557095495413e+02,1.2588964135289882e+02,8.4258110129676510e+01,1.2588964135289891e+02,5.0831998855309291e+02,-1.3760177037919789e+01,-1.2424562070419190e+01,-1.2422577578112447e+01,-1.2424562070419285e+01,-1.2950114727120742e+01,-1.2262664646145225e+01,-1.2422577578112421e+01,-1.2262664646144945e+01,-1.3413654056441951e+01,7.0000804035823805e-01,5.8858150133177989e-01,-3.4831428063103625e-01,-3.0820375734389647e-02,5.6632329165715567e-01,8.5915272431743051e-01,-7.1334408150924933e-01,5.7453477712674073e-01,-3.7331112055066124e-01,-1.0198687288527939e-02,-2.9010425158796448e-02,-9.1468722240103453e-03,-3.3986403129486736e-03,-3.0606428350900682e-02,3.0130135188598747e-02,7.9690194346302163e-03,-3.1323749205129724e-02,-1.3456417118416731e-02,7.0817181588956490e-01,6.2527224782512592e-01,-3.8752766415011736e-01,-1.9661659501638784e-02,5.1069517402016940e-01,8.2474304862822490e-01,-7.0585479928509387e-01,5.9182349728140848e-01,-4.1597606673685922e-01,-8.6336346803153694e-03,-3.5871814046398665e-02,-1.5330778950625823e-02,3.3665887061066955e-03,-2.5310757875058418e-02,2.7612923498184342e-02,9.2987347215370292e-03,-2.9346425307800680e-02,-1.3201281935457387e-02,6.9805216330331058e-07,1.4578360546254807e-05,5.6889744983719765e-07,2.5351945955778019e-04,2.7822341676099097e-04,2.5253365275559501e-04,3.3560732561673472e-04,3.6831025510223350e-04,3.3430232131831421e-04,9.1025956820776011e-01,-2.0936739329020718e-01,9.3783379515432608e-01,-2.0279174893563315e-01,-1.0165090687846577e-01,-1.1367718361314542e-01
8.0943106551789780e+04,8.0473937919622665e-03,7.3107983739210802e-03,7.3157083809421942e-03,7.3107983739210828e-03,7.5549673068031941e-03,7.2083406563647366e-03,7.3157083809421942e-03,7.2083406563647366e-03,7.8288199493776519e-03,1.7716606678253898e-06,4.8195245620925749e-07,3.5626313331705102e-07,4.8195245620925749e-07,1.7841072943999689e-06,4.9509589661572283e-07,3.5626313331705102e-07,4.9509589661572272e-07,1.7770672101815403e-06,0.0000000000000000e+00,0.0000000000000000e+00,0.0000000000000000e+00,0.0000000000000000e+00,0.0000000000000000e+00,0.0000000000000000e+00,0.0000000000000000e+00,0.0000000000000000e+00,0.0000000000000000e+00,7.3057828974835070e-12,-1.3367226169727789e-12,-6.5144771121979503e-13,-1.3367226169727789e-12,7.3872724892608099e-12,-1.4112782531568143e-12,-6.5144771121979523e-13,-1.4112782531568141e-12,7.2745285052488136e-12,2.1255537974403625e-03,-4.4478118085790319e-04,-2.4247703229076802e-04,-4.4478118085790254e-04,2.1732960781872795e-03,-4.6474447314876752e-04,-2.4247703229076739e-04,-4.6474447314876768e-04,2.1224458404090749e-03,3.1505955894765507e-05,2.0800492205799641e-05,2.4067294289083223e-05,2.0800492205800048e-05,2.2770751294891490e-05,1.9901949088317202e-05,2.4067294289083176e-05,1.9901949088316711e-05,2.9483101909742718e-05,5.0484125005842418e+02,1.2084691844081095e+02,8.3697353645489514e+01,1.2084691844081071e+02,5.1130350672549474e+02,1.2533757134481426e+02,8.3697353645489329e+01,1.2533757134481432e+02,5.0772500526269704e+02,-1.3577906650665337e+01,-1.2264357132790725e+01,-1.2257100731657317e+01,-1.2264357132790822e+01,-1.2759260759320259e+01,-1.2100829830160759e+01,-1.2257100731657292e+01,-1.2100829830160627e+01,-1.3227191731788681e+01,6.9994045969482432e-01,5.8867287878718944e-01,-3.4819439813832753e-01,-3.0986577727109582e-02,5.6628306858752475e-01,8.5919325582267292e-01,-7.1340322421339286e-01,5.7448087716155660e-01,-3.7332985222262355e-01,-1.0204000017600962e-02,-2.9021542110139114e-02,-9.1753798442020251e-03,-3.3916150626025995e-03,-3.0585304545290508e-02,3.0111131310080870e-02,7.9624051519415640e-03,-3.1332714957526459e-02,-1.3474563788820141e-02,7.0814662498415626e-01,6.2541681315749331e-01,-3.8743931944628407e-01,-1.9794765123934896e-02,5.1061901989976333e-01,8.2476922146218190e-01,-7.0587773776021434e-01,5.9174201788414260e-01,-4.1601131076598818e-01,-8.6255708665856513e-03,-3.5867738897121311e-02,-1.5308016290324055e-02,3.3613434014043929e-03,-2.5340274747016330e-02,2.7628658897818129e-02,9.3043228495156265e-03,-2.9321687804348687e-02,-1.3196601486819497e-02,7.3579651993961173e-07,1.5411735699849896e-05,5.8841617430169044e-07,2.7162355249625531e-04,2.9742153656597099e-04,2.7057451978740554e-04,3.3557342195961133e-04,3.6744517135090676e-04,3.3427740954602975e-04,-4.1147083479192714e-01,-2.2011383687957343e-02,-3.2676777833295895e-01,-8.3297551843511852e-01,2.1299532700558460e-01,-8.8442095417162081e-01
8.6732101296147375e+04,8.4872759557675249e-03,7.7112366765522602e-03,7.7129847138853007e-03,7.7112366765522636e-03,7.9566008301451534e-03,7.6009460158593311e-03,7.7129847138853007e-03,7.6009460158593303e-03,8.2515308951825878e-03,1.7673099581948859e-06,4.7795823884801777e-07,3.5226238649662514e-07,4.7795823884801788e-07,1.7800523938625799e-06,4.9116351908813194e-07,3.5226238649662524e-07,4.9116351908813184e-07,1.7728475899298651e-06,0.0000000000000000e+00,0.0000000000000000e+00,0.0000000000000000e+00,0.0000000000000000e+00,0.0000000000000000e+00,0.0000000000000000e+00,0.0000000000000000e+00,0.0000000000000000e+00,0.0000000000000000e+00,7.3057828974835070e-12,-1.3367226169727785e-12,-6.5144771121979493e-13,-1.3367226169727785e-12,7.3872724892608099e-12,-1.4112782531568141e-12,-6.5144771121979513e-13,-1.4112782531568137e-12,7.2745285052488120e-12,2.1269678294927336e-03,-4.4379917472097823e-04,-2.4135025967462638e-04,-4.4379917472097828e-04,2.1742914182252631e-03,-4.6380478547984307e-04,-2.4135025967462649e-04,-4.6380478547984328e-04,2.1237627387559852e-03,3.1198774012608532e-05,2.0660514246780574e-05,2.3852060336135662e-05,2.0660514246780442e-05,2.2450960931519676e-05,1.9761026052335618e-05,2.3852060336134148e-05,1.9761026052335679e-05,2.9162007482939140e-05,5.0423777873007737e+02,1.2029482332689076e+02,8.3144914774011198e+01,1.2029482332689079e+02,5.1074043286687396e+02,1.2479357631072281e+02,8.3144914774011255e+01,1.2479357631072287e+02,5.0713876773443309e+02,-1.3394001506830513e+01,-1.2101790197022002e+01,-1.2089130845947265e+01,-1.2101790197021888e+01,-1.2567360754808369e+01,-1.1936756113603144e+01,-1.2089130845946887e+01,-1.1936756113603089e+01,-1.3039333513195926e+01,6.9987294248082232e-01,5.8876376726872437e-01,-3.4807548548765166e-01,-3.1153714370500230e-02,5.6624411638934657e-01,8.5923238678835046e-01,-7.1346222018235750e-01,5.7442620727784877e-01,-3.7335085564217524e-01,-1.0208007949784206e-02,-2.9033697196834293e-02,-9.2041202382869107e-03,-3.3841963636532905e-03,-3.0563648347372588e-02,3.0091430778866203e-02,7.9570487800335460e-03,-3.1341142690622298e-02,-1.3494089524883885e-02,7.0812163027109032e-01,6.2556071891986442e-01,-3.8735124942820714e-01,-1.9928777487143324e-02,5.1054504093883790e-01,8.2479441705987944e-01,-7.0590042518865148e-01,5.9165916784741124e-01,-4.1604803250983274e-01,-8.6185016230441169e-03,-3.5861961607836841e-02,-1.5285349534832102e-02,3.3561966281044431e-03,-2.5370991854359443e-02,2.7644792175151582e-02,9.3088858558951337e-03,-2.9297645713635922e-02,-1.3191090047726020e-02,7.7604249812933850e-07,1.6287058834132853e-05,6.0862273283667857e-07,2.9102068941908520e-04,3.1795356832847325e-04,2.8990494487980808e-04,3.3553976563463277e-04,3.6659271893208092e-04,3.3425333936038930e-04,-6.2602812798645235e-01,1.8222991401649505e-01,-7.0979065672321062e-01,6.8141427694397916e-01,-7.2664594351850395e-02,6.1772926340817103e-01
9.2935120922645598e+04,8.9486736728717226e-03,8.1308905610370675e-03,8.1289339356499703e-03,8.1308905610370675e-03,8.3771657326887211e-03,8.0122518333867535e-03,8.1289339356499703e-03,8.0122518333867535e-03,8.6945790522874253e-03,1.7630320897248071e-06,4.7403298211293097e-07,3.4833314018187693e-07,4.7403298211293091e-07,1.7760723853234568e-06,4.8730044307771897e-07,3.4833314018187693e-07,4.8730044307771908e-07,1.7687018591609599e-06,0.0000000000000000e+00,0.0000000000000000e+00,0.0000000000000000e+00,0.0000000000000000e+00,0.0000000000000000e+00,0.0000000000000000e+00,0.0000000000000000e+00,0.0000000000000000e+00,0.0000000000000000e+00,7.3057828974835070e-12,-1.3367226169727789e-12,-6.5144771121979503e-13,-1.3367226169727789e-12,7.3872724892608116e-12,-1.4112782531568143e-12,-6.5144771121979523e-13,-1.4112782531568141e-12,7.2745285052488128e-12,2.1283689193634658e-03,-4.4282531584596260e-04,-2.4023532398980259e-04,-4.4282531584596271e-04,2.1752730468433878e-03,-4.6287337968110224e-04,-2.4023532398980199e-04,-4.6287337968110192e-04,2.1250658468405493e-03,3.0885994356907143e-05,2.0511000658859398e-05,2.3626738417536142e-05,2.0511000658859378e-05,2.2130370210325998e-05,1.9610982597985111e-05,2.3626738417536112e-05,1.9610982597985308e-05,2.8836437318345700e-05,5.0364293475984863e+02,1.1975084612005871e+02,8.2600939635498221e+01,1.1975084612005874e+02,5.1018643560045996e+02,1.2425778412703964e+02,8.2600939635498051e+01,1.2425778412703951e+02,5.0656138374788640e+02,-1.3208534293942776e+01,-1.1936989119262245e+01,-1.1918811599670310e+01,-1.1936989119262234e+01,-1.2374505543036230e+01,-1.1770574882866244e+01,-1.1918811599670301e+01,-1.1770574882866283e+01,-1.2850161330281615e+01,6.9980553566498127e-01,5.8885410796366477e-01,-3.4795761285424748e-01,-3.1321692026441639e-02,5.6620646296874877e-01,8.5927008364448521e-01,-7.1352102752915381e-01,5.7437080035762689e-01,-3.7337414383698292e-01,-1.0210749093862322e-02,-2.9046869394646374e-02,-9.2331337688475439e-03,-3.3762413990184661e-03,-3.0541522492240118e-02,3.0071104446339626e-02,7.9529071381336768e-03,-3.1348992097051151e-02,-1.3514793470759345e-02,7.0809685349666196e-01,6.2570386997562066e-01,-3.8726350637691109e-01,-2.0063628486159547e-02,5.1047329920355533e-01,8.2481861524012179e-01,-7.0592283842475212e-01,5.9157499102869193e-01,-4.1608621796590245e-01,-8.6123719924142573e-03,-3.5854508902969012e-02,-1.5262716255935815e-02,3.3509995254557656e-03,-2.5402802494821883e-02,2.7661273224315924e-02,9.3124849945532776e-03,-2.9274371610991414e-02,-1.3184895092981418e-02,8.1895415092677912e-07,1.7206039441477181e-05,6.2954133534629193e-07,3.1180321532006038e-04,3.3991307714264596e-04,3.1061713143247223e-04,3.3550633197065432e-04,3.6575309072398157e-04,3.3423008260893519e-04,8.9591394189111606e-01,-1.5102972522218058e-01,8.8069389552965860e-01,2.1507621994331683e-01,-9.6000001305978314e-02,3.2569001517296919e-01
9.9581776203206202e+04,9.4324595084233267e-03,8.5705093643031732e-03,8.5642509662572121e-03,8.5705093643031732e-03,8.8173956819111304e-03,8.4429811358598672e-03,8.5642509662572138e-03,8.4429811358598689e-03,9.1587721978475881e-03,1.7588274156720529e-06,4.7017711350817509e-07,3.4447587945063821e-07,4.7017711350817498e-07,1.7721673752496681e-06,4.8350704053050778e-07,3.4447587945063826e-07,4.8350704053050778e-07,1.7646302647405790e-06,0.0000000000000000e+00,0.0000000000000000e+00,0.0000000000000000e+00,0.0000000000000000e+00,0.0000000000000000e+00,0.0000000000000000e+00,0.0000000000000000e+00,0.0000000000000000e+00,0.0000000000000000e+00,7.3057828974835070e-12,-1.3367226169727787e-12,-6.5144771121979503e-13,-1.3367226169727787e-12,7.3872724892608116e-12,-1.4112782531568143e-12,-6.5144771121979513e-13,-1.4112782531568141e-12,7.2745285052488128e-12,2.1297566150896819e-03,-4.4186010885895394e-04,-2.3913280146515634e-04,-4.4186010885895335e-04,2.1762407870683587e-03,-4.6195073190028022e-04,-2.3913280146515664e-04,-4.6195073190028054e-04,2.1263547792360290e-03,3.0567547126300260e-05,2.0352197003808646e-05,2.3391640855920597e-05,2.0352197003808988e-05,2.1808964000538946e-05,1.9452078946908777e-05,2.3391640855920946e-05,1.9452078946908878e-05,2.8506361433602310e-05,5.0305683488533015e+02,1.1921511450636584e+02,8.2065565142871264e+01,1.1921511450636569e+02,5.0964159415555218e+02,1.2373031447417677e+02,8.2065565142871307e+01,1.2373031447417684e+02,5.0599295481112296e+02,-1.3021585113092277e+01,-1.1770086976558684e+01,-1.1746292743277637e+01,-1.1770086976558776e+01,-1.2180791806505530e+01,-1.1602422387464378e+01,-1.1746292743277747e+01,-1.1602422387464417e+01,-1.2659763926294055e+01,6.9973828573912811e-01,5.8894384335883221e-01,-3.4784084882006050e-01,-3.1490411274521637e-02,5.6617013162845864e-01,8.5930631802039859e-01,-7.1357960511984708e-01,5.7431469252722389e-01,-3.7339971935089955e-01,-1.0212260945942938e-02,-2.9061035653084825e-02,-9.2624532806167559e-03,-3.3676162437818774e-03,-3.0518990431452637e-02,3.0050224161875878e-02,7.9499379140745841e-03,-3.1356224242014515e-02,-1.3536479530520463e-02,7.0807231502877499e-01,6.2584617310328527e-01,-3.8717614294733199e-01,-2.0199244199624766e-02,5.1040384863510646e-01,8.2484179946237068e-01,-7.0594495606404273e-01,5.9148953684847172e-01,-4.1612584642853234e-01,-8.6071290993417621e-03,-3.5845410845327566e-02,-1.5240060346450743e-02,3.3456116093754412e-03,-2.5435597790974863e-02,2.7678051514664754e-02,9.3151794472699848e-03,-2.9251936466197868e-02,-1.3178158928932211e-02,8.6470348148177761e-07,1.8170435606830470e-05,6.5119706739830598e-07,3.3407007057315345e-04,3.6340025859341409e-04,3.3280987629609839e-04,3.3547309890461419e-04,3.6492646792306744e-04,3.3420761206043141e-04,-3.7422068001442932e-01,3.4147660229995214e-02,-2.7175104662716448e-01,-8.3734484028334244e-01,1.5887721049621678e-01,-8.9668087793746165e-01
1.0670379565158616e+05,9.9395321475098924e-03,9.0308638172319090e-03,9.0196489615018000e-03,9.0308638172319072e-03,9.2780457668754004e-03,8.8938775607923896e-03,9.0196489615017965e-03,8.8938775607923896e-03,9.6449419511942126e-03,1.7546962421113294e-06,4.6639099911529427e-07,3.4069101816390771e-07,4.6639099911529411e-07,1.7683374161531258e-06,4.7978362080393901e-07,3.4069101816390771e-07,4.7978362080393901e-07,1.7606330028520891e-06,0.0000000000000000e+00,0.0000000000000000e+00,0.0000000000000000e+00,0.0000000000000000e+00,0.0000000000000000e+00,0.0000000000000000e+00,0.0000000000000000e+00,0.0000000000000000e+00,0.0000000000000000e+00,7.3057828974835086e-12,-1.3367226169727789e-12,-6.5144771121979513e-13,-1.3367226169727789e-12,7.3872724892608116e-12,-1.4112782531568143e-12,-6.5144771121979523e-13,-1.4112782531568143e-12,7.2745285052488136e-12,2.1311304637873117e-03,-4.4090404577162731e-04,-2.3804324886373199e-04,-4.4090404577162704e-04,2.1771944671068475e-03,-4.6103730461658128e-04,-2.3804324886373188e-04,-4.6103730461658150e-04,2.1276291528531466e-03,3.0243391905504920e-05,2.0184363526904703e-05,2.3147102079824828e-05,2.0184363526904903e-05,2.1486746443932242e-05,1.9284588464414652e-05,2.3147102079825255e-05,1.9284588464414676e-05,2.8171776663275930e-05,5.0247958979672495e+02,1.1868774783766172e+02,8.1538918496013480e+01,1.1868774783766162e+02,5.0910598040166019e+02,1.2321127845071321e+02,8.1538918496013451e+01,1.2321127845071327e+02,5.0543357571101819e+02,-1.2833241160757284e+01,-1.1601221714941165e+01,-1.1571729644785135e+01,-1.1601221714941230e+01,-1.1986321652387966e+01,-1.1432439366903013e+01,-1.1571729644785249e+01,-1.1432439366903040e+01,-1.2468236486140981e+01,6.9967123865036185e-01,5.8903291740374641e-01,-3.4772526005525028e-01,-3.1659767265670803e-02,5.6613514099033613e-01,8.5934106685485090e-01,-7.1363791265058552e-01,5.7425792306559109e-01,-3.7342757429272361e-01,-1.0212580583971655e-02,-2.9076170973035335e-02,-9.2921044636468126e-03,-3.3581960497172567e-03,-3.0496115998464867e-02,3.0028862404373413e-02,7.9480995825893953e-03,-3.1362801814134034e-02,-1.3558956872248108e-02,7.0804803384985460e-01,6.2598753726180278e-01,-3.8708921193812873e-01,-2.0335545187008350e-02,5.1033673484661235e-01,8.2486395687750114e-01,-7.0596675844947787e-01,5.9140286019005173e-01,-4.1616689059678752e-01,-8.6027220983549511e-03,-3.5834700726501245e-02,-1.5217331836500026e-02,3.3399009204603015e-03,-2.5469267275865286e-02,2.7695076344759255e-02,9.3170263569716440e-03,-2.9230409217610789e-02,-1.3171018410009786e-02,9.1347050643965898e-07,1.9182055034026293e-05,6.7361592601944561e-07,3.5792726229187243e-04,3.8852241213323615e-04,3.5658904129843281e-04,3.3544004700694250e-04,3.6411301937360911e-04,3.3418590137391434e-04,-3.0057581027095764e-01,5.9574856582532802e-02,-4.2289328443539448e-01,8.6178716612052519e-01,-1.3424498795537471e-01,8.3373801199020958e-01
1.1433517698280320e+05,1.0470817009749970e-02,9.5127466254029871e-03,9.4958598936503262e-03,9.5127466254029854e-03,9.7598931082707157e-03,9.3657059409838744e-03,9.4958598936503245e-03,9.3657059409838744e-03,1.0153944384463834e-02,1.7506388258364174e-06,4.6267494208376752e-07,3.3697889696384611e-07,4.6267494208376741e-07,1.7645825053974956e-06,4.7613042938322972e-07,3.3697889696384611e-07,4.7613042938322961e-07,1.7567102172736937e-06,0.0000000000000000e+00,0.0000000000000000e+00,0.0000000000000000e+00,0.0000000000000000e+00,0.0000000000000000e+00,0.0000000000000000e+00,0.0000000000000000e+00,0.0000000000000000e+00,0.0000000000000000e+00,7.3057828974835070e-12,-1.3367226169727789e-12,-6.5144771121979493e-13,-1.3367226169727789e-12,7.3872724892608099e-12,-1.4112782531568141e-12,-6.5144771121979523e-13,-1.4112782531568139e-12,7.2745285052488120e-12,2.1324900136099898e-03,-4.3995760466441401e-04,-2.3696720153689807e-04,-4.3995760466441429e-04,2.1781339214456130e-03,-4.6013354544715488e-04,-2.3696720153689740e-04,-4.6013354544715494e-04,2.1288885886987584e-03,2.9913517561383656e-05,2.0007774854490395e-05,2.2893477686073452e-05,2.0007774854489437e-05,2.1163740210960079e-05,1.9108797282034681e-05,2.2893477686073984e-05,1.9108797282034698e-05,2.7832706295819184e-05,5.0191130365985197e+02,1.1816885674521960e+02,8.1021116716852518e+01,1.1816885674521961e+02,5.0857965851180751e+02,1.2270077821935168e+02,8.1021116716852362e+01,1.2270077821935159e+02,5.0488333408910364e+02,-1.2643596378938804e+01,-1.1430535765439082e+01,-1.1395282793486951e+01,-1.1430535765438874e+01,-1.1791202162769938e+01,-1.1260770647982882e+01,-1.1395282793487025e+01,-1.1260770647982934e+01,-1.2275680236205753e+01,6.9960443971528796e-01,5.8912127566479433e-01,-3.4761091101286501e-01,-3.1829650124522546e-02,5.6610150495468148e-01,8.5937431246455986e-01,-7.1369591071971528e-01,5.7420053428538165e-01,-3.7345769046738470e-01,-1.0211744754637344e-02,-2.9092248496136675e-02,-9.3221062353029335e-03,-3.3478652099736381e-03,-3.0472963066858257e-02,3.0007091902589524e-02,7.9473513302184464e-03,-3.1368689371356388e-02,-1.3582040440460056e-02,7.0802402756075689e-01,6.2612787384235413e-01,-3.8700276605772571e-01,-2.0472446833172030e-02,5.1027199498485964e-01,8.2488507835101876e-01,-7.0598822766572322e-01,5.9131502125424140e-01,-4.1620931673816719e-01,-8.5991021251854115e-03,-3.5822414937476614e-02,-1.5194486695140499e-02,3.3337441600482659e-03,-2.5503699498695461e-02,2.7712297101931904e-02,9.3180808561344371e-03,-2.9209856349467066e-02,-1.3163604658735418e-02,9.6544329642562414e-07,2.0242756178055787e-05,6.9682485701102763e-07,3.8348836941908953e-04,4.1539444829628055e-04,3.8206805849166735e-04,3.3540715949280316e-04,3.6331290094452625e-04,3.3416492506862784e-04,7.2297095371526998e-01,-1.0113472625099180e-01,8.1504779622586343e-01,-5.4929216222428234e-01,8.4967058290141437e-02,-4.5343970705459941e-01
1.2251234940483213e+05,1.1027266911015359e-02,1.0016973102115984e-02,9.9936351987386339e-03,1.0016973102115984e-02,1.0263737517220987e-02,9.8592529410350769e-03,9.9936351987386339e-03,9.8592529410350752e-03,1.0686660681835365e-02,1.7466553724520810e-06,4.5902918136615561e-07,3.3333978160419569e-07,4.5902918136615556e-07,1.7609025842451351e-06,4.7254764685116410e-07,3.3333978160419569e-07,4.7254764685116410e-07,1.7528619978722441e-06,0.0000000000000000e+00,0.0000000000000000e+00,0.0000000000000000e+00,0.0000000000000000e+00,0.0000000000000000e+00,0.0000000000000000e+00,0.0000000000000000e+00,0.0000000000000000e+00,0.0000000000000000e+00,7.3057828974835070e-12,-1.3367226169727787e-12,-6.5144771121979493e-13,-1.3367226169727787e-12,7.3872724892608099e-12,-1.4112782531568139e-12,-6.5144771121979513e-13,-1.4112782531568139e-12,7.2745285052488120e-12,2.1338348157322927e-03,-4.3902124840122163e-04,-2.3590517157335065e-04,-4.3902124840122233e-04,2.1790589919110960e-03,-4.5923988599319457e-04,-2.3590517157335067e-04,-4.5923988599319451e-04,2.1301327136328515e-03,2.9577942016900420e-05,1.9822719580970681e-05,2.2631143332521569e-05,1.9822719580970172e-05,2.0839985704202202e-05,1.8925003819340304e-05,2.2631143332521735e-05,1.8925003819341073e-05,2.7489199602531593e-05,5.0135207366286949e+02,1.1765854278626107e+02,8.0512266229723053e+01,1.1765854278626125e+02,5.0806268465924575e+02,1.2219890668761047e+02,8.0512266229723110e+01,1.2219890668761045e+02,5.0434231004607301e+02,-1.2452751074729409e+01,-1.1258175630446615e+01,-1.1217117265281631e+01,-1.1258175630446486e+01,-1.1595544925774046e+01,-1.1087564715178814e+01,-1.1217117265281688e+01,-1.1087564715179022e+01,-1.2082202017631296e+01,6.9953793353742288e-01,5.8920886546923390e-01,-3.4749786363954815e-01,-3.1999945399314382e-02,5.6606923269703380e-01,8.5940604256995889e-01,-7.1375356089390007e-01,5.7414257138737546e-01,-3.7349003958963439e-01,-1.0209789951601737e-02,-2.9109239604961822e-02,-9.3524711406423652e-03,-3.3365175019201866e-03,-3.0449595205584670e-02,2.9984985249118367e-02,7.9476529877617001e-03,-3.1373853578719413e-02,-1.3605551466195090e-02,7.0800031239547734e-01,6.2626709690464266e-01,-3.8691685768727957e-01,-2.0609859738169867e-02,5.1020965765897675e-01,8.2490515845803869e-01,-7.0600934752141686e-01,5.9122608536921728e-01,-4.1625308490842772e-01,-8.5962222496884580e-03,-3.5808592821155213e-02,-1.5171486619749933e-02,3.3270268074970717e-03,-2.5538782642991167e-02,2.7729663524323031e-02,9.3183960923807155e-03,-2.9190341477475238e-02,-1.3156042792688786e-02,1.0208179942947004e-06,2.1354449494691969e-05,7.2085179375817463e-07,4.1087508396243493e-04,4.4413943215933672e-04,4.0936847153287754e-04,3.3537442221823004e-04,3.6252625495876661e-04,3.3414465849491840e-04,-8.7559450430578600e-01,1.0735122161536959e-01,-9.2615467537803065e-01,2.2059745559621574e-01,-4.9447563454905884e-02,8.9318342702006628e-02
1.3127434751729268e+05,1.1609862777345612e-02,1.0544381857825674e-02,1.0513746494218957e-02,1.0544381857825675e-02,1.0790402206508143e-02,1.0375327749484287e-02,1.0513746494218958e-02,1.0375327749484289e-02,1.1243997851811169e-02,1.7427460346706231e-06,4.5545389070942879e-07,3.2977386163163114e-07,4.5545389070942879e-07,1.7572975371505899e-06,4.6903538812080746e-07,3.2977386163163125e-07,4.6903538812080757e-07,1.7490883793246770e-06,0.0000000000000000e+00,0.0000000000000000e+00,0.0000000000000000e+00,0.0000000000000000e+00,0.0000000000000000e+00,0.0000000000000000e+00,0.0000000000000000e+00,0.0000000000000000e+00,0.0000000000000000e+00,7.3057828974835070e-12,-1.3367226169727785e-12,-6.5144771121979493e-13,-1.3367226169727785e-12,7.3872724892608099e-12,-1.4112782531568141e-12,-6.5144771121979513e-13,-1.4112782531568139e-12,7.2745285052488120e-12,2.1351644263436563e-03,-4.3809542338643333e-04,-2.3485764606148842e-04,-4.3809542338643306e-04,2.1799695286818669e-03,-4.5835674073530132e-04,-2.3485764606148861e-04,-4.5835674073530202e-04,2.1313611621115443e-03,2.9236711897689754e-05,1.9629499747872846e-05,2.2360493470863543e-05,1.9629499747871735e-05,2.0515540211062091e-05,1.8733518208544315e-05,2.2360493470862059e-05,1.8733518208543939e-05,2.7141331256014118e-05,5.0080198959010085e+02,1.1715689812637810e+02,8.0012462491141932e+01,1.1715689812637804e+02,5.0755510674977006e+02,1.2170574722595097e+02,8.0012462491141989e+01,1.2170574722595116e+02,5.0381057577793041e+02,-1.2260811510828550e+01,-1.1084291443205272e+01,-1.1037402153848047e+01,-1.1084291443204934e+01,-1.1399465550071033e+01,-1.0912973257052560e+01,-1.1037402153847609e+01,-1.0912973257052432e+01,-1.1887913835097573e+01,6.9947176392467647e-01,5.8929563603807944e-01,-3.4738617711026143e-01,-3.2170534547734914e-02,5.6603832870256998e-01,8.5943625027801973e-01,-7.1381082577178612e-01,5.7408408228906604e-01,-3.7352458357330820e-01,-1.0206752486257385e-02,-2.9127114032706583e-02,-9.3832057683143795e-03,-3.3240562007221088e-03,-3.0426075335652239e-02,2.9962614512900970e-02,7.9489649687796704e-03,-3.1378263434930692e-02,-1.3629317966159361e-02,7.0797690324314499e-01,6.2640512339618570e-01,-3.8683153864958542e-01,-2.0747690142975877e-02,5.1014974293700688e-01,8.2492419545003737e-01,-7.0603010352281037e-01,5.9113612275634952e-01,-4.1629814921881653e-01,-8.5940374297329841e-03,-3.5793276508596525e-02,-1.5148298811442336e-02,3.3196432148072316e-03,-2.5574405149455658e-02,2.7747125961947755e-02,9.3180232521640465e-03,-2.9171924947810103e-02,-1.3148451666397604e-02,1.0797988122892069e-06,2.2519098818788743e-05,7.4572569748849423e-07,4.4021779096284060e-04,4.7488916563029468e-04,4.3862051578164518e-04,3.3534182366044591e-04,3.6175320968000841e-04,3.3412507780613117e-04,8.9694611083188069e-01,-9.8267055492984992e-02,9.2143820993527215e-01,-3.5431590389037058e-02,3.7553023060258546e-02,1.1133598491014551e-01
1.4066299764724934e+05,1.2219614416218010e-02,1.1095835550071783e-02,1.1056986370380153e-02,1.1095835550071789e-02,1.1340734557842850e-02,1.0914762830287677e-02,1.1056986370380158e-02,1.0914762830287675e-02,1.1826889497016550e-02,1.7389109108257095e-06,4.5194917791183631e-07,3.2628124943284168e-07,4.5194917791183642e-07,1.7537671913050741e-06,4.6559370193826317e-07,3.2628124943284179e-07,4.6559370193826317e-07,1.7453893400763280e-06,0.0000000000000000e+00,0.0000000000000000e+00,0.0000000000000000e+00,0.0000000000000000e+00,0.0000000000000000e+00,0.0000000000000000e+00,0.0000000000000000e+00,0.0000000000000000e+00,0.0000000000000000e+00,7.3057828974835070e-12,-1.3367226169727785e-12,-6.5144771121979493e-13,-1.3367226169727785e-12,7.3872724892608099e-12,-1.4112782531568139e-12,-6.5144771121979513e-13,-1.4112782531568137e-12,7.2745285052488120e-12,2.1364784086385031e-03,-4.3718055837468336e-04,-2.3382508548217888e-04,-4.3718055837468331e-04,2.1808653912477058e-03,-4.5748450598734889e-04,-2.3382508548217923e-04,-4.5748450598734878e-04,2.1325735779033042e-03,2.8889902047502002e-05,1.9428430218741130e-05,2.2081939931400454e-05,1.9428430218742085e-05,2.0190477008376383e-05,1.8534661626437488e-05,2.2081939931399986e-05,1.8534661626438152e-05,2.6789200637031956e-05,5.0026113342618675e+02,1.1666400526051488e+02,7.9521789672548408e+01,1.1666400526051484e+02,5.0705696419147927e+02,1.2122137342567069e+02,7.9521789672548479e+01,1.2122137342567069e+02,5.0328819524652607e+02,-1.2067889468891439e+01,-1.0909036503490041e+01,-1.0856309972379098e+01,-1.0909036503490229e+01,-1.1203083165526438e+01,-1.0737150691944350e+01,-1.0856309972379066e+01,-1.0737150691944462e+01,-1.1692932383452593e+01,6.9940597380941716e-01,5.8938153860728248e-01,-3.4727590758708138e-01,-3.2341295460313745e-02,5.6600879283760386e-01,8.5946493402220170e-01,-7.1386766904267351e-01,5.7402511742856743e-01,-3.7356127489600938e-01,-1.0202668549961168e-02,-2.9145839981165926e-02,-9.4143111777256171e-03,-3.3103941625470834e-03,-3.0402465392483213e-02,2.9940050855163068e-02,7.9512482150840540e-03,-3.1381890484832975e-02,-1.3653175223687588e-02,7.0795381367790389e-01,6.2654187335321354e-01,-3.8674685998130626e-01,-2.0885840390460549e-02,5.1009226241039241e-01,8.2494219119352796e-01,-7.0605048283794514e-01,5.9104520825342155e-01,-4.1634445815264676e-01,-8.5925044660254499e-03,-3.5776510741078384e-02,-1.5124895739463106e-02,3.3114966761405148e-03,-2.5610456335602223e-02,2.7764635633690433e-02,9.3170115827360695e-03,-2.9154663454467652e-02,-1.3140943631188246e-02,1.1425980097141563e-06,2.3738722882422306e-05,7.7147659892526360e-07,4.7165618996852256e-04,5.0778481132897758e-04,4.6996373988382386e-04,3.3530935488189188e-04,3.6099387886101070e-04,3.3410615993154471e-04,-8.9124963521664047e-01,8.1132800131097971e-02,-9.1823683580015969e-01,3.7212730377861200e-02,-4.5702288834127511e-02,-1.1772851133636297e-01
1.5072311751161976e+05,1.2857561350416149e-02,1.1672221697912908e-02,1.1624169258626365e-02,1.1672221697912910e-02,1.1915606948794911e-02,1.1478414737289529e-02,1.1624169258626364e-02,1.1478414737289527e-02,1.2436296646013931e-02,1.7351500436143408e-06,4.4851508435222383e-07,3.2286197965810309e-07,4.4851508435222383e-07,1.7503113164341935e-06,4.6222257066008661e-07,3.2286197965810304e-07,4.6222257066008650e-07,1.7417648015434103e-06,0.0000000000000000e+00,0.0000000000000000e+00,0.0000000000000000e+00,0.0000000000000000e+00,0.0000000000000000e+00,0.0000000000000000e+00,0.0000000000000000e+00,0.0000000000000000e+00,0.0000000000000000e+00,7.3057828974835070e-12,-1.3367226169727787e-12,-6.5144771121979503e-13,-1.3367226169727787e-12,7.3872724892608099e-12,-1.4112782531568143e-12,-6.5144771121979513e-13,-1.4112782531568141e-12,7.2745285052488128e-12,2.1377763347877107e-03,-4.3627706334355311e-04,-2.3280792224750197e-04,-4.3627706334355316e-04,2.1817464493095284e-03,-4.5662355891768673e-04,-2.3280792224750210e-04,-4.5662355891768624e-04,2.1337696157656184e-03,2.8537614910431765e-05,1.9219837954796964e-05,2.1795910373685593e-05,1.9219837954797286e-05,1.9864884422288072e-05,1.8328765539193633e-05,2.1795910373685718e-05,1.8328765539193470e-05,2.6432931030132533e-05,4.9972957899356351e+02,1.1617993677483422e+02,7.9040320399009801e+01,1.1617993677483425e+02,5.0656828770350222e+02,1.2074584889854117e+02,7.9040320399009815e+01,1.2074584889854108e+02,5.0277522388692790e+02,-1.1874101787956404e+01,-1.0732566792879002e+01,-1.0674016030993894e+01,-1.0732566792879094e+01,-1.1006519912922078e+01,-1.0560253676434240e+01,-1.0674016030993933e+01,-1.0560253676434195e+01,-1.1497378554851933e+01,6.9934060516911245e-01,5.8946652653631093e-01,-3.4716710800580364e-01,-3.2512103011064775e-02,5.6598062045726183e-01,8.5949209746042066e-01,-7.1392405554262284e-01,5.7396572954563330e-01,-3.7360005703380311e-01,-1.0197574268150916e-02,-2.9165384245598135e-02,-9.4457833354802609e-03,-3.2954538725083354e-03,-3.0378825998202241e-02,2.9917364153648967e-02,7.9544641486009662e-03,-3.1384709014984906e-02,-1.3676966242188848e-02,7.0793105599517558e-01,6.2667727008206631e-01,-3.8666287171534253e-01,-2.1024209415304005e-02,5.1003721932539314e-01,8.2495915108139128e-01,-7.0607047425272040e-01,5.9095342099739867e-01,-4.1639195492319697e-01,-8.5915819566188944e-03,-3.5758342679894979e-02,-1.5101254894681804e-02,3.3024994674488092e-03,-2.5646827004437586e-02,2.7782144876950524e-02,9.3154084139941730e-03,-2.9138609679932218e-02,-1.3133624318905808e-02,1.2094358532123475e-06,2.5015396983833153e-05,7.9813564126952762e-07,5.0533996098456324e-04,5.4297756102230157e-04,5.0354767180848321e-04,3.3527700947772983e-04,3.6024836135733568e-04,3.3408788255037453e-04,8.5433227139921308e-01,-5.1542414799984233e-02,9.1961079066339468e-01,-2.3507685972694523e-01,6.3722912501034887e-02,-8.2326072721430055e-02
1.6150273015929700e+05,1.3524773719799344e-02,1.2274453564793814e-02,1.2216132379361661e-02,1.2274453564793814e-02,1.2515917642970961e-02,1.2067164995245913e-02,1.2216132379361661e-02,1.2067164995245917e-02,1.3073208651636668e-02,1.7314634190760816e-06,4.4515158479619007e-07,3.1951600902786740e-07,4.4515158479619007e-07,1.7469296248489954e-06,4.5892191030739713e-07,3.1951600902786751e-07,4.5892191030739723e-07,1.7382146275648974e-06,0.0000000000000000e+00,0.0000000000000000e+00,0.0000000000000000e+00,0.0000000000000000e+00,0.0000000000000000e+00,0.0000000000000000e+00,0.0000000000000000e+00,0.0000000000000000e+00,0.0000000000000000e+00,7.3057828974835070e-12,-1.3367226169727787e-12,-6.5144771121979493e-13,-1.3367226169727787e-12,7.3872724892608099e-12,-1.4112782531568141e-12,-6.5144771121979513e-13,-1.4112782531568139e-12,7.2745285052488120e-12,2.1390577878763711e-03,-4.3538532843877633e-04,-2.3180655939927799e-04,-4.3538532843877557e-04,2.1826125836146445e-03,-4.5577425664589631e-04,-2.3180655939927832e-04,-4.5577425664589664e-04,2.1349489430693854e-03,2.8179979779521871e-05,1.9004061197315247e-05,2.1502846618702144e-05,1.9004061197315813e-05,1.9538864847359304e-05,1.8116170866467741e-05,2.1502846618704330e-05,1.8116170866468005e-05,2.6072668709863030e-05,4.9920739162598596e+02,1.1570475515140782e+02,7.8568115546267293e+01,1.1570475515140767e+02,5.0608909916491007e+02,1.2027922711978046e+02,7.8568115546267336e+01,1.2027922711978057e+02,5.0227170835377314e+02,-1.1679569880517553e+01,-1.0555040473209415e+01,-1.0490697795258901e+01,-1.0555040473209647e+01,-1.0809900425847596e+01,-1.0382440600256162e+01,-1.0490697795259475e+01,-1.0382440600256324e+01,-1.1301376929335724e+01,6.9927569894785968e-01,5.8955055540408485e-01,-3.4705982789516931e-01,-3.2682829630649488e-02,5.6595380254755856e-01,8.5951774933281566e-01,-7.1397995130788294e-01,5.7390597344164140e-01,-3.7364086495740295e-01,-1.0191505746284120e-02,-2.9185712345267147e-02,-9.4776135560182880e-03,-3.2791674551444811e-03,-3.0355216147893025e-02,2.9894622639833099e-02,7.9585746295442687e-03,-3.1386696229610128e-02,-1.3700542165028570e-02,7.0790864125138031e-01,6.2681124032039137e-01,-3.8657962267485718e-01,-2.1162693254452570e-02,5.0998460877907414e-01,8.2497508391813268e-01,-7.0609006812181863e-01,5.9086084406958239e-01,-4.1644057786899530e-01,-8.5912302516721519e-03,-3.5738821706280753e-02,-1.5077358533932592e-02,3.2925728551475727e-03,-2.5683410034533765e-02,2.7799607386868073e-02,9.3132591798830329e-03,-2.9123811963569439e-02,-1.3126592453493804e-02,1.2805405621440384e-06,2.6351254817848441e-05,8.2573512443703642e-07,5.4142947808029460e-04,5.8062935178712031e-04,5.3953253251726413e-04,3.3524478350691641e-04,3.5951674080953361e-04,3.3407022406686273e-04,-6.5215188556831605e-01,4.0515280716398802e-03,-7.8679019934152383e-01,5.9055583740869755e-01,-7.1595425806474045e-02,4.7825749758407837e-01
1.7305329321426630e+05,1.4222353256319455e-02,1.2903471113692052e-02,1.2833736771903879e-02,1.2903471113692052e-02,1.3142591747004098e-02,1.2681921050884802e-02,1.2833736771903874e-02,1.2681921050884797e-02,1.3738644160348475e-02,1.7278509658167065e-06,4.4185858748085295e-07,3.1624321652451673e-07,4.4185858748085295e-07,1.7436217717482255e-06,4.5569157089611237e-07,3.1624321652451668e-07,4.5569157089611232e-07,1.7347386241069079e-06,0.0000000000000000e+00,0.0000000000000000e+00,0.0000000000000000e+00,0.0000000000000000e+00,0.0000000000000000e+00,0.0000000000000000e+00,0.0000000000000000e+00,0.0000000000000000e+00,0.0000000000000000e+00,7.3057828974835070e-12,-1.3367226169727787e-12,-6.5144771121979493e-13,-1.3367226169727787e-12,7.3872724892608099e-12,-1.4112782531568141e-12,-6.5144771121979513e-13,-1.4112782531568141e-12,7.2745285052488128e-12,2.1403223637926059e-03,-4.3450572300092661e-04,-2.3082136947901640e-04,-4.3450572300092640e-04,2.1834636867225309e-03,-4.5493693542259688e-04,-2.3082136947901623e-04,-4.5493693542259645e-04,2.1361112413584662e-03,2.7817151913121068e-05,1.8781448563766458e-05,2.1203202879808256e-05,1.8781448563766184e-05,1.9212533729505340e-05,1.7897227072098712e-05,2.1203202879807216e-05,1.7897227072098891e-05,2.5708581920892155e-05,4.9869462788054699e+02,1.1523851261725942e+02,7.8105224097803287e+01,1.1523851261725940e+02,5.0561941150462604e+02,1.1982155131551397e+02,7.8105224097803230e+01,1.1982155131551386e+02,5.0177768630840217e+02,-1.1484419229120927e+01,-1.0376617372040537e+01,-1.0306534231511513e+01,-1.0376617372040412e+01,-1.0613351307977558e+01,-1.0203871071508807e+01,-1.0306534231511248e+01,-1.0203871071508804e+01,-1.1105055251997188e+01,6.9921129497953338e-01,5.8963358309173475e-01,-3.4695411322603820e-01,-3.2853345897802602e-02,5.6592832589984143e-01,8.5954190328120639e-01,-7.1403532362514011e-01,5.7384590572104832e-01,-3.7368362568807317e-01,-1.0184499107209926e-02,-2.9206788658077656e-02,-9.5097889442827058e-03,-3.2614766455798050e-03,-3.0331692913620388e-02,2.9871892553611890e-02,7.9635419211699712e-03,-3.1387832404789484e-02,-1.3723762653566967e-02,7.0788657930858589e-01,6.2694371437760277e-01,-3.8649716027976366e-01,-2.1301185577523602e-02,5.0993441797689099e-01,8.2499000178046911e-01,-7.0610925631278154e-01,5.9076756410648701e-01,-4.1649026088287966e-01,-8.5914114071057607e-03,-3.5717999213455483e-02,-1.5053193417175054e-02,3.2816470699227546e-03,-2.5720100944303353e-02,2.7816978442269848e-02,9.3106074410207289e-03,-2.9110314002128847e-02,-1.3119939693878311e-02,1.3561482420111687e-06,2.7748490478176919e-05,8.5430855047222776e-07,5.8009657406370130e-04,6.2091363330077625e-04,5.7809000067279284e-04,3.3521267540713803e-04,3.5879908539619107e-04,3.3405316358645049e-04,9.5688315300810373e-02,4.6029480918255587e-02,2.8048509626546836e-01,-8.6792000159466598e-01,4.2070392764538521e-02,-8.7422322436540101e-01
1.8542994451403053e+05,1.4951434337661849e-02,1.3560242038308820e-02,1.3477868408551060e-02,1.3560242038308815e-02,1.3796582237902286e-02,1.3323617297411824e-02,1.3477868408551060e-02,1.3323617297411822e-02,1.4433652157130682e-02,1.7243125544813383e-06,4.3863593447735355e-07,3.1304340396700978e-07,4.3863593447735355e-07,1.7403873557675220e-06,4.5253133704013647e-07,3.1304340396700972e-07,4.5253133704013652e-07,1.7313365392205455e-06,0.0000000000000000e+00,0.0000000000000000e+00,0.0000000000000000e+00,0.0000000000000000e+00,0.0000000000000000e+00,0.0000000000000000e+00,0.0000000000000000e+00,0.0000000000000000e+00,0.0000000000000000e+00,7.3057828974835086e-12,-1.3367226169727789e-12,-6.5144771121979503e-13,-1.3367226169727789e-12,7.3872724892608116e-12,-1.4112782531568143e-12,-6.5144771121979523e-13,-1.4112782531568143e-12,7.2745285052488136e-12,2.1415696730525758e-03,-4.3363859468170733e-04,-2.2985269357878415e-04,-4.3363859468170766e-04,2.1842996636968421e-03,-4.5411190989895684e-04,-2.2985269357878412e-04,-4.5411190989895657e-04,2.1372562078323795e-03,2.7449311522097599e-05,1.8552358065628869e-05,2.0897443910816692e-05,1.8552358065629567e-05,1.8886018517836761e-05,1.7672291189451457e-05,2.0897443910817169e-05,1.7672291189452850e-05,2.5340859756811756e-05,4.9819133529025629e+02,1.1478125103884049e+02,7.7651683062927603e+01,1.1478125103884058e+02,5.0515922863278706e+02,1.1937285439544182e+02,7.7651683062927589e+01,1.1937285439544172e+02,5.0129318624819473e+02,-1.1288778866609537e+01,-1.0197458459059513e+01,-1.0121705144800222e+01,-1.0197458459059673e+01,-1.0417000609017636e+01,-1.0024705396093815e+01,-1.0121705144800440e+01,-1.0024705396094149e+01,-1.0908543900089542e+01,6.9914743191237472e-01,5.8971556985224738e-01,-3.4685000629390550e-01,-3.3023521141967452e-02,5.6590417331505560e-01,8.5956457763301275e-01,-7.1409014107907209e-01,5.7378558451682282e-01,-3.7372825890376554e-01,-1.0176590519815629e-02,-2.9228576558307025e-02,-9.5422928348959310e-03,-3.2423327204335762e-03,-3.0308311169528170e-02,2.9849237819422808e-02,7.9693286612085665e-03,-3.1388101018649910e-02,-1.3746496219402916e-02,7.0786487888155059e-01,6.2707462625421850e-01,-3.8641553036825432e-01,-2.1439578228838820e-02,5.0988662654786254e-01,8.2500391985516663e-01,-7.0612803214586184e-01,5.9067367088042033e-01,-4.1654093386871571e-01,-8.5920891383200453e-03,-3.5695928392996783e-02,-1.5028750539588118e-02,3.2696612461657992e-03,-2.5756798423929132e-02,2.7834215115788218e-02,9.3074949076367829e-03,-2.9098154585968747e-02,-1.3113750510792053e-02,1.4365028092206513e-06,2.9209360641651943e-05,8.8389067005705387e-07,6.2152535987544763e-04,6.6401618990234701e-04,6.1940403203645253e-04,3.3518068589424616e-04,3.5809544765953607e-04,3.3403668089302882e-04,6.7389799029878839e-01,-4.9018957499310449e-02,5.7513475088878085e-01,5.4419452975504345e-01,2.2372836189785143e-02,7.1216971172915300e-01
1.9869176531592201e+05,1.5713185124911020e-02,1.4245762873997621e-02,1.4149439394661406e-02,1.4245762873997616e-02,1.4478871064295119e-02,1.3993216175810699e-02,1.4149439394661401e-02,1.3993216175810697e-02,1.5159313090397001e-02,1.7208479974800725e-06,4.3548340232760533e-07,3.0991629696177634e-07,4.3548340232760517e-07,1.7372259197691940e-06,4.4944092882177888e-07,3.0991629696177629e-07,4.4944092882177899e-07,1.7280080632519166e-06,0.0000000000000000e+00,0.0000000000000000e+00,0.0000000000000000e+00,0.0000000000000000e+00,0.0000000000000000e+00,0.0000000000000000e+00,0.0000000000000000e+00,0.0000000000000000e+00,0.0000000000000000e+00,7.3057828974835086e-12,-1.3367226169727789e-12,-6.5144771121979493e-13,-1.3367226169727789e-12,7.3872724892608116e-12,-1.4112782531568141e-12,-6.5144771121979523e-13,-1.4112782531568141e-12,7.2745285052488128e-12,2.1427993425471256e-03,-4.3278426865707854e-04,-2.2890084058002793e-04,-4.3278426865707832e-04,2.1851204327199216e-03,-4.5329947249171096e-04,-2.2890084058002812e-04,-4.5329947249171101e-04,2.1383835567406993e-03,2.7076662632780097e-05,1.8317156056677967e-05,2.0586043090573389e-05,1.8317156056678686e-05,1.8559457590967145e-05,1.7441726790105791e-05,2.0586043090574832e-05,1.7441726790105361e-05,2.4969710943764730e-05,4.9769755215891547e+02,1.1433300186258555e+02,7.7207517456162094e+01,1.1433300186258548e+02,5.0470854541366543e+02,1.1893315893100413e+02,7.7207517456162122e+01,1.1893315893100416e+02,5.0081822737913956e+02,-1.1092780843377257e+01,-1.0017725317480034e+01,-9.9363905153421399e+00,-1.0017725317480284e+01,-1.0220977302639868e+01,-9.8451040553670666e+00,-9.9363905153425094e+00,-9.8451040553670204e+00,-1.0711975343555320e+01,6.9908414713506606e-01,5.8979647836704729e-01,-3.4674754563428206e-01,-3.3193224051388470e-02,5.6588132383465040e-01,8.5958579515294442e-01,-7.1414437359745142e-01,5.7372506920292199e-01,-3.7377467758839694e-01,-1.0167816219884116e-02,-2.9251038555764060e-02,-9.5751052255385223e-03,-3.2216963850667650e-03,-3.0285123341198317e-02,2.9826719747617168e-02,7.9758978388783392e-03,-3.1387488856115794e-02,-1.3768620504189583e-02,7.0784354758659440e-01,6.2720391374044437e-01,-3.8633477703464580e-01,-2.1577761776096164e-02,5.0984120691224710e-01,8.2501685625645527e-01,-7.0614639033019921e-01,5.9057925685402568e-01,-4.1659252322008811e-01,-8.5932287728223318e-03,-3.5672664017658215e-02,-1.5004024858507586e-02,3.2565633245323286e-03,-2.5793404828774298e-02,2.7851276465648694e-02,9.3039614642925674e-03,-2.9087367374339916e-02,-1.3108102102187578e-02,1.5218559108181069e-06,3.0736186944159004e-05,9.1451753003741519e-07,6.6591310261572372e-04,7.1013602132797855e-04,6.6367173746688238e-04,3.3514881784703804e-04,3.5740586440452364e-04,3.3402075642724162e-04,-7.0004634204970395e-01,-1.4890386305619011e-02,-8.4277760797892753e-01,4.9751598513425022e-01,-4.3791098355291443e-02,3.5010629846906577e-01
2.1290206232775043e+05,1.6508808789663459e-02,1.4961060192071026e-02,1.4849389256394787e-02,1.4961060192071019e-02,1.5190470325128214e-02,1.4691709356248235e-02,1.4849389256394787e-02,1.4691709356248231e-02,1.5916740081441613e-02,1.7174570489668573e-06,4.3240070294921534e-07,3.0686154621897218e-07,4.3240070294921512e-07,1.7341369518642228e-06,4.4642000292122335e-07,3.0686154621897203e-07,4.4642000292122324e-07,1.7247528293009151e-06,0.0000000000000000e+00,0.0000000000000000e+00,0.0000000000000000e+00,0.0000000000000000e+00,0.0000000000000000e+00,0.0000000000000000e+00,0.0000000000000000e+00,0.0000000000000000e+00,0.0000000000000000e+00,7.3057828974835086e-12,-1.3367226169727789e-12,-6.5144771121979503e-13,-1.3367226169727789e-12,7.3872724892608116e-12,-1.4112782531568143e-12,-6.5144771121979523e-13,-1.4112782531568141e-12,7.2745285052488136e-12,2.1440110171962404e-03,-4.3194304694341650e-04,-2.2796608658490265e-04,-4.3194304694341645e-04,2.1859259256269141e-03,-4.5249989284840473e-04,-2.2796608658490279e-04,-4.5249989284840516e-04,2.1394930206785419e-03,2.6699431832134721e-05,1.8076216121212219e-05,2.0269480463819302e-05,1.8076216121211508e-05,1.8232999163691411e-05,1.7205902905127674e-05,2.0269480463819086e-05,1.7205902905127745e-05,2.4595362536369879e-05,4.9721330739960217e+02,1.1389378610171821e+02,7.6772740337484450e+01,1.1389378610171818e+02,5.0426734767984090e+02,1.1850247717886222e+02,7.6772740337484507e+01,1.1850247717886232e+02,5.0035281953226342e+02,-1.0896559685150821e+01,-9.8375796144908705e+00,-9.7507698393205757e+00,-9.8375796144906875e+00,-1.0025410769704155e+01,-9.6652271859684671e+00,-9.7507698393204940e+00,-9.6652271859684937e+00,-1.0515483602560678e+01,6.9902147670499282e-01,5.8987627378974306e-01,-3.4664676597014921e-01,-3.3362323280759047e-02,5.6585975299485913e-01,8.5960558276599131e-01,-7.1419799249338722e-01,5.7366442009681917e-01,-3.7382278871693014e-01,-1.0158212521829899e-02,-2.9274136435501304e-02,-9.6082031999661956e-03,-3.1995376204231180e-03,-3.0262179181733656e-02,2.9804396764161096e-02,7.9832127789128994e-03,-3.1385986086687266e-02,-1.3790022504208898e-02,7.0782259199168418e-01,6.2733151849388191e-01,-3.8625494248432873e-01,-2.1715626060896942e-02,5.0979812469627017e-01,8.2502883182546083e-01,-7.0616432689698727e-01,5.9048441671383511e-01,-4.1664495231560655e-01,-8.5947972026959273e-03,-3.5648262222610881e-02,-1.4979015019876196e-02,3.2423099183505671e-03,-2.5829826629140930e-02,2.7868123707289198e-02,9.3000451957280187e-03,-2.9077980712316310e-02,-1.3103064346159911e-02,1.6124668431047478e-06,3.2331358557730516e-05,9.4622652189383988e-07,7.1347116639649058e-04,7.5948628630297902e-04,7.1110432371036065e-04,3.3511707617850264e-04,3.5673035667160131e-04,3.3400537126580609e-04,-5.2267425283954183e-01,3.3609801362785366e-02,-3.7476139375822087e-01,-6.7167876294222106e-01,-2.0625075183151754e-02,-8.2893749444214848e-01
2.2812866990908436e+05,1.7339544836036301e-02,1.5707191881094529e-02,1.5578686317609116e-02,1.5707191881094533e-02,1.5932423529384728e-02,1.5420119002880425e-02,1.5578686317609114e-02,1.5420119002880426e-02,1.6707080222943194e-02,1.7141394050702617e-06,4.2938748480004982e-07,3.0387872921919369e-07,4.2938748480004992e-07,1.7311198866562718e-06,4.4346815399455195e-07,3.0387872921919369e-07,4.4346815399455216e-07,1.7215704139232220e-06,0.0000000000000000e+00,0.0000000000000000e+00,0.0000000000000000e+00,0.0000000000000000e+00,0.0000000000000000e+00,0.0000000000000000e+00,0.0000000000000000e+00,0.0000000000000000e+00,0.0000000000000000e+00,7.3057828974835086e-12,-1.3367226169727789e-12,-6.5144771121979503e-13,-1.3367226169727789e-12,7.3872724892608099e-12,-1.4112782531568143e-12,-6.5144771121979523e-13,-1.4112782531568141e-12,7.2745285052488128e-12,2.1452043614983802e-03,-4.3111520782180049e-04,-2.2704867454219745e-04,-4.3111520782179995e-04,2.1867160883572256e-03,-4.5171341741656970e-04,-2.2704867454219731e-04,-4.5171341741656980e-04,2.1405843517735210e-03,2.6317866903295150e-05,1.7829917912304009e-05,1.9948240758421459e-05,1.7829917912304571e-05,1.7906800180266205e-05,1.6965192908593723e-05,1.9948240758421106e-05,1.6965192908594282e-05,2.4218058534599237e-05,4.9673862041766608e+02,1.1346361436903068e+02,7.6347352912312346e+01,1.1346361436903055e+02,5.0383561228696522e+02,1.1808081114908558e+02,7.6347352912312289e+01,1.1808081114908560e+02,4.9989696312412184e+02,-1.0700251844955117e+01,-9.6571825748070470e+00,-9.5650214797419917e+00,-9.6571825748071429e+00,-9.8304302900151637e+00,-9.4852340657452903e+00,-9.5650214797419562e+00,-9.4852340657453951e+00,-1.0319203705658445e+01,6.9895945527932801e-01,5.8995492377738779e-01,-3.4654769818998721e-01,-3.3530688054172531e-02,5.6583943310076013e-01,8.5962397125562884e-01,-7.1425097050430375e-01,5.7360369815527756e-01,-3.7387249396872879e-01,-1.0147815822363855e-02,-2.9297831396790899e-02,-9.6415613384950201e-03,-3.1758354874059673e-03,-3.0239525576564827e-02,2.9782324171375985e-02,7.9912371314511798e-03,-3.1383586314591969e-02,-1.3810598735503861e-02,7.0780201766729467e-01,6.2745738609710477e-01,-3.8617606690550293e-01,-2.1853060746548091e-02,5.0975733918778177e-01,8.2503986991428946e-01,-7.0618183913014076e-01,5.9038924688758299e-01,-4.1669814202609284e-01,-8.5967628362081123e-03,-3.5622780287018978e-02,-1.4953723083990360e-02,3.2268661428557191e-03,-2.5865974811955315e-02,2.7884720363166641e-02,9.2957824148184459e-03,-2.9070017491382869e-02,-1.3098699794486716e-02,1.7086024732463363e-06,3.3997334978010736e-05,9.7905643109378212e-07,7.6442602051092230e-04,8.1229531347250087e-04,7.6192810147396306e-04,3.3508546769486157e-04,3.5606892978257544e-04,3.3399050710180910e-04,4.2352603197122307e-01,3.0031557356787777e-02,6.3523994965504393e-01,-7.2881580582882866e-01,1.4576505612085039e-02,-6.4702208672928263e-01
2.4444427388576150e+05,1.8206670523057970e-02,1.6485248518777890e-02,1.6338329167319553e-02,1.6485248518777893e-02,1.6705806940470684e-02,1.6179499125376855e-02,1.6338329167319560e-02,1.6179499125376851e-02,1.7531515971086365e-02,1.7108947043725607e-06,4.2644333429157317e-07,3.0096735221202590e-07,4.2644333429157343e-07,1.7281741066957735e-06,4.4058491628767635e-07,3.0096735221202590e-07,4.4058491628767635e-07,1.7184603380679609e-06,0.0000000000000000e+00,0.0000000000000000e+00,0.0000000000000000e+00,0.0000000000000000e+00,0.0000000000000000e+00,0.0000000000000000e+00,0.0000000000000000e+00,0.0000000000000000e+00,0.0000000000000000e+00,7.3057828974835086e-12,-1.3367226169727787e-12,-6.5144771121979503e-13,-1.3367226169727787e-12,7.3872724892608116e-12,-1.4112782531568143e-12,-6.5144771121979513e-13,-1.4112782531568141e-12,7.2745285052488128e-12,2.1463790609627539e-03,-4.3030100537434502e-04,-2.2614881406734174e-04,-4.3030100537434535e-04,2.1874908813218153e-03,-4.5094026911943961e-04,-2.2614881406734255e-04,-4.5094026911944021e-04,2.1416573227556338e-03,2.5932235361009868e-05,1.7578645950588168e-05,1.9622811398872824e-05,1.7578645950588174e-05,1.7581025200679393e-05,1.6719973373268028e-05,1.9622811398873773e-05,1.6719973373267994e-05,2.3838058431327262e-05,4.9627350103873221e+02,1.1304248695491209e+02,7.5931344689425259e+01,1.1304248695491219e+02,5.0341330720811840e+02,1.1766815271701427e+02,7.5931344689425487e+01,1.1766815271701442e+02,4.9945064916115649e+02,-1.0503995152987709e+01,-9.4766944612909008e+00,-9.3793220328356668e+00,-9.4766944612909541e+00,-9.6361645457528535e+00,-9.3052826095527692e+00,-9.3793220328359048e+00,-9.3052826095528118e+00,-1.0123271152198704e+01,6.9889811604912488e-01,5.9003239850970568e-01,-3.4645036935531925e-01,-3.3698188756643398e-02,5.6582033351611993e-01,8.5964099494161295e-01,-7.1430328182781355e-01,5.7354296466686128e-01,-3.7392369046012691e-01,-1.0136662595919776e-02,-2.9322084190273108e-02,-9.6751521126298770e-03,-3.1505778904487663e-03,-3.0217206378701768e-02,2.9760553941786925e-02,7.9999348680128493e-03,-3.1380286600731423e-02,-1.3830255337903545e-02,7.0778182923717337e-01,6.2758146609568743e-01,-3.8609818835876120e-01,-2.1989955857361146e-02,5.0971880382602197e-01,8.2504999615779850e-01,-7.0619892549547436e-01,5.9029384505085303e-01,-4.1675201122699129e-01,-8.5990955489597971e-03,-3.5596276417643180e-02,-1.4928154253100463e-02,3.2102054083624596e-03,-2.5901765230872103e-02,2.7901032389412106e-02,9.2912076924983808e-03,-2.9063495055073333e-02,-1.3095063706778294e-02,1.8105371681478403e-06,3.5736649031107475e-05,1.0130474872734816e-06,8.1902031973257543e-04,8.6880768447346064e-04,8.1638556559361511e-04,3.3505400094392728e-04,3.5542157345828799e-04,3.3397614622592654e-04,8.1416600087173663e-01,1.3127352187037811e-02,9.0282802209712609e-01,-1.8259597679688636e-01,2.4791838285255101e-02,3.8712077171133882e-02
2.6192675852338248e+05,1.9111502392982378e-02,1.7296354838112066e-02,1.7129348219118830e-02,1.7296354838112076e-02,1.7511731008990339e-02,1.6970937020539610e-02,1.7129348219118837e-02,1.6970937020539614e-02,1.8391266635924591e-02,1.7077225286314814e-06,4.2356777743795061e-07,2.9812685252444770e-07,4.2356777743795067e-07,1.7252989441306038e-06,4.3776976547157413e-07,2.9812685252444786e-07,4.3776976547157419e-07,1.7154220682415053e-06,0.0000000000000000e+00,0.0000000000000000e+00,0.0000000000000000e+00,0.0000000000000000e+00,0.0000000000000000e+00,0.0000000000000000e+00,0.0000000000000000e+00,0.0000000000000000e+00,0.0000000000000000e+00,7.3057828974835070e-12,-1.3367226169727789e-12,-6.5144771121979503e-13,-1.3367226169727789e-12,7.3872724892608116e-12,-1.4112782531568143e-12,-6.5144771121979523e-13,-1.4112782531568141e-12,7.2745285052488128e-12,2.1475348234140362e-03,-4.2950066913525478e-04,-2.2526668145374809e-04,-4.2950066913525478e-04,2.1882502796855708e-03,-4.5018064713966239e-04,-2.2526668145374831e-04,-4.5018064713966174e-04,2.1427117279029509e-03,2.5542822897857874e-05,1.7322788394360692e-05,1.9293680535464393e-05,1.7322788394360814e-05,1.7255845286456027e-05,1.6470622908527873e-05,1.9293680535463936e-05,1.6470622908527151e-05,2.3455635701177772e-05,4.9581794948174530e+02,1.1263039394946161e+02,7.5524693694432898e+01,1.1263039394946163e+02,5.0300039166640028e+02,1.1726448377734822e+02,7.5524693694432926e+01,1.1726448377734809e+02,4.9901385928727854e+02,-1.0307928268147046e+01,-9.2962740664722627e+00,-9.1938457151727313e+00,-9.2962740664722912e+00,-9.4427411395878167e+00,-9.1255288785669091e+00,-9.1938457151725927e+00,-9.1255288785667101e+00,-9.9278213825519721e+00,6.9883749067688528e-01,5.9010867069675543e-01,-3.4635480273620201e-01,-3.3864697509078286e-02,5.6580242096526367e-01,8.5965669134167166e-01,-7.1435490215430231e-01,5.7348228094440723e-01,-3.7397627148782575e-01,-1.0124789382404286e-02,-2.9346855252490731e-02,-9.7089462601274677e-03,-3.1237613009625809e-03,-3.0195262275264142e-02,2.9739134546490333e-02,8.0092702830184929e-03,-3.1376087456403925e-02,-1.3848908118141760e-02,7.0776203042836550e-01,6.2770371201750297e-01,-3.8602134268463179e-01,-2.2126202304488175e-02,5.0968246671875939e-01,8.2505923823590044e-01,-7.0621558556920572e-01,5.9019830962830089e-01,-4.1680647731060122e-01,-8.6017666354629360e-03,-3.5568809536054652e-02,-1.4902316601748143e-02,3.1923091798865960e-03,-2.5937118902304161e-02,2.7917028278586640e-02,9.2863538889492083e-03,-2.9058425150305902e-02,-1.3092204125622616e-02,1.9185527349607488e-06,3.7551910108769631e-05,1.0482414152177380e-06,8.7751406190046460e-04,9.2928539429401439e-04,8.7473655245326150e-04,3.3502268605447888e-04,3.5478826200609670e-04,3.3396227150849612e-04,8.0673978522233181e-01,5.8235271769739227e-03,7.9412730850090463e-01,1.7464114691474319e-01,2.2659622062102421e-02,4.2453646513545046e-01
2.8065957831611269e+05,2.0055397911151296e-02,1.8141671291483991e-02,1.7952807364031601e-02,1.8141671291483988e-02,1.8351341897765258e-02,1.7795554807498670e-02,1.7952807364031594e-02,1.7795554807498670e-02,1.9287589974706535e-02,1.7046224037369240e-06,4.2076028172594930e-07,2.9535660115418321e-07,4.2076028172594919e-07,1.7224936825385175e-06,4.3502212068251294e-07,2.9535660115418321e-07,4.3502212068251284e-07,1.7124550178861700e-06,0.0000000000000000e+00,0.0000000000000000e+00,0.0000000000000000e+00,0.0000000000000000e+00,0.0000000000000000e+00,0.0000000000000000e+00,0.0000000000000000e+00,0.0000000000000000e+00,0.0000000000000000e+00,7.3057828974835070e-12,-1.3367226169727789e-12,-6.5144771121979493e-13,-1.3367226169727789e-12,7.3872724892608116e-12,-1.4112782531568141e-12,-6.5144771121979513e-13,-1.4112782531568139e-12,7.2745285052488128e-12,2.1486713801602475e-03,-4.2871440385804923e-04,-2.2440241987011837e-04,-4.2871440385804918e-04,2.1889942735648722e-03,-4.4943472681132046e-04,-2.2440241987011834e-04,-4.4943472681132068e-04,2.1437473838570439e-03,2.5149931753227039e-05,1.7062735791945432e-05,1.8961335107751254e-05,1.7062735791944863e-05,1.6931436892534849e-05,1.6217520990598875e-05,1.8961335107751935e-05,1.6217520990598919e-05,2.3071076242024128e-05,4.9537195637668850e+02,1.1222731540710575e+02,7.5127366735767495e+01,1.1222731540710569e+02,5.0259681630407732e+02,1.1686977643863200e+02,7.5127366735767495e+01,1.1686977643863206e+02,4.9858656587369762e+02,-1.0112190134933364e+01,-9.1160782186267273e+00,-9.0087637763061181e+00,-9.1160782186266243e+00,-9.2502861303058719e+00,-8.9461266065225544e+00,-9.0087637763062567e+00,-8.9461266065226148e+00,-9.7329892596038032e+00,6.9877760923896781e-01,5.9018371557589644e-01,-3.4626101786987357e-01,-3.4030088724196848e-02,5.6578565984293094e-01,8.5967110082144704e-01,-7.1440580869502313e-01,5.7342170802058223e-01,-3.7403012727759793e-01,-1.0112232766978467e-02,-2.9372104836871239e-02,-9.7429131406918858e-03,-3.0953904445755456e-03,-3.0173730685789654e-02,2.9718110818994906e-02,8.0192080012930021e-03,-3.1370992809273052e-02,-1.3866482529720222e-02,7.0774262412130362e-01,6.2782408137432211e-01,-3.8594556342683028e-01,-2.2261692396957980e-02,5.0964827117974376e-01,8.2506762562937586e-01,-7.0623181996507234e-01,5.9010273929474610e-01,-4.1686145669465829e-01,-8.6047487599282078e-03,-3.5540439070986495e-02,-1.4876220812852886e-02,3.1731667021299356e-03,-2.5971962245840020e-02,2.7932679138139866e-02,9.2812521875624658e-03,-2.9054813924227631e-02,-1.3090161990522714e-02,2.0329383776002040e-06,3.9445807640793910e-05,1.0846814866210676e-06,9.4018582831443577e-04,9.9400909443542120e-04,9.3725948018025414e-04,3.3499153456843187e-04,3.5416895457451598e-04,3.3394886638238991e-04,7.9469836394307580e-01,8.2588771088928717e-03,7.7779601541449073e-01,1.8540015812743407e-01,1.7509272907511440e-02,4.4722992468802703e-01
3.0073215636556078e+05,2.1039757223144606e-02,1.9022395716634864e-02,1.8809805718436944e-02,1.9022395716634864e-02,1.9225823103120283e-02,1.8654511060120990e-02,1.8809805718436944e-02,1.8654511060120987e-02,2.0221783893023034e-02,1.7015938008930479e-06,4.1802025818897556e-07,2.9265590562063274e-07,4.1802025818897566e-07,1.7197575589253700e-06,4.3234134674947617e-07,2.9265590562063279e-07,4.3234134674947622e-07,1.7095585489609050e-06,0.0000000000000000e+00,0.0000000000000000e+00,0.0000000000000000e+00,0.0000000000000000e+00,0.0000000000000000e+00,0.0000000000000000e+00,0.0000000000000000e+00,0.0000000000000000e+00,0.0000000000000000e+00,7.3057828974835086e-12,-1.3367226169727787e-12,-6.5144771121979493e-13,-1.3367226169727787e-12,7.3872724892608099e-12,-1.4112782531568141e-12,-6.5144771121979523e-13,-1.4112782531568139e-12,7.2745285052488128e-12,2.1497884870162317e-03,-4.2794238939918581e-04,-2.2355613973662993e-04,-4.2794238939918618e-04,2.1897228681409995e-03,-4.4870265961952576e-04,-2.2355613973663020e-04,-4.4870265961952517e-04,2.1447641303039260e-03,2.4753879017955651e-05,1.6798879827217328e-05,1.8626258959882059e-05,1.6798879827218345e-05,1.6607980771696471e-05,1.5961046795041226e-05,1.8626258959881642e-05,1.5961046795040233e-05,2.2684676781035692e-05,4.9493550282619242e+02,1.1183322155179269e+02,7.4739319719766399e+01,1.1183322155179279e+02,5.0220252338636453e+02,1.1648399325598605e+02,7.4739319719766470e+01,1.1648399325598592e+02,4.9816873214957252e+02,-9.9169194493604422e+00,-8.9362613058379612e+00,-8.8242439412983948e+00,-8.9362613058382117e+00,-9.0589235885658503e+00,-8.7672267460485127e+00,-8.8242439412982989e+00,-8.7672267460482267e+00,-9.5389085648315088e+00,6.9871850017167370e-01,5.9025751089836909e-01,-3.4616903064499999e-01,-3.4194239634139117e-02,5.6577001252812131e-01,8.5968426623745520e-01,-7.1445598020734302e-01,5.7336130635013649e-01,-3.7408514572511176e-01,-1.0099029353132498e-02,-2.9397793140427987e-02,-9.7770210690098745e-03,-3.0654779517422636e-03,-3.0152645692341880e-02,2.9697523854866757e-02,8.0297129902957114e-03,-3.1365009942308911e-02,-1.3882913591767835e-02,7.0772361239715287e-01,6.2794253564669367e-01,-3.8587088177455503e-01,-2.2396320327597224e-02,5.0961615627927637e-01,8.2507518937238267e-01,-7.0624763026324477e-01,5.9000723248165754e-01,-4.1691686531830813e-01,-8.6080159073795032e-03,-3.5511224756871136e-02,-1.4849879918863162e-02,3.1527746936493082e-03,-2.6006227268259598e-02,2.7947958744368145e-02,9.2759321307118760e-03,-2.9052661966227505e-02,-1.3088971291420266e-02,2.1539906736214753e-06,4.1421114813712501e-05,1.1224125726382568e-06,1.0073341128600042e-03,1.0632794247856989e-03,1.0042526775371134e-03,3.3496055926773583e-04,3.5356359547171576e-04,3.3393591482660558e-04,7.8975472157216531e-01,1.4047878878664420e-02,8.8884035815610185e-01,-1.6210363265222341e-01,7.4246803590145346e-03,9.4299331658348848e-02
3.2224031125143310e+05,2.2066025035115542e-02,1.9939765108518161e-02,1.9701479468945869e-02,1.9939765108518154e-02,2.0136397176676781e-02,1.9549002540481700e-02,1.9701479468945869e-02,1.9549002540481700e-02,2.1195188258814349e-02,1.6986361380143578e-06,4.1534706366711771e-07,2.9002401304405116e-07,4.1534706366711771e-07,1.7170897658721984e-06,4.2972675658979043e-07,2.9002401304405111e-07,4.2972675658979037e-07,1.7067319737096662e-06,0.0000000000000000e+00,0.0000000000000000e+00,0.0000000000000000e+00,0.0000000000000000e+00,0.0000000000000000e+00,0.0000000000000000e+00,0.0000000000000000e+00,0.0000000000000000e+00,0.0000000000000000e+00,7.3057828974835070e-12,-1.3367226169727787e-12,-6.5144771121979483e-13,-1.3367226169727787e-12,7.3872724892608099e-12,-1.4112782531568141e-12,-6.5144771121979513e-13,-1.4112782531568139e-12,7.2745285052488120e-12,2.1508859251767481e-03,-4.2718478071702883e-04,-2.2272791927058263e-04,-4.2718478071702900e-04,2.1904360836910177e-03,-4.4798457330565920e-04,-2.2272791927058279e-04,-4.4798457330565909e-04,2.1457618305173553e-03,2.4354994888263137e-05,1.6531612069037145e-05,1.8288931023968635e-05,1.6531612069035922e-05,1.6285660897879965e-05,1.5701578041146559e-05,1.8288931023969188e-05,1.5701578041146169e-05,2.2296743257553582e-05,4.9450856050982668e+02,1.1144807302044221e+02,7.4360498010880775e+01,1.1144807302044227e+02,5.0181744703759585e+02,1.1610708749958340e+02,7.4360498010880818e+01,1.1610708749958336e+02,4.9776031237177591e+02,-9.7222541373872264e+00,-8.7569748212068248e+00,-8.6404498869947641e+00,-8.7569748212065761e+00,-8.8687751751751840e+00,-8.5889770379775552e+00,-8.6404498869948174e+00,-8.5889770379775179e+00,-9.3457115120901193e+00,6.9866019022414605e-01,5.9033003690650376e-01,-3.4607885340212952e-01,-3.4357030792869676e-02,5.6575543969840114e-01,8.5969623257699501e-01,-7.1450539701394333e-01,5.7330113552131390e-01,-3.7414121312855891e-01,-1.0085215728599124e-02,-2.9423880425663611e-02,-9.8112376237606165e-03,-3.0340439777498296e-03,-3.0132038000751520e-02,2.9677410946649187e-02,8.0407505777600457e-03,-3.1358149406888129e-02,-1.3898145749435114e-02,7.0770499658563246e-01,6.2805904025334192e-01,-3.8579732651754334e-01,-2.2529982638572914e-02,5.0958605740118001e-01,8.2508196180418536e-01,-7.0626301893782328e-01,5.8991188689384566e-01,-4.1697261912674061e-01,-8.6115433354143345e-03,-3.5481226439742559e-02,-1.4823309051404525e-02,3.1311370129097878e-03,-2.6039851691818452e-02,2.7962843572436297e-02,9.2704216570984720e-03,-2.9051964393304496e-02,-1.3088659257570646e-02,2.2820135757198752e-06,4.3480692545037523e-05,1.1614811972526980e-06,1.0792787462045360e-03,1.1374184405377095e-03,1.0760358078532508e-03,3.3492977399789429e-04,3.5297211454411140e-04,3.3392340135050851e-04,3.5127681066573829e-01,1.0337583297075325e-02,6.2702402981643846e-01,-7.1425712761252758e-01,-7.7694720388426300e-03,-6.3210135437739323e-01
3.4528671443168586e+05,2.3135692623416956e-02,2.0895057501368317e-02,2.0629003816468015e-02,2.0895057501368320e-02,2.1084327552165227e-02,2.0480266037519883e-02,2.0629003816468008e-02,2.0480266037519883e-02,2.2209186834513284e-02,1.6957487813228146e-06,4.1274000323389654e-07,2.8746011342220108e-07,4.1274000323389649e-07,1.7144894538135606e-06,4.2717761375303263e-07,2.8746011342220092e-07,4.2717761375303263e-07,1.7039745566019181e-06,0.0000000000000000e+00,0.0000000000000000e+00,0.0000000000000000e+00,0.0000000000000000e+00,0.0000000000000000e+00,0.0000000000000000e+00,0.0000000000000000e+00,0.0000000000000000e+00,0.0000000000000000e+00,7.3057828974835070e-12,-1.3367226169727787e-12,-6.5144771121979493e-13,-1.3367226169727787e-12,7.3872724892608099e-12,-1.4112782531568141e-12,-6.5144771121979513e-13,-1.4112782531568139e-12,7.2745285052488120e-12,2.1519635019349786e-03,-4.2644170798397901e-04,-2.2191780519073361e-04,-4.2644170798397896e-04,2.1911339555382506e-03,-4.4728057207540282e-04,-2.2191780519073380e-04,-4.4728057207540282e-04,2.1467403717632550e-03,2.3953620883060994e-05,1.6261322734985762e-05,1.7949823586205938e-05,1.6261322734986334e-05,1.5964663414473559e-05,1.5439489857545304e-05,1.7949823586205663e-05,1.5439489857543779e-05,2.1907589195180877e-05,4.9409109182950698e+02,1.1107182114206444e+02,7.3990836832767855e+01,1.1107182114206446e+02,5.0144151350737479e+02,1.1573900345614078e+02,7.3990836832767883e+01,1.1573900345614076e+02,4.9736125203167092e+02,-9.5283308492030585e+00,-8.5783669320611846e+00,-8.4575407553806805e+00,-8.5783669320613445e+00,-8.6799597440056626e+00,-8.4115216062048503e+00,-8.4575407553805722e+00,-8.4115216062044631e+00,-9.1535282819929744e+00,6.9860270441592043e-01,5.9040127630214245e-01,-3.4599049505354640e-01,-3.4518346542709459e-02,5.6574190064076302e-01,8.5970704659949271e-01,-7.1455404101866127e-01,5.7324125397969039e-01,-3.7419821489987126e-01,-1.0070828426015949e-02,-2.9450327137086160e-02,-9.8455299321219252e-03,-3.0011157914598932e-03,-3.0111934932016939e-02,2.9657805553562556e-02,8.0522864728507434e-03,-3.1350424911620545e-02,-1.3912132677349717e-02,7.0768677731001661e-01,6.2817356450614692e-01,-3.8572492401864750e-01,-2.2662578655942938e-02,5.0955790679944135e-01,8.2508797632327402e-01,-7.0627798928662566e-01,5.8981679904132855e-01,-4.1702863453417205e-01,-8.6153075264429908e-03,-3.5450503891415963e-02,-1.4796525197514039e-02,3.1082642982634967e-03,-2.6072779027484352e-02,2.7977312802942089e-02,9.2647471410215055e-03,-2.9052710977289467e-02,-1.3089246582337269e-02,2.4173184419635322e-06,4.5627493722793892e-05,1.2019355915186877e-06,1.1563624218601820e-03,1.2167711409374091e-03,1.1529513947939607e-03,3.3489919349010035e-04,3.5239442761072245e-04,3.3391131097865320e-04,-6.4691529993271657e-01,-6.9249351028528184e-03,-5.2027697066670986e-01,-4.4513416089999264e-01,-7.8038285195819804e-03,-7.1807748589676956e-01
3.6998138035561534e+05,2.4250299979888503e-02,2.1889593965610639e-02,2.1593595022140956e-02,2.1889593965610646e-02,2.2070920482095042e-02,2.1449580315337013e-02,2.1593595022140959e-02,2.1449580315337009e-02,2.3265209332892989e-02,1.6929310471315755e-06,4.1019833276951206e-07,2.8496334307278759e-07,4.1019833276951232e-07,1.7119557334290202e-06,4.2469313509264065e-07,2.8496334307278769e-07,4.2469313509264049e-07,1.7012855164286977e-06,0.0000000000000000e+00,0.0000000000000000e+00,0.0000000000000000e+00,0.0000000000000000e+00,0.0000000000000000e+00,0.0000000000000000e+00,0.0000000000000000e+00,0.0000000000000000e+00,0.0000000000000000e+00,7.3057828974835086e-12,-1.3367226169727789e-12,-6.5144771121979493e-13,-1.3367226169727789e-12,7.3872724892608099e-12,-1.4112782531568141e-12,-6.5144771121979523e-13,-1.4112782531568141e-12,7.2745285052488128e-12,2.1530210512438305e-03,-4.2571327680847646e-04,-2.2112581356787067e-04,-4.2571327680847640e-04,2.1918165339252383e-03,-4.4659073690571951e-04,-2.2112581356787092e-04,-4.4659073690571903e-04,2.1476996655651033e-03,2.3550108039014136e-05,1.5988399479406443e-05,1.7609400648681159e-05,1.5988399479405996e-05,1.5645175613361703e-05,1.5175153677772754e-05,1.7609400648681027e-05,1.5175153677771744e-05,2.1517534075498328e-05,4.9368305009412353e+02,1.1070440824969620e+02,7.3630261705706189e+01,1.1070440824969619e+02,5.0107464146408535e+02,1.1537967676046623e+02,7.3630261705706232e+01,1.1537967676046614e+02,4.9697148809659939e+02,-9.3352844724917219e+00,-8.4005820757083836e+00,-8.2756707067908373e+00,-8.4005820757082965e+00,-8.4925929713941919e+00,-8.2350005803190669e+00,-8.2756707067907396e+00,-8.2350005803188306e+00,-8.9624865795294131e+00,6.9854606600114477e-01,5.9047121420706528e-01,-3.4590396121628747e-01,-3.4678075446350487e-02,5.6572935355602016e-01,8.5971675648309243e-01,-7.1460189571697141e-01,5.7318171876659862e-01,-3.7425603625158105e-01,-1.0055903877162499e-02,-2.9477094011876460e-02,-9.8798649311044456e-03,-2.9667273410942429e-03,-3.0092360442534834e-02,2.9638737304453697e-02,8.0642867923499690e-03,-3.1341853188687568e-02,-1.3924837028444203e-02,7.0766895453091405e-01,6.2828608155212395e-01,-3.8565369819964995e-01,-2.2794010894541365e-02,5.0953163414821656e-01,8.2509326714614006e-01,-7.0629254536184283e-01,5.8972206379069980e-01,-4.1708482886518156e-01,-8.6192861397380270e-03,-3.5419116632544378e-02,-1.4769546967202679e-02,3.0841735831338892e-03,-2.6104958595532649e-02,2.7991348306151315e-02,9.2589334343726078e-03,-2.9054886311105924e-02,-1.3090747677410404e-02,2.5602240986988772e-06,4.7864567720602410e-05,1.2438257487543395e-06,1.2389523313943466e-03,1.3017071071336533e-03,1.2353664572500550e-03,3.3486883318384878e-04,3.5183043694860818e-04,3.3389962923611365e-04,-1.5203171665341633e-01,-1.7012890925854340e-03,-4.6626136356419817e-01,7.5904893471871782e-01,8.1666366808505961e-03,7.4990894132776686e-01
3.9644219162949972e+05,2.5411438099506630e-02,2.2924740724636999e-02,2.2596512558330426e-02,2.2924740724636999e-02,2.3097527089510881e-02,2.2458268176004718e-02,2.2596512558330423e-02,2.2458268176004718e-02,2.4364733602549267e-02,1.6901822037997300e-06,4.0772126165975790e-07,2.8253278820957102e-07,4.0772126165975790e-07,1.7094876781294053e-06,4.2227249354427264e-07,2.8253278820957107e-07,4.2227249354427264e-07,1.6986640285368712e-06,0.0000000000000000e+00,0.0000000000000000e+00,0.0000000000000000e+00,0.0000000000000000e+00,0.0000000000000000e+00,0.0000000000000000e+00,0.0000000000000000e+00,0.0000000000000000e+00,0.0000000000000000e+00,7.3057828974835070e-12,-1.3367226169727787e-12,-6.5144771121979493e-13,-1.3367226169727787e-12,7.3872724892608099e-12,-1.4112782531568141e-12,-6.5144771121979513e-13,-1.4112782531568141e-12,7.2745285052488128e-12,2.1540584341194170e-03,-4.2499956856246709e-04,-2.2035193080812833e-04,-4.2499956856246703e-04,2.1924838838126718e-03,-4.4591512594596591e-04,-2.2035193080812850e-04,-4.4591512594596569e-04,2.1486396478319703e-03,2.3144815097739538e-05,1.5713226215091642e-05,1.7268116398030613e-05,1.5713226215091157e-05,1.5327384950152989e-05,1.4908936173986960e-05,1.7268116398030152e-05,1.4908936173985367e-05,2.1126901725554848e-05,4.9328437974112063e+02,1.1034576802204812e+02,7.3278688915569546e+01,1.1034576802204815e+02,5.0071674231296305e+02,1.1502903475388470e+02,7.3278688915569589e+01,1.1502903475388466e+02,4.9659094928343268e+02,-9.1432476675423029e+00,-8.2237605838973131e+00,-8.0949885151635890e+00,-8.2237605838972172e+00,-8.3067870135814967e+00,-8.0595497478893634e+00,-8.0949885151633811e+00,-8.0595497478889779e+00,-8.7727112172598432e+00,6.9849029643997762e-01,5.9053983811604938e-01,-3.4581925435621236e-01,-3.4836110681451794e-02,5.6571775585354289e-01,8.5972541147996628e-01,-7.1464894620081509e-01,5.7312258527466342e-01,-3.7431456285328374e-01,-1.0040478363359964e-02,-2.9504142184607271e-02,-9.9142096016965470e-03,-2.9309187958372796e-03,-3.0073335171134141e-02,2.9620232032254338e-02,8.0767180892696126e-03,-3.1332453839795667e-02,-1.3936230135858783e-02,7.0765152758869621e-01,6.2839656830327095e-01,-3.8558367053943238e-01,-2.2924185430267151e-02,5.0950716707967125e-01,8.2509786907318039e-01,-7.0630669190191675e-01,5.8962777394009691e-01,-4.1714112077070092e-01,-8.6234579656291731e-03,-3.5387123765158353e-02,-1.4742394368809019e-02,3.0588878940157249e-03,-2.6136345495894560e-02,2.8004934605205044e-02,9.2530039088678084e-03,-2.9058470011367098e-02,-1.3093170957179587e-02,2.7110569398322805e-06,5.0195065199346413e-05,1.2872034807893338e-06,1.3274419165892632e-03,1.3926222569214642e-03,1.3236742611524581e-03,3.3483870905189669e-04,3.5128003182440220e-04,3.3388834213425887e-04,5.3273874990666892e-01,3.3896318921557088e-03,8.0261408371083731e-01,-5.4557347634191855e-01,-5.6721460593358143e-03,-3.5894024723082979e-01
4.2479546174171584e+05,2.6620751417502773e-02,2.4001911396940800e-02,2.3639061368535282e-02,2.4001911396940807e-02,2.4165545540518325e-02,2.3507698642226380e-02,2.3639061368535282e-02,2.3507698642226377e-02,2.5509287949376961e-02,1.6875014738414322e-06,4.0530795559943184e-07,2.8016748862013870e-07,4.0530795559943194e-07,1.7070843266194213e-06,4.1991482098986003e-07,2.8016748862013870e-07,4.1991482098986003e-07,1.6961092271836360e-06,0.0000000000000000e+00,0.0000000000000000e+00,0.0000000000000000e+00,0.0000000000000000e+00,0.0000000000000000e+00,0.0000000000000000e+00,0.0000000000000000e+00,0.0000000000000000e+00,0.0000000000000000e+00,7.3057828974835070e-12,-1.3367226169727787e-12,-6.5144771121979493e-13,-1.3367226169727787e-12,7.3872724892608099e-12,-1.4112782531568141e-12,-6.5144771121979513e-13,-1.4112782531568139e-12,7.2745285052488120e-12,2.1550755388875468e-03,-4.2430064080911607e-04,-2.1959611475474617e-04,-4.2430064080911661e-04,2.1931360846081981e-03,-4.4525377500773084e-04,-2.1959611475474682e-04,-4.4525377500773079e-04,2.1495602788520144e-03,2.2738106699342847e-05,1.5436181977355998e-05,1.6926413790164012e-05,1.5436181977356079e-05,1.5011478100533400e-05,1.4641198236288818e-05,1.6926413790163277e-05,1.4641198236288917e-05,2.0736018730893694e-05,4.9289501659256109e+02,1.0999582585166506e+02,7.2936026009539347e+01,1.0999582585166520e+02,5.0036772053590408e+02,1.1468699686631987e+02,7.2936026009539546e+01,1.1468699686631987e+02,4.9621955636142326e+02,-8.9523504268004199e+00,-8.0480383378172924e+00,-7.9156372069548251e+00,-8.0480383378172800e+00,-8.1226501934353834e+00,-7.8853002379168942e+00,-7.9156372069546626e+00,-7.8853002379168817e+00,-8.5843237261297780e+00,6.9843541537614073e-01,5.9060713784348018e-01,-3.4573637394171436e-01,-3.4992350393111174e-02,5.6570706443360730e-01,8.5973306158391549e-01,-7.1469517915905112e-01,5.7306390702220400e-01,-3.7437368145088096e-01,-1.0024587961522290e-02,-2.9531433285461393e-02,-9.9485311800685313e-03,-2.8937360707764368e-03,-3.0054876511182431e-02,2.9602311837990475e-02,8.0895473847464525e-03,-3.1322249164022313e-02,-1.3946291668469033e-02,7.0763449524352129e-01,6.2850500535587772e-01,-3.8551486008576191e-01,-2.3053012236138194e-02,5.0948443170404834e-01,8.2510181726397391e-01,-7.0632043426602542e-01,5.8953401982127163e-01,-4.1719743061353087e-01,-8.6278028796986164e-03,-3.5354583815243555e-02,-1.4715088595835903e-02,3.0324358301841575e-03,-2.6166900531508771e-02,2.8018058819670882e-02,9.2469805008816418e-03,-2.9063436953761179e-02,-1.3096519147193200e-02,2.8701510659662277e-06,5.2622243207435526e-05,1.3321224753931485e-06,1.4222527469099357e-03,1.4899407247277441e-03,1.4182961965741173e-03,3.3480883742931651e-04,3.5074308906662895e-04,3.3387743615690270e-04,-4.9328160732615528e-01,-1.1897471003467414e-03,-7.8509104207322500e-01,5.6561832814386137e-01,5.0453825932811978e-03,3.8697015720155126e-01
4.5517653803357092e+05,2.7879940403541068e-02,2.5122569369655619e-02,2.4722594240749129e-02,2.5122569369655616e-02,2.5276423343789507e-02,2.4599289265754071e-02,2.4722594240749133e-02,2.4599289265754068e-02,2.6700453600909956e-02,1.6848880361719870e-06,4.0295753947900663e-07,2.7786644141385971e-07,4.0295753947900663e-07,1.7047446855183615e-06,4.1761921118643995e-07,2.7786644141385976e-07,4.1761921118644000e-07,1.6936202079929688e-06,0.0000000000000000e+00,0.0000000000000000e+00,0.0000000000000000e+00,0.0000000000000000e+00,0.0000000000000000e+00,0.0000000000000000e+00,0.0000000000000000e+00,0.0000000000000000e+00,0.0000000000000000e+00,7.3057828974835070e-12,-1.3367226169727787e-12,-6.5144771121979503e-13,-1.3367226169727787e-12,7.3872724892608099e-12,-1.4112782531568141e-12,-6.5144771121979513e-13,-1.4112782531568139e-12,7.2745285052488128e-12,2.1560722812759381e-03,-4.2361652782458979e-04,-2.1885829589319587e-04,-4.2361652782458951e-04,2.1937732298297481e-03,-4.4460669813710521e-04,-2.1885829589319574e-04,-4.4460669813710526e-04,2.1504615431557489e-03,2.2330351596103816e-05,1.5157639838392868e-05,1.6584723258351077e-05,1.5157639838392564e-05,1.4697640062248894e-05,1.4372294004372685e-05,1.6584723258351734e-05,1.4372294004372240e-05,2.0345212885328563e-05,4.9251488814288643e+02,1.0965449923619488e+02,7.2602172313612769e+01,1.0965449923619478e+02,5.0002747404998553e+02,1.1435347501862744e+02,7.2602172313612726e+01,1.1435347501862745e+02,4.9585722248134516e+02,-8.7627196611434020e+00,-7.8735464550677339e+00,-7.7377537447501306e+00,-7.8735464550677019e+00,-7.9402867174046143e+00,-7.7123782366028921e+00,-7.7377537447502505e+00,-7.7123782366028264e+00,-8.3974419956164148e+00,6.9838144062228935e-01,5.9067310546393448e-01,-3.4565531660317039e-01,-3.5146698005793349e-02,5.6569723595531363e-01,8.5973975721270468e-01,-7.1474058287188402e-01,5.7300573544809852e-01,-3.7443328044658214e-01,-1.0008268486942364e-02,-2.9558929532105125e-02,-9.9827973451095762e-03,-2.8552303377987229e-03,-3.0036998705055992e-02,2.9584995181718348e-02,8.1027422022657367e-03,-3.1311263970068150e-02,-1.3955009246742957e-02,7.0761785571411695e-01,6.2861137690006741e-01,-3.8544728347722684e-01,-2.3180405482774800e-02,5.0946335310790336e-01,8.2510514702348992e-01,-7.0633377837018729e-01,5.8944088893168178e-01,-4.1725368082387021e-01,-8.6323017980115668e-03,-3.5321554585333183e-02,-1.4687651824285386e-02,3.0048511302381703e-03,-2.6196590088684600e-02,2.8030710591402958e-02,9.2408837577167748e-03,-2.9069757537686355e-02,-1.3100789613915500e-02,3.0378484666010789e-06,5.5149470592743806e-05,1.3786383550285710e-06,1.5238365312374952e-03,1.5941168757861368e-03,1.5196837890798320e-03,3.3477923484823965e-04,3.5021947367343547e-04,3.3386689824679627e-04,-1.2109934126455673e-02,-2.7773652007549066e-03,3.3835684135185040e-01,-7.3792027600442700e-01,-2.9147983983870683e-03,-8.0282890678801067e-01
4.8773044779419107e+05,2.9190764321118234e-02,2.6288230310174212e-02,2.5848514299634438e-02,2.6288230310174208e-02,2.6431659783857725e-02,2.5734508568095889e-02,2.5848514299634431e-02,2.5734508568095886e-02,2.7939867320983729e-02,1.6823410284729232e-06,4.0066910033349515e-07,2.7562860480950722e-07,4.0066910033349515e-07,1.7024677320209686e-06,4.1538472273924920e-07,2.7562860480950717e-07,4.1538472273924904e-07,1.6911960304955757e-06,0.0000000000000000e+00,0.0000000000000000e+00,0.0000000000000000e+00,0.0000000000000000e+00,0.0000000000000000e+00,0.0000000000000000e+00,0.0000000000000000e+00,0.0000000000000000e+00,0.0000000000000000e+00,7.3057828974835086e-12,-1.3367226169727787e-12,-6.5144771121979503e-13,-1.3367226169727787e-12,7.3872724892608099e-12,-1.4112782531568143e-12,-6.5144771121979523e-13,-1.4112782531568143e-12,7.2745285052488128e-12,2.1570486043561710e-03,-4.2294724120708622e-04,-2.1813837864442126e-04,-4.2294724120708600e-04,2.1943954267080712e-03,-4.4397388826266141e-04,-2.1813837864442071e-04,-4.4397388826266146e-04,2.1513434492543820e-03,2.1921920899512201e-05,1.4877965878985139e-05,1.6243461550040924e-05,1.4877965878985644e-05,1.4386053306653260e-05,1.4102569957366457e-05,1.6243461550040199e-05,1.4102569957366127e-05,1.9954811687944856e-05,4.9214391387547283e+02,1.0932169818936427e+02,7.2277019467067987e+01,1.0932169818936418e+02,4.9969589458177586e+02,1.1402837404182311e+02,7.2277019467067845e+01,1.1402837404182311e+02,4.9550385352787083e+02,-8.5744788148400559e+00,-7.7004110096697076e+00,-7.5614687560647535e+00,-7.7004110096697937e+00,-7.7597964233423014e+00,-7.5409047362127000e+00,-7.5614687560645857e+00,-7.5409047362125792e+00,-8.2121799445877652e+00,6.9832838815293485e-01,5.9073773524774587e-01,-3.4557607629650505e-01,-3.5299062493092233e-02,5.6568822708773692e-01,8.5974554890799437e-01,-7.1478514719967157e-01,5.7294811972837134e-01,-3.7449325043462639e-01,-9.9915554341233406e-03,-2.9586593814821628e-02,-1.0016976380615614e-02,-2.8154575260235636e-03,-3.0019712958850163e-02,2.9568296997864011e-02,8.1162706030983005e-03,-3.1299525375418892e-02,-1.3962378026255339e-02,7.0760160671463057e-01,6.2871567062106748e-01,-3.8538095497466790e-01,-2.3306283801211403e-02,5.0944385582598650e-01,8.2510789360110515e-01,-7.0634673062594711e-01,5.8934846559922993e-01,-4.1730979622220266e-01,-8.6369366346185552e-03,-3.5288093017727479e-02,-1.4660107020450100e-02,2.9761722318177330e-03,-2.6225385978184888e-02,2.8042881994306781e-02,9.2347328839066066e-03,-2.9077397976129290e-02,-1.3105974712885151e-02,3.2144992483509221e-06,5.7780233740773596e-05,1.4268087371066447e-06,1.6326772734656060e-03,1.7056374640871312e-03,1.6283208549251582e-03,3.3474991787975296e-04,3.4970903945018083e-04,3.3385671579238071e-04,7.2182116135869490e-01,1.8804606184674815e-03,7.4775897069644259e-01,6.8846068799781404e-02,-2.4580114011278314e-03,4.3886078207546264e-01
5.2261259056365862e+05,3.0555044161016971e-02,2.7500464823246799e-02,2.7018277623757383e-02,2.7500464823246796e-02,2.7632808495688641e-02,2.6914878620766386e-02,2.7018277623757383e-02,2.6914878620766386e-02,2.9229224182858907e-02,1.6798595496577322e-06,3.9844169033289581e-07,2.7345290193337180e-07,3.9844169033289581e-07,1.7002524165810799e-06,4.1321038209916764e-07,2.7345290193337175e-07,4.1321038209916748e-07,1.6888357207339907e-06,0.0000000000000000e+00,0.0000000000000000e+00,0.0000000000000000e+00,0.0000000000000000e+00,0.0000000000000000e+00,0.0000000000000000e+00,0.0000000000000000e+00,0.0000000000000000e+00,0.0000000000000000e+00,7.3057828974835070e-12,-1.3367226169727787e-12,-6.5144771121979493e-13,-1.3367226169727787e-12,7.3872724892608099e-12,-1.4112782531568141e-12,-6.5144771121979513e-13,-1.4112782531568141e-12,7.2745285052488120e-12,2.1580044783410788e-03,-4.2229277056570434e-04,-2.1743624273086362e-04,-4.2229277056570402e-04,2.1950027957338943e-03,-4.4335531791189260e-04,-2.1743624273086354e-04,-4.4335531791189336e-04,2.1522060292599021e-03,2.1513186373111001e-05,1.4597518223733692e-05,1.5903030695866069e-05,1.4597518223734157e-05,1.4076896983218626e-05,1.3832364066909782e-05,1.5903030695865249e-05,1.3832364066908994e-05,1.9565140896998756e-05,4.9178200560486505e+02,1.0899732566819034e+02,7.1960451969118822e+01,1.0899732566819024e+02,4.9937286805439118e+02,1.1371159210979393e+02,7.1960451969118822e+01,1.1371159210979415e+02,4.9515934849196776e+02,-8.3877475108186701e+00,-7.5287527858166277e+00,-7.3869063072872185e+00,-7.5287527858167103e+00,-7.5812745595400672e+00,-7.3709953174691867e+00,-7.3869063072870125e+00,-7.3709953174689593e+00,-8.0286472239194886e+00,6.9827627210410315e-01,5.9080102359182052e-01,-3.4549864446843082e-01,-3.5449358602035595e-02,5.6567999474314778e-01,8.5975048705450408e-01,-7.1482886356711817e-01,5.7289110661541731e-01,-3.7455348469126776e-01,-9.9744839154318095e-03,-2.9614389775121618e-02,-1.0051037319414839e-02,-2.7744778176281106e-03,-3.0003027574432222e-02,2.9552228832130059e-02,8.1301012234578918e-03,-3.1287062595057188e-02,-1.3968400248637453e-02,7.0758574549014330e-01,6.2881787759283425e-01,-3.8531588650350151e-01,-2.3430570508175232e-02,5.0942586428407055e-01,8.2511009200348873e-01,-7.0635929788123497e-01,5.8925683068148715e-01,-4.1736570430637787e-01,-8.6416902582733563e-03,-3.5254255067939395e-02,-1.4632477760774691e-02,2.9464418209613312e-03,-2.6253265241920547e-02,2.8054567430206810e-02,9.2285457908064476e-03,-2.9086320606788271e-02,-1.3112062149589442e-02,3.4004619118691057e-06,6.0518142655037813e-05,1.4766932959086331e-06,1.7492935822440712e-03,1.8250239443752293e-03,1.7447258103924521e-03,3.3472090298425225e-04,3.4921162967139151e-04,3.3384687661479708e-04,3.8465496624572043e-01,2.2552975624095758e-03,9.8298567914321303e-02,5.9884117175551321e-01,-6.7306005316305800e-04,8.5709794028692088e-01
5.5998947994919750e+05,3.1974665758411423e-02,2.8760901261767845e-02,2.8233395995105947e-02,2.8760901261767832e-02,2.8881480188775645e-02,2.8141977773134059e-02,2.8233395995105940e-02,2.8141977773134062e-02,3.0570280509715771e-02,1.6774426624197980e-06,3.9627432979422364e-07,2.7133822460033668e-07,3.9627432979422359e-07,1.6980976656013042e-06,4.1109518656539796e-07,2.7133822460033662e-07,4.1109518656539791e-07,1.6865382739146974e-06,0.0000000000000000e+00,0.0000000000000000e+00,0.0000000000000000e+00,0.0000000000000000e+00,0.0000000000000000e+00,0.0000000000000000e+00,0.0000000000000000e+00,0.0000000000000000e+00,0.0000000000000000e+00,7.3057828974835070e-12,-1.3367226169727789e-12,-6.5144771121979503e-13,-1.3367226169727789e-12,7.3872724892608116e-12,-1.4112782531568145e-12,-6.5144771121979523e-13,-1.4112782531568143e-12,7.2745285052488128e-12,2.1589399002443711e-03,-4.2165308428122400e-04,-2.1675174460003330e-04,-4.2165308428122514e-04,2.1955954701550458e-03,-4.4275093998856577e-04,-2.1675174460003397e-04,-4.4275093998856534e-04,2.1530493383942499e-03,2.1104518782675120e-05,1.4316646144996271e-05,1.5563817112538876e-05,1.4316646144996118e-05,1.3770346179817265e-05,1.3562005017580220e-05,1.5563817112538534e-05,1.3562005017580813e-05,1.9176523149424196e-05,4.9142906784150244e+02,1.0868127801299170e+02,7.1652347733152126e+01,1.0868127801299200e+02,4.9905827498437594e+02,1.1340302118216874e+02,7.1652347733152297e+01,1.1340302118216863e+02,4.9482359986012932e+02,-8.2026412275233334e+00,-7.3586870657027417e+00,-7.2141837222433640e+00,-7.3586870657026848e+00,-7.4048115950277031e+00,-7.2027599655603218e+00,-7.2141837222433089e+00,-7.2027599655604453e+00,-7.8469489515780753e+00,6.9822510478112831e-01,5.9086296894657508e-01,-3.4542301022324251e-01,-3.5597507036261480e-02,5.6567249629092331e-01,8.5975462162031757e-01,-7.1487172494134399e-01,5.7283474030029558e-01,-3.7461387961471726e-01,-9.9570885996053248e-03,-2.9642281877666210e-02,-1.0084950062821608e-02,-2.7323551406387603e-03,-2.9986948096324517e-02,2.9536798996937424e-02,8.1442033114482431e-03,-3.1273906722374116e-02,-1.3973084772995843e-02,7.0757026884973184e-01,6.2891799216545385e-01,-3.8525208770252822e-01,-2.3553193791676703e-02,5.0940930320977196e-01,8.2511177682241676e-01,-7.0637148736482369e-01,5.8916606130071225e-01,-4.1742133550536359e-01,-8.6465464524997700e-03,-3.5220095588785569e-02,-1.4604788061725629e-02,2.9157063836580052e-03,-2.6280209929417993e-02,2.8065763512691994e-02,9.2223391448289158e-03,-2.9096484220238805e-02,-1.3119035351605095e-02,3.5961036799375144e-06,6.3366937397546768e-05,1.5283538264012605e-06,1.8742411458893299e-03,1.9528349491991942e-03,1.8694541462877180e-03,3.3469220637133429e-04,3.4872707776159584e-04,3.3383736895509463e-04,3.3421704091498483e-01,1.5493995501560938e-03,1.7723529729101597e-02,6.1272398505951220e-01,-8.5602267820226714e-04,8.5808797911822710e-01
6.0003953849553177e+05,3.3451583104100020e-02,3.0071228700364577e-02,2.9495439789170786e-02,3.0071228700364581e-02,3.0179345529851430e-02,2.9417443536809716e-02,2.9495439789170776e-02,2.9417443536809709e-02,3.1964856992299097e-02,1.6750893958441696e-06,3.9416601019598942e-07,2.6928343705231118e-07,3.9416601019598942e-07,1.6960023841128378e-06,4.0903810727525212e-07,2.6928343705231118e-07,4.0903810727525223e-07,1.6843026570896456e-06,0.0000000000000000e+00,0.0000000000000000e+00,0.0000000000000000e+00,0.0000000000000000e+00,0.0000000000000000e+00,0.0000000000000000e+00,0.0000000000000000e+00,0.0000000000000000e+00,0.0000000000000000e+00,7.3057828974835070e-12,-1.3367226169727787e-12,-6.5144771121979493e-13,-1.3367226169727787e-12,7.3872724892608099e-12,-1.4112782531568141e-12,-6.5144771121979513e-13,-1.4112782531568139e-12,7.2745285052488120e-12,2.1598548934105041e-03,-4.2102813033059375e-04,-2.1608471889085894e-04,-4.2102813033059386e-04,2.1961735954293001e-03,-4.4216068860316134e-04,-2.1608471889085913e-04,-4.4216068860316134e-04,2.1538734543958471e-03,2.0696286314211861e-05,1.4035689239781485e-05,1.5226190839585099e-05,1.4035689239781043e-05,1.3466571240989818e-05,1.3291811497929633e-05,1.5226190839585343e-05,1.3291811497929310e-05,1.8789276653647567e-05,4.9108499817568435e+02,1.0837344539682191e+02,7.1352578644165618e+01,1.0837344539682195e+02,4.9875199088549414e+02,1.1310254745407904e+02,7.1352578644165632e+01,1.1310254745407904e+02,4.9449649401722604e+02,-8.0192710082923124e+00,-7.1903234514244749e+00,-7.0434114443949216e+00,-7.1903234514243923e+00,-7.2304930609162037e+00,-7.0363029195282714e+00,-7.0434114443949456e+00,-7.0363029195282181e+00,-7.6671854805519182e+00,6.9817489667355237e-01,5.9092357173935239e-01,-3.4534916048544828e-01,-3.5743434595631320e-02,5.6566568975150688e-01,8.5975800191911544e-01,-7.1491372580500645e-01,5.7277906229839770e-01,-3.7467433511859927e-01,-9.9394036499454684e-03,-2.9670235475611755e-02,-1.0118685483515244e-02,-2.6891566644049836e-03,-2.9971477470679679e-02,2.9522012742519345e-02,8.1585467642527609e-03,-3.1260090504874903e-02,-1.3976446586967143e-02,7.0755517319962091e-01,6.2901601184693290e-01,-3.8518956598060272e-01,-2.3674086862125347e-02,5.0939409800976765e-01,8.2511298207813411e-01,-7.0638330663181115e-01,5.8907623061553160e-01,-4.1747662339724489e-01,-8.6514898754477404e-03,-3.5185668224694003e-02,-1.4577062221264040e-02,2.8840157551796078e-03,-2.6306206849063138e-02,2.8076468941083437e-02,9.2161284180439628e-03,-2.9107844401021203e-02,-1.3126873846570648e-02,3.8018008789442767e-06,6.6330494909263389e-05,1.5818543101251005e-06,2.0081153842698256e-03,2.0896689428080693e-03,2.0031010794103587e-03,3.3466384387014511e-04,3.4825520798970321e-04,3.3382818146162463e-04,6.6241623803267236e-01,-6.7071633075795476e-05,6.2357533355704853e-01,1.6941883840655847e-01,-1.3144332719570873e-03,5.8304624448967690e-01
6.4295394940382650e+05,3.4987821861329038e-02,3.1433200081901966e-02,3.0806041015005812e-02,3.1433200081901966e-02,3.1528138194242834e-02,3.0742975636499172e-02,3.0806041015005812e-02,3.0742975636499168e-02,3.3414841994463824e-02,1.6727987480650672e-06,3.9211569717699505e-07,2.6728737963054485e-07,3.9211569717699500e-07,1.6939654584304546e-06,4.0703809216402527e-07,2.6728737963054480e-07,4.0703809216402537e-07,1.6821278118501184e-06,0.0000000000000000e+00,0.0000000000000000e+00,0.0000000000000000e+00,0.0000000000000000e+00,0.0000000000000000e+00,0.0000000000000000e+00,0.0000000000000000e+00,0.0000000000000000e+00,0.0000000000000000e+00,7.3057828974835070e-12,-1.3367226169727787e-12,-6.5144771121979493e-13,-1.3367226169727787e-12,7.3872724892608099e-12,-1.4112782531568141e-12,-6.5144771121979513e-13,-1.4112782531568139e-12,7.2745285052488120e-12,2.1607495069238983e-03,-4.2041783716665183e-04,-2.1543497992862837e-04,-4.2041783716665162e-04,2.1967373286386578e-03,-4.4158447994853346e-04,-2.1543497992862837e-04,-4.4158447994853384e-04,2.1546784768324877e-03,2.0288853069127649e-05,1.3754976682856309e-05,1.4890504908351445e-05,1.3754976682857007e-05,1.3165737145818736e-05,1.3022091564464454e-05,1.4890504908351939e-05,1.3022091564463763e-05,1.8403713962325506e-05,4.9074968767746310e+02,1.0807371228103328e+02,7.1061011115277822e+01,1.0807371228103324e+02,4.9845388667664980e+02,1.1281005180967985e+02,7.1061011115277822e+01,1.1281005180967993e+02,4.9417791165978201e+02,-7.8377432038534627e+00,-7.0237657206265300e+00,-6.8746929412941480e+00,-7.0237657206267317e+00,-7.0583994223055377e+00,-6.8717225545001828e+00,-6.8746929412942670e+00,-6.8717225545000309e+00,-7.4894521996960455e+00,6.9812565647725744e-01,5.9098283429532039e-01,-3.4527708016259751e-01,-3.5887074274694487e-02,5.6565953396969304e-01,8.5976067639557163e-01,-7.1495486212428216e-01,5.7272411135816037e-01,-3.7473475497201136e-01,-9.9214626632639670e-03,-2.9698216869314426e-02,-1.0152215508883317e-02,-2.6449523013972096e-03,-2.9956616213880877e-02,2.9507872440737676e-02,8.1731021646968757e-03,-3.1245648117178684e-02,-1.3978506306802850e-02,7.0754045457293979e-01,6.2911193718063485e-01,-3.8512832657905588e-01,-2.3793188062927521e-02,5.0938017511177380e-01,8.2511374107890256e-01,-7.0639476351406094e-01,5.8898740762951429e-01,-4.1753150489258256e-01,-8.6565060218254837e-03,-3.5151025316517252e-02,-1.4549324671679385e-02,2.8514226755203113e-03,-2.6331247298371906e-02,2.8086684366418188e-02,9.2099279385012556e-03,-2.9120353877470081e-02,-1.3135553642746725e-02,4.0179393757954998e-06,6.9412836232635687e-05,1.6372609833943910e-06,2.1515542903190487e-03,2.2361670645284501e-03,2.1463043936527275e-03,3.3463583081090939e-04,3.4779583617176890e-04,3.3381930317760234e-04,2.9209611664500382e-02,-8.1744997926128994e-04,4.5717382727930955e-01,-6.6848075147387531e-01,5.1664080304711910e-04,-7.1536692453366757e-01
6.8893756916496367e+05,3.6585483100776667e-02,3.2848635548114742e-02,3.2166896515900420e-02,3.2848635548114742e-02,3.2929658096921346e-02,3.2120339238315920e-02,3.2166896515900420e-02,3.2120339238315920e-02,3.4922195058450199e-02,1.6705696889514743e-06,3.9012233350245327e-07,2.6534887236061582e-07,3.9012233350245322e-07,1.6919857587687136e-06,4.0509406887917792e-07,2.6534887236061582e-07,4.0509406887917792e-07,1.6800126570166648e-06,0.0000000000000000e+00,0.0000000000000000e+00,0.0000000000000000e+00,0.0000000000000000e+00,0.0000000000000000e+00,0.0000000000000000e+00,0.0000000000000000e+00,0.0000000000000000e+00,0.0000000000000000e+00,7.3057828974835070e-12,-1.3367226169727787e-12,-6.5144771121979493e-13,-1.3367226169727787e-12,7.3872724892608099e-12,-1.4112782531568141e-12,-6.5144771121979513e-13,-1.4112782531568139e-12,7.2745285052488112e-12,2.1616238149070942e-03,-4.1982211464458574e-04,-2.1480232323502362e-04,-4.1982211464458553e-04,2.1972868378709403e-03,-4.4102221321284328e-04,-2.1480232323502332e-04,-4.4102221321284355e-04,2.1554645263298692e-03,1.9882577644683463e-05,1.3474826558372541e-05,1.4557094840281795e-05,1.3474826558373034e-05,1.2868002946451039e-05,1.2753142080086335e-05,1.4557094840281909e-05,1.2753142080086464e-05,1.8020140830496425e-05,4.9042302130925253e+02,1.0778195787383287e+02,7.0777506639481217e+01,1.0778195787383281e+02,4.9816382909124343e+02,1.1252541027643329e+02,7.0777506639481146e+01,1.1252541027643336e+02,4.9386772821660662e+02,-7.6581592482020078e+00,-6.8591117152653700e+00,-6.7081246495593181e+00,-6.8591117152654855e+00,-6.8886059800431960e+00,-6.7091112959546670e+00,-6.7081246495593723e+00,-6.7091112959546937e+00,-7.3138393672555591e+00,6.9807739112293232e-01,5.9104076075550593e-01,-3.4520675230249448e-01,-3.6028365318637713e-02,5.6565398876764694e-01,8.5976269243378078e-01,-7.1499513131272496e-01,5.7266992339279832e-01,-3.7479504709193812e-01,-9.9032986105341055e-03,-2.9726193358807537e-02,-1.0185513189756707e-02,-2.5998142170817165e-03,-2.9942362587980730e-02,2.9494377778662081e-02,8.1878408163497726e-03,-3.1230614933644402e-02,-1.3979289668758771e-02,7.0752610865943255e-01,6.2920577161866120e-01,-3.8506837264137350e-01,-2.3910440947077539e-02,5.0936746227114438e-01,8.2511408629658256e-01,-7.0640586607213651e-01,5.8889965703658365e-01,-4.1758592038206782e-01,-8.6615811852879775e-03,-3.5116217816116693e-02,-1.4521599842304193e-02,2.8179823499594244e-03,-2.6355326778210567e-02,2.8096412251560472e-02,9.2037509418475220e-03,-2.9133962876576637e-02,-1.3145047609719733e-02,4.2449150721787225e-06,7.2618134160851687e-05,1.6946424080301691e-06,2.3052414747338147e-03,2.3930161751609565e-03,2.2997474842914563e-03,3.3460818191812571e-04,3.4734877037718309e-04,3.3381072352882380e-04,-2.4438811679763625e-01,6.0176136892146328e-04,-6.7782569658867586e-01,6.0673245853219682e-01,-3.6118478375985722e-04,5.0307626813032136e-01
7.3820990546372626e+05,3.8246747267499992e-02,3.4319425966781156e-02,3.3579771342592435e-02,3.4319425966781149e-02,3.4385774815426338e-02,3.3551368367719478e-02,3.3579771342592435e-02,3.3551368367719471e-02,3.6488950622906219e-02,1.6684011628038120e-06,3.8818484198172411e-07,2.6346671843127738e-07,3.8818484198172411e-07,1.6900621418065832e-06,4.0320494763437326e-07,2.6346671843127733e-07,4.0320494763437326e-07,1.6779560913097345e-06,0.0000000000000000e+00,0.0000000000000000e+00,0.0000000000000000e+00,0.0000000000000000e+00,0.0000000000000000e+00,0.0000000000000000e+00,0.0000000000000000e+00,0.0000000000000000e+00,0.0000000000000000e+00,7.3057828974835086e-12,-1.3367226169727789e-12,-6.5144771121979503e-13,-1.3367226169727789e-12,7.3872724892608116e-12,-1.4112782531568143e-12,-6.5144771121979523e-13,-1.4112782531568141e-12,7.2745285052488128e-12,2.1624779157184706e-03,-4.1924085498657620e-04,-2.1418652704065485e-04,-4.1924085498657609e-04,2.1978223015744463e-03,-4.4047377152192744e-04,-2.1418652704065477e-04,-4.4047377152192706e-04,2.1562317437255692e-03,1.9477811806592618e-05,1.3195545271376584e-05,1.4226278270216774e-05,1.3195545271376514e-05,1.2573521267730337e-05,1.2485248227638739e-05,1.4226278270218336e-05,1.2485248227637350e-05,1.7638855163514447e-05,4.9010487834788950e+02,1.0749805658881264e+02,7.0501922333113825e+01,1.0749805658881260e+02,4.9788168108542953e+02,1.1224849447732748e+02,7.0501922333113782e+01,1.1224849447732740e+02,4.9356581427376892e+02,-7.4806154678066079e+00,-6.6964532625854263e+00,-6.5437959583319607e+00,-6.6964532625855151e+00,-6.7211828013995607e+00,-6.5485555649601359e+00,-6.5437959583322627e+00,-6.5485555649598828e+00,-7.1404319765536028e+00,6.9803010581195368e-01,5.9109735699331323e-01,-3.4513815824578875e-01,-3.6167253243235595e-02,5.6564901507733167e-01,8.5976409618904581e-01,-7.1503453218965429e-01,5.7261653143398916e-01,-3.7485512378630537e-01,-9.8849437794656572e-03,-2.9754133289810008e-02,-1.0218552752125999e-02,-2.5538163532996946e-03,-2.9928712780806666e-02,2.9481525959136872e-02,8.2027347772077354e-03,-3.1215027303016177e-02,-1.3978827020345988e-02,7.0751213083350861e-01,6.2929752139248152e-01,-3.8500970528527612e-01,-2.4025794319082847e-02,5.0935588884159766e-01,8.2511404925842979e-01,-7.0641662255058835e-01,5.8881303910235372e-01,-4.1763981385286819e-01,-8.6667024230514134e-03,-3.5081295211013962e-02,-1.4493912033549541e-02,2.7837520222190699e-03,-2.6378444694995676e-02,2.8105656727235851e-02,9.1976096220732009e-03,-2.9148619479839360e-02,-1.3155325854747333e-02,4.4831344579307887e-06,7.5950721341147380e-05,1.7540695448403993e-06,2.4699094283856869e-03,2.5609521209014469e-03,2.4641626200026193e-03,3.3458091121578047e-04,3.4691381163365944e-04,3.3380243231153744e-04,-2.3448629205119356e-01,2.7853156352766765e-05,1.6568769323510318e-01,-5.9410399566908845e-01,5.0215179676867886e-04,-8.2259489386906059e-01
7.9100616502201150e+05,3.9973878395003916e-02,3.5847536669153440e-02,3.5046502312323063e-02,3.5847536669153447e-02,3.5898431218057684e-02,3.5037969530510235e-02,3.5046502312323063e-02,3.5037969530510235e-02,3.8117221967977233e-02,1.6662920910454302e-06,3.8630212832328955e-07,2.6163970755075406e-07,3.8630212832328961e-07,1.6881934531887880e-06,4.0136962399030164e-07,2.6163970755075406e-07,4.0136962399030180e-07,1.6759569959865910e-06,0.0000000000000000e+00,0.0000000000000000e+00,0.0000000000000000e+00,0.0000000000000000e+00,0.0000000000000000e+00,0.0000000000000000e+00,0.0000000000000000e+00,0.0000000000000000e+00,0.0000000000000000e+00,7.3057828974835070e-12,-1.3367226169727785e-12,-6.5144771121979493e-13,-1.3367226169727785e-12,7.3872724892608099e-12,-1.4112782531568141e-12,-6.5144771121979503e-13,-1.4112782531568139e-12,7.2745285052488120e-12,2.1633119310602448e-03,-4.1867393377627976e-04,-2.1358735378851820e-04,-4.1867393377627965e-04,2.1983439078913872e-03,-4.3993902290350925e-04,-2.1358735378851744e-04,-4.3993902290350985e-04,2.1569802891584127e-03,1.9074899259325374e-05,1.2917427039699795e-05,1.3898354689412155e-05,1.2917427039699216e-05,1.2282437867855113e-05,1.2218683098430799e-05,1.3898354689411683e-05,1.2218683098430691e-05,1.7260146057991928e-05,4.8979513281307402e+02,1.0722187850066055e+02,7.0234111467900149e+01,1.0722187850066049e+02,4.9760730224290194e+02,1.1197917207841745e+02,7.0234111467899993e+01,1.1197917207841758e+02,4.9327203600105952e+02,-7.3052029237968368e+00,-6.5358761271678709e+00,-6.3817892289356299e+00,-6.5358761271677128e+00,-6.5561946785363068e+00,-6.3901357531062244e+00,-6.3817892289354825e+00,-6.3901357531061915e+00,-6.9693096530709404e+00,6.9798380405759641e-01,5.9115263052951006e-01,-3.4507127777358881e-01,-3.6303689815783829e-02,5.6564457505309618e-01,8.5976493244264063e-01,-7.1507306493532374e-01,5.7256396560677647e-01,-3.7491490194894089e-01,-9.8664297202146478e-03,-2.9782006093589577e-02,-1.0251309636614907e-02,-2.5070339660865442e-03,-2.9915661088429368e-02,2.9469311905816732e-02,8.2177568908440215e-03,-3.1198922327033328e-02,-1.3977152812805331e-02,7.0749851618079862e-01,6.2938719538124188e-01,-3.8495232368066590e-01,-2.4139202243312702e-02,5.0934538601068102e-01,8.2511366045474333e-01,-7.0642704133647838e-01,5.8872760958052539e-01,-4.1769313297120192e-01,-8.6718575210694513e-03,-3.5046305458652574e-02,-1.4466285300509951e-02,2.7487905588330654e-03,-2.6400604055078131e-02,2.8114423445721563e-02,9.1915151830165489e-03,-2.9164269976728059e-02,-1.3166356093221473e-02,4.7330152252997047e-06,7.9415098862537295e-05,1.8156158301000662e-06,2.6463430180123180e-03,2.7407632303279284e-03,2.6403344381719729e-03,3.3455403194470397e-04,3.4649075462662933e-04,3.3379441968047109e-04,4.5980521548468450e-01,-2.5834942242466009e-04,8.2584676360453102e-01,-4.2028105237732194e-01,2.4445050849214060e-04,-1.1609431168747425e-01
8.4757837638304976e+05,4.1769228583081568e-02,3.7435011412772036e-02,3.6569001768490046e-02,3.7435011412772029e-02,3.7469647312059873e-02,3.6582125551680104e-02,3.6569001768490039e-02,3.6582125551680111e-02,3.9809205403203873e-02,1.6642413748935692e-06,3.8447308391402093e-07,2.5986661916652030e-07,3.8447308391402093e-07,1.6863785299534377e-06,3.9958698155065829e-07,2.5986661916652025e-07,3.9958698155065824e-07,1.6740142374312148e-06,0.0000000000000000e+00,0.0000000000000000e+00,0.0000000000000000e+00,0.0000000000000000e+00,0.0000000000000000e+00,0.0000000000000000e+00,0.0000000000000000e+00,0.0000000000000000e+00,0.0000000000000000e+00,7.3057828974835086e-12,-1.3367226169727789e-12,-6.5144771121979503e-13,-1.3367226169727789e-12,7.3872724892608116e-12,-1.4112782531568143e-12,-6.5144771121979523e-13,-1.4112782531568143e-12,7.2745285052488136e-12,2.1641260050080224e-03,-4.1812121097494821e-04,-2.1300455161774655e-04,-4.1812121097494864e-04,2.1988518539756566e-03,-4.3941782126580438e-04,-2.1300455161774628e-04,-4.3941782126580362e-04,2.1577103411032192e-03,1.8674174518381166e-05,1.2640753465863389e-05,1.3573605302022754e-05,1.2640753465863192e-05,1.1994891259479212e-05,1.1953707354910145e-05,1.3573605302022615e-05,1.1953707354910308e-05,1.6884292937885361e-05,4.8949365389914880e+02,1.0695328979541317e+02,6.9973923988715953e+01,1.0695328979541331e+02,4.9734054917398481e+02,1.1171730722924312e+02,6.9973923988715867e+01,1.1171730722924289e+02,4.9298625557722289e+02,-7.1320072865005466e+00,-6.3774599926857247e+00,-6.2221798482445827e+00,-6.3774599926856741e+00,-6.3937011134770341e+00,-6.2339262256655639e+00,-6.2221798482445463e+00,-6.2339262256655932e+00,-6.8005465819115134e+00,6.9793848773220024e-01,5.9120659044620616e-01,-3.4500608924881493e-01,-3.6437633002118344e-02,5.6564063216499894e-01,8.5976524447897973e-01,-7.1511073104204381e-01,5.7251225312463006e-01,-3.7497430320893799e-01,-9.8477871939176495e-03,-2.9809782320839456e-02,-1.0283760526550102e-02,-2.4595431824899292e-03,-2.9903200097923653e-02,2.9457728470222752e-02,8.2328808155535706e-03,-3.1182337644891232e-02,-1.3974305099641288e-02,7.0748525952365271e-01,6.2947480497847086e-01,-3.8489622513032251e-01,-2.4250624021538315e-02,5.0933588700073640e-01,8.2511294926191703e-01,-7.0643713092075477e-01,5.8864341966288036e-01,-4.1774582913500169e-01,-8.6770349600200948e-03,-3.5011294929947541e-02,-1.4438743347436502e-02,2.7131580477045571e-03,-2.6421811155106865e-02,2.8122719433907171e-02,9.1854778901232434e-03,-2.9180859212584183e-02,-1.3178104009020447e-02,4.9949869457708271e-06,8.3015945361546509e-05,1.8793572552260176e-06,2.8353832318691475e-03,2.9332940611043684e-03,2.8291036901851134e-03,3.3452755649204298e-04,3.4607938838905817e-04,3.3378667613702124e-04,4.2496393456727793e-01,-9.8791097287753940e-05,8.1713527826491361e-01,-4.3319062821058330e-01,2.2760555159175328e-04,-1.3776987240588784e-01
9.0819659299638448e+05,4.3635242757702121e-02,3.9083976586308057e-02,3.8149261557188750e-02,3.9083976586308050e-02,3.9101524327947570e-02,3.8185899648387998e-02,3.8149261557188771e-02,3.8185899648387998e-02,4.1567184715509679e-02,1.6622478979954064e-06,3.8269658851121855e-07,2.5814622553696117e-07,3.8269658851121844e-07,1.6846162028766830e-06,3.9785589456307126e-07,2.5814622553696117e-07,3.9785589456307126e-07,1.6721266696850048e-06,0.0000000000000000e+00,0.0000000000000000e+00,0.0000000000000000e+00,0.0000000000000000e+00,0.0000000000000000e+00,0.0000000000000000e+00,0.0000000000000000e+00,0.0000000000000000e+00,0.0000000000000000e+00,7.3057828974835086e-12,-1.3367226169727789e-12,-6.5144771121979503e-13,-1.3367226169727789e-12,7.3872724892608116e-12,-1.4112782531568143e-12,-6.5144771121979523e-13,-1.4112782531568141e-12,7.2745285052488128e-12,2.1649203029730593e-03,-4.1758253195138789e-04,-2.1243785581827578e-04,-4.1758253195138805e-04,2.1993463453002732e-03,-4.3891000738350482e-04,-2.1243785581827573e-04,-4.3891000738350417e-04,2.1584220953608162e-03,1.8275961887537791e-05,1.2365793187878677e-05,1.3252292988133030e-05,1.2365793187877866e-05,1.1711012390163509e-05,1.1690568965919929e-05,1.3252292988132958e-05,1.1690568965919907e-05,1.6511564786784830e-05,4.8920030640740282e+02,1.0669215321287973e+02,6.9721207014649735e+01,1.0669215321287977e+02,4.9708127590702219e+02,1.1146276099394134e+02,6.9721207014649707e+01,1.1146276099394119e+02,4.9270833161144810e+02,-6.9611087414560897e+00,-6.2212784718276568e+00,-6.0650363131393856e+00,-6.2212784718274676e+00,-6.2337563281418236e+00,-6.0799953513527747e+00,-6.0650363131393270e+00,-6.0799953513527809e+00,-6.6342114644404226e+00,6.9789415711982949e-01,5.9125924730010004e-01,-3.4494256975082810e-01,-3.6569046882473547e-02,5.6563715127388248e-01,8.5976507398427571e-01,-7.1514753326160851e-01,5.7246141830332797e-01,-3.7503325403694671e-01,-9.8290461251934608e-03,-2.9837433669651012e-02,-1.0315883363300105e-02,-2.4114205773082464e-03,-2.9891320868546151e-02,2.9446766638398819e-02,8.2480810504296457e-03,-3.1165311225321245e-02,-1.3970325047973279e-02,7.0747235544582954e-01,6.2956036395783510e-01,-3.8484140515266452e-01,-2.4360024142032317e-02,5.0932732723676177e-01,8.2511194388016262e-01,-7.0644689986226306e-01,5.8856051596105186e-01,-4.1779785749877474e-01,-8.6822238834855844e-03,-3.4976308361901992e-02,-1.4411309431566849e-02,2.6769154162138297e-03,-2.6442075271963766e-02,2.8130552947214713e-02,9.1795071207174256e-03,-2.9198330927856436e-02,-1.3190533603603808e-02,5.2694918113273919e-06,8.6758126682989767e-05,1.9453724499002490e-06,3.0379311932152652e-03,3.1394494142410771e-03,3.0313712545758298e-03,3.3450149633267338e-04,3.4567949697798252e-04,3.3377919251761576e-04,-3.4756027395006583e-01,1.6675947376855005e-04,2.1866653315365414e-02,-4.7726101512328906e-01,3.6298036449341562e-05,-8.2292504941504185e-01
9.7315018234664563e+05,4.5574463732983732e-02,4.0796645674706707e-02,3.9789357238547554e-02,4.0796645674706707e-02,4.0796249057657948e-02,3.9851439754904509e-02,3.9789357238547568e-02,3.9851439754904509e-02,4.3393535896224071e-02,1.6603105290159333e-06,3.8097151283737924e-07,2.5647729464563690e-07,3.8097151283737929e-07,1.6829052987263667e-06,3.9617523041622691e-07,2.5647729464563700e-07,3.9617523041622691e-07,1.6702931369073021e-06,0.0000000000000000e+00,0.0000000000000000e+00,0.0000000000000000e+00,0.0000000000000000e+00,0.0000000000000000e+00,0.0000000000000000e+00,0.0000000000000000e+00,0.0000000000000000e+00,0.0000000000000000e+00,7.3057828974835070e-12,-1.3367226169727787e-12,-6.5144771121979493e-13,-1.3367226169727787e-12,7.3872724892608099e-12,-1.4112782531568143e-12,-6.5144771121979513e-13,-1.4112782531568141e-12,7.2745285052488128e-12,2.1656950106085887e-03,-4.1705772851821746e-04,-2.1188699024798436e-04,-4.1705772851821757e-04,2.1998275949596151e-03,-4.3841540988445954e-04,-2.1188699024798422e-04,-4.3841540988445927e-04,2.1591157640131007e-03,1.7880574542835777e-05,1.2092801607104167e-05,1.2934662365786702e-05,1.2092801607103082e-05,1.1430924380673410e-05,1.1429503012445292e-05,1.2934662365786527e-05,1.1429503012445285e-05,1.6142219476468154e-05,4.8891495117616455e+02,1.0643832847903020e+02,6.9475805321218218e+01,1.0643832847903023e+02,4.9682933427021896e+02,1.1121539177105578e+02,6.9475805321218175e+01,1.1121539177105568e+02,4.9243811955874821e+02,-6.7925819257884354e+00,-6.0673991426905172e+00,-5.9104203433091111e+00,-6.0673991426902587e+00,-6.0764092978944566e+00,-5.9284055569332113e+00,-5.9104203433090179e+00,-5.9284055569332255e+00,-6.4703675027027661e+00,6.9785081097247670e-01,5.9131061303570109e-01,-3.4488069520428610e-01,-3.6697901535139472e-02,5.6563409868892778e-01,8.5976446096585823e-01,-7.1518347555104367e-01,5.7241148259226604e-01,-3.7509168580946323e-01,-9.8102355591388624e-03,-2.9864933007792058e-02,-1.0347657354402179e-02,-2.3627427714199454e-03,-2.9880013109797470e-02,2.9436415735542197e-02,8.2633329579626397e-03,-3.1147881167592321e-02,-1.3965256461330403e-02,7.0745979831546135e-01,6.2964388833855311e-01,-3.8478785756876338e-01,-2.4467372200926180e-02,5.0931964448248945e-01,8.2511067128545212e-01,-7.0645635675531049e-01,5.8847894051819527e-01,-4.1784917696944446e-01,-8.6874140658977396e-03,-3.4941388819116279e-02,-1.4384006275898845e-02,2.6401240653230354e-03,-2.6461408355123960e-02,2.8137933325579435e-02,9.1736114152319633e-03,-2.9216628086187614e-02,-1.3203607532058093e-02,5.5569854419709991e-06,9.0646706136693605e-05,2.0137427688408424e-06,3.2549524607854399e-03,3.3601986350252915e-03,3.2481024371893491e-03,3.3447586198221497e-04,3.4529086013451060e-04,3.3377195998226129e-04,1.9153179785920327e-01,-1.1469700585041094e-04,-2.7620082760967379e-01,5.4075357600331664e-01,-1.5059395491959456e-05,7.6954094617454261e-01
1.0427492072799283e+06,4.7589537597190215e-02,4.2575324004641465e-02,4.1491452552460298e-02,4.2575324004641452e-02,4.2556098465858283e-02,4.1580983119048891e-02,4.1491452552460291e-02,4.1580983119048884e-02,4.5290732167871876e-02,1.6584281241654925e-06,3.7929672106907912e-07,2.5485859295105984e-07,3.7929672106907906e-07,1.6812446424178575e-06,3.9454385202583337e-07,2.5485859295105978e-07,3.9454385202583332e-07,1.6685124757559545e-06,0.0000000000000000e+00,0.0000000000000000e+00,0.0000000000000000e+00,0.0000000000000000e+00,0.0000000000000000e+00,0.0000000000000000e+00,0.0000000000000000e+00,0.0000000000000000e+00,0.0000000000000000e+00,7.3057828974835086e-12,-1.3367226169727789e-12,-6.5144771121979503e-13,-1.3367226169727789e-12,7.3872724892608116e-12,-1.4112782531568143e-12,-6.5144771121979523e-13,-1.4112782531568141e-12,7.2745285052488128e-12,2.1664503326711869e-03,-4.1654661996747049e-04,-2.1135166870514936e-04,-4.1654661996746995e-04,2.2002958229712707e-03,-4.3793384623084608e-04,-2.1135166870514925e-04,-4.3793384623084646e-04,2.1597915743524977e-03,1.7488313723902853e-05,1.1822020690702242e-05,1.2620939944104390e-05,1.1822020690703470e-05,1.1154742319206158e-05,1.1170731561168405e-05,1.2620939944105235e-05,1.1170731561168743e-05,1.5776503190833100e-05,4.8863744550622141e+02,1.0619167272643764e+02,6.9237561802005800e+01,1.0619167272643749e+02,4.9658457426231274e+02,1.1097505570031322e+02,6.9237561802005757e+01,1.1097505570031331e+02,4.9217547212711804e+02,-6.6264958936447691e+00,-5.9158836098270973e+00,-5.7583870196140330e+00,-5.9158836098274108e+00,-5.9217038069537642e+00,-5.7792134048250681e+00,-5.7583870196143039e+00,-5.7792134048251587e+00,-6.3090724100778779e+00,6.9780844657172214e-01,5.9136070089860837e-01,-3.4482044050042998e-01,-3.6824172897063585e-02,5.6563144220916572e-01,8.5976344369076751e-01,-7.1521856301435027e-01,5.7236246462161677e-01,-3.7514953483594321e-01,-9.7913836225981647e-03,-2.9892254389507399e-02,-1.0379062971949456e-02,-2.3135860544276667e-03,-2.9869265354777828e-02,2.9426663626465292e-02,8.2786127835046668e-03,-3.1130085512784289e-02,-1.3959145321128932e-02,7.0744758230754068e-01,6.2972539625100976e-01,-3.8473557458806079e-01,-2.4572642800379681e-02,5.0931277894669358e-01,8.2510915719443267e-01,-7.0646551019952575e-01,5.8839873084825511e-01,-4.1789975018079206e-01,-8.6925958822899434e-03,-3.4906577663665096e-02,-1.4356855991326899e-02,2.6028455257782520e-03,-2.6479824724532679e-02,2.8144870852864969e-02,9.1677985269219206e-03,-2.9235693189015814e-02,-1.3217287423425298e-02,5.8579377616221037e-06,9.4686955394928610e-05,2.0845523824355212e-06,3.4874816367704651e-03,3.5965802210993327e-03,3.4803315788874455e-03,3.3445066296120842e-04,3.4491325392432766e-04,3.3376497000329466e-04,-5.5638978297603947e-01,4.1944740843289222e-06,-6.2940711727006604e-01,1.7464759139977405e-02,-7.7118102969048180e-05,-5.1276368941517114e-01
1.1173259061216542e+06,4.9683219446728516e-02,4.4422413792136066e-02,4.3257804160099347e-02,4.4422413792136080e-02,4.4383444595486370e-02,4.3376861191426266e-02,4.3257804160099361e-02,4.3376861191426266e-02,4.7261349333369930e-02,1.6565995296560421e-06,3.7767107321278441e-07,2.5328888796697017e-07,3.7767107321278441e-07,1.6796330590663944e-06,3.9296062010343910e-07,2.5328888796697011e-07,3.9296062010343915e-07,1.6667835176793601e-06,0.0000000000000000e+00,0.0000000000000000e+00,0.0000000000000000e+00,0.0000000000000000e+00,0.0000000000000000e+00,0.0000000000000000e+00,0.0000000000000000e+00,0.0000000000000000e+00,0.0000000000000000e+00,7.3057828974835086e-12,-1.3367226169727789e-12,-6.5144771121979503e-13,-1.3367226169727789e-12,7.3872724892608116e-12,-1.4112782531568143e-12,-6.5144771121979523e-13,-1.4112782531568141e-12,7.2745285052488128e-12,2.1671864918480278e-03,-4.1604901409892883e-04,-2.1083159625008143e-04,-4.1604901409892915e-04,2.2007512555819986e-03,-4.3746512368904241e-04,-2.1083159625008181e-04,-4.3746512368904219e-04,2.1604497677949436e-03,1.7099468032112547e-05,1.1553678845683131e-05,1.2311334359309221e-05,1.1553678845683057e-05,1.0882573109281447e-05,1.0914463602707606e-05,1.2311334359309513e-05,1.0914463602707758e-05,1.5414649943458602e-05,4.8836764357922408e+02,1.0595204090103908e+02,6.9006317908286491e+01,1.0595204090103917e+02,4.9634684441062615e+02,1.1074160705482717e+02,6.9006317908286576e+01,1.1074160705482711e+02,4.9192023967450365e+02,-6.4629141092086373e+00,-5.7667875880391311e+00,-5.6089849452004357e+00,-5.7667875880391266e+00,-5.7696785239496791e+00,-5.6324696917696349e+00,-5.6089849452005094e+00,-5.6324696917696828e+00,-6.1503784464980775e+00,6.9776705979251552e-01,5.9140952534912716e-01,-3.4476177961250387e-01,-3.6947842597021115e-02,5.6562915114998524e-01,8.5976205864248445e-01,-7.1525280184378159e-01,5.7231438026405523e-01,-3.7520674234979717e-01,-9.7725174898835067e-03,-2.9919373066914060e-02,-1.0410081944595832e-02,-2.2640260330576241e-03,-2.9859065127833866e-02,2.9417496910624726e-02,8.2938976715343799e-03,-3.1111962066254099e-02,-1.3952039346614271e-02,7.0743570142504264e-01,6.2980490780304654e-01,-3.8468454689799375e-01,-2.4675815423678225e-02,5.0930667336157753e-01,8.2510742604172427e-01,-7.0647436877286596e-01,5.8831992000063493e-01,-4.1794954344272239e-01,-8.6977602784637023e-03,-3.4871914533103267e-02,-1.4329880008234316e-02,2.5651411347018126e-03,-2.6497340776138190e-02,2.8151376620546967e-02,9.1620754714156691e-03,-2.9255468574904579e-02,-1.3231534183769780e-02,6.1728339446779701e-06,9.8884366079737308e-05,2.1578883714669315e-06,3.7366273042957073e-03,3.8497067596254967e-03,3.7291669927901811e-03,3.3442590776990938e-04,3.4454645135618484e-04,3.3375821435434886e-04,-5.3002449486544201e-01,-6.3572723498950204e-06,-4.7996974679338117e-01,-1.0017393544302375e-01,-5.0358553561455309e-05,-6.4738910599523791e-01
1.1972362786514522e+06,5.1858379494297974e-02,4.6340419516167027e-02,4.5090766684453852e-02,4.6340419516167033e-02,4.6280759790458516e-02,4.5241504830661118e-02,4.5090766684453838e-02,4.5241504830661111e-02,4.9308071472301797e-02,1.6548235840763859e-06,3.7609342736176636e-07,2.5176695067000876e-07,3.7609342736176631e-07,1.6780693759314280e-06,3.9142439530342653e-07,2.5176695067000876e-07,3.9142439530342647e-07,1.6651050911126496e-06,0.0000000000000000e+00,0.0000000000000000e+00,0.0000000000000000e+00,0.0000000000000000e+00,0.0000000000000000e+00,0.0000000000000000e+00,0.0000000000000000e+00,0.0000000000000000e+00,0.0000000000000000e+00,7.3057828974835070e-12,-1.3367226169727787e-12,-6.5144771121979493e-13,-1.3367226169727787e-12,7.3872724892608099e-12,-1.4112782531568141e-12,-6.5144771121979513e-13,-1.4112782531568139e-12,7.2745285052488120e-12,2.1679037275603020e-03,-4.1556470823523629e-04,-2.1032647047086221e-04,-4.1556470823523602e-04,2.2011941245819815e-03,-4.3700904028300374e-04,-2.1032647047086194e-04,-4.3700904028300353e-04,2.1610905987848182e-03,1.6714312834062318e-05,1.1287990861024946e-05,1.2006036685342194e-05,1.1287990861023684e-05,1.0614515368740570e-05,1.0660895051031825e-05,1.2006036685342318e-05,1.0660895051032584e-05,1.5056881186272719e-05,4.8810539686700793e+02,1.0571928615376306e+02,6.8781914065532092e+01,1.0571928615376298e+02,4.9611599211527175e+02,1.1051489861745651e+02,6.8781914065532035e+01,1.1051489861745645e+02,4.9167227059390513e+02,-6.3018944656700908e+00,-5.6201610069386341e+00,-5.4622564265761522e+00,-5.6201610069383285e+00,-5.6203670958626484e+00,-5.4882195666036990e+00,-5.4622564265761522e+00,-5.4882195666039069e+00,-5.9943324764676884e+00,6.9772664517088057e-01,5.9145710197685408e-01,-3.4470468570419660e-01,-3.7068897770392822e-02,5.6562719635605363e-01,8.5976034049423633e-01,-7.1528619925844461e-01,5.7226724270898466e-01,-3.7526325446788561e-01,-9.7536633541114685e-03,-2.9946265496482573e-02,-1.0440697242505393e-02,-2.2141373043623185e-03,-2.9849399105155747e-02,2.9408901110229375e-02,8.3091656775292101e-03,-3.1093548232113414e-02,-1.3943987577294146e-02,7.0742414951915156e-01,6.2988244494737444e-01,-3.8463476375213956e-01,-2.4776874291622310e-02,5.0930127303555939e-01,8.2510550096832991e-01,-7.0648294100722753e-01,5.8824253664771509e-01,-4.1799852667273080e-01,-8.7028987425523674e-03,-3.4837437326410890e-02,-1.4303099015154436e-02,2.5270717354550104e-03,-2.6513974697295349e-02,2.8157462396702616e-02,9.1564485748055011e-03,-2.9275896701744946e-02,-1.3246308282449382e-02,6.5021754358130577e-06,1.0324466209370034e-04,2.2338408260963824e-06,4.0035773179605246e-03,4.1207702170420329e-03,3.9957962546224371e-03,3.3440160387305422e-04,3.4419022297616994e-04,3.3375168509955599e-04,-1.0130275261915266e-01,-2.8344279229269601e-05,-6.6130032658722260e-01,5.1200683203718156e-01,1.6545927816922211e-05,4.4986005828524023e-01
1.2828617855058622e+06,5.4118009579645528e-02,4.8331953644114918e-02,4.6992798075074775e-02,4.8331953644114911e-02,4.8250622260435957e-02,4.7177449849807200e-02,4.6992798075074768e-02,4.7177449849807193e-02,5.1433697011086250e-02,1.6530991206778496e-06,3.7456264182961455e-07,2.5029155773344137e-07,3.7456264182961444e-07,1.6765524242495107e-06,3.8993404024473872e-07,2.5029155773344131e-07,3.8993404024473872e-07,1.6634760235718235e-06,0.0000000000000000e+00,0.0000000000000000e+00,0.0000000000000000e+00,0.0000000000000000e+00,0.0000000000000000e+00,0.0000000000000000e+00,0.0000000000000000e+00,0.0000000000000000e+00,0.0000000000000000e+00,7.3057828974835070e-12,-1.3367226169727787e-12,-6.5144771121979493e-13,-1.3367226169727787e-12,7.3872724892608099e-12,-1.4112782531568143e-12,-6.5144771121979523e-13,-1.4112782531568141e-12,7.2745285052488128e-12,2.1686022947528263e-03,-4.1509349021826215e-04,-2.0983598268913513e-04,-4.1509349021826253e-04,2.2016246666312061e-03,-4.3656538572637177e-04,-2.0983598268913537e-04,-4.3656538572637188e-04,2.1617143337000003e-03,1.6333109767938731e-05,1.1025157914019433e-05,1.1705220810775244e-05,1.1025157914018313e-05,1.0350659377016405e-05,1.0410208800213902e-05,1.1705220810775611e-05,1.0410208800213554e-05,1.4703405506098834e-05,4.8785055452989911e+02,1.0549326021574470e+02,6.8564190065978366e+01,1.0549326021574481e+02,4.9589186397843918e+02,1.1029478204021930e+02,6.8564190065978437e+01,1.1029478204021932e+02,4.9143141168505957e+02,-6.1434893284112286e+00,-5.4760481342722471e+00,-5.3182376719105067e+00,-5.4760481342720162e+00,-5.4737982585484088e+00,-5.3465026651408927e+00,-5.3182376719105271e+00,-5.3465026651408536e+00,-5.8409760480375015e+00,6.9768719597298301e-01,5.9150344741637673e-01,-3.4464913123111640e-01,-3.7187330854005038e-02,5.6562555020172878e-01,8.5975832209757030e-01,-7.1531876344284007e-01,5.7222106254805705e-01,-3.7531902212152046e-01,-9.7348464033317761e-03,-2.9972909340303961e-02,-1.0470893058315606e-02,-2.1639931560183579e-03,-2.9840253268018466e-02,2.9400860850596091e-02,8.3243957763921850e-03,-3.1074880860335562e-02,-1.3935039976934020e-02,7.0741292030880998e-01,6.2995803135085959e-01,-3.8458621305997137e-01,-2.4875808202378027e-02,5.0929652588242924e-01,8.2510340382043423e-01,-7.0649123536633651e-01,5.8816660519262143e-01,-4.1804667330797951e-01,-8.7080032764080603e-03,-3.4803182197380364e-02,-1.4276532906131513e-02,2.4886973987924138e-03,-2.6529746193488853e-02,2.8163140500715507e-02,9.1509235218011718e-03,-2.9296920410885760e-02,-1.3261570019509372e-02,6.8464810459142342e-06,1.0777381275261372e-04,2.3125029493280668e-06,4.2896044726864965e-03,4.4110476065918978e-03,4.2814918714186882e-03,3.3437775769390508e-04,3.4384433743597087e-04,3.3374537458299893e-04,-6.6895062950960399e-02,5.9468738583634953e-06,4.9786768561486122e-01,-4.9981087542928032e-01,-2.0000795606978273e-05,-6.1792783048627542e-01
1.3746111691211176e+06,5.6465230113802015e-02,5.0399742737084488e-02,4.8966465324218070e-02,5.0399742737084481e-02,5.0295722014590018e-02,4.9187342931191043e-02,4.8966465324218077e-02,4.9187342931191057e-02,5.3641145196106001e-02,1.6514249695630751e-06,3.7307757715706802e-07,2.4886149358717212e-07,3.7307757715706802e-07,1.6750810409532925e-06,3.8848842140505920e-07,2.4886149358717212e-07,3.8848842140505936e-07,1.6618951436408378e-06,0.0000000000000000e+00,0.0000000000000000e+00,0.0000000000000000e+00,0.0000000000000000e+00,0.0000000000000000e+00,0.0000000000000000e+00,0.0000000000000000e+00,0.0000000000000000e+00,0.0000000000000000e+00,7.3057828974835070e-12,-1.3367226169727787e-12,-6.5144771121979493e-13,-1.3367226169727787e-12,7.3872724892608116e-12,-1.4112782531568143e-12,-6.5144771121979513e-13,-1.4112782531568139e-12,7.2745285052488128e-12,2.1692824626788946e-03,-4.1463513938189660e-04,-2.0935981910290228e-04,-4.1463513938189660e-04,2.2020431226013513e-03,-4.3613394232915639e-04,-2.0935981910290242e-04,-4.3613394232915644e-04,2.1623212497643325e-03,1.5956106349501777e-05,1.0765367636611940e-05,1.1409043873807982e-05,1.0765367636612006e-05,1.0091087067654905e-05,1.0162574834440964e-05,1.1409043873807394e-05,1.0162574834441523e-05,1.4354418405261042e-05,4.8760296380240220e+02,1.0527381375614371e+02,6.8352985436748980e+01,1.0527381375614371e+02,4.9567430611793611e+02,1.1008110818592652e+02,6.8352985436749009e+01,1.1008110818592652e+02,4.9119750851145756e+02,-5.9877456005771323e+00,-5.3344877159793613e+00,-5.1769590038943756e+00,-5.3344877159793365e+00,-5.3299959620538884e+00,-5.2073532601763004e+00,-5.1769590038942654e+00,-5.2073532601764025e+00,-5.6903454908503193e+00,6.9764870426660641e-01,5.9154857926413917e-01,-3.4459508803772637e-01,-3.7303139366594851e-02,5.6562418658060676e-01,8.5975603448478510e-01,-7.1535050348404017e-01,5.7217584787031461e-01,-3.7537400095995777e-01,-9.7160908016629965e-03,-2.9999283462962781e-02,-1.0500654781967388e-02,-2.1136652936250507e-03,-2.9831613047589925e-02,2.9393360031621931e-02,8.3395678672258198e-03,-3.1055996106713109e-02,-1.3925247063650933e-02,7.0740200739850190e-01,6.3003169226563638e-01,-3.8453888147549886e-01,-2.4972610354664915e-02,5.0929238242922859e-01,8.2510115515729443e-01,-7.0649926022706488e-01,5.8809214589518566e-01,-4.1809396020303369e-01,-8.7130663688331552e-03,-3.4769183555003212e-02,-1.4250200735689568e-02,2.4500771690748541e-03,-2.6544676227951466e-02,2.8168423684539496e-02,9.1455054016282636e-03,-2.9318483172214700e-02,-1.3277279773741000e-02,7.2062881274742831e-06,1.1247804678333985e-04,2.3939711651387298e-06,4.5960725779277877e-03,4.7219070606012584e-03,4.5876173556456202e-03,3.3435437461681400e-04,3.4350856203360365e-04,3.3373927541842949e-04,2.8896628386253742e-01,7.5635695045740734e-06,7.8397240927273093e-01,-3.9131632520198184e-01,-1.0617282789526169e-05,-7.0122834222921204e-02
1.4729224049085146e+06,5.8903297490208346e-02,5.2546633965349691e-02,5.1014450563649401e-02,5.2546633965349705e-02,5.2418867193441257e-02,5.1273947939102955e-02,5.1014450563649422e-02,5.1273947939102948e-02,5.5933463001211457e-02,1.6497999597717684e-06,3.7163709799004701e-07,2.4747555230568646e-07,3.7163709799004717e-07,1.6736540702751443e-06,3.8708641088623226e-07,2.4747555230568641e-07,3.8708641088623232e-07,1.6603612828476944e-06,0.0000000000000000e+00,0.0000000000000000e+00,0.0000000000000000e+00,0.0000000000000000e+00,0.0000000000000000e+00,0.0000000000000000e+00,0.0000000000000000e+00,0.0000000000000000e+00,0.0000000000000000e+00,7.3057828974835086e-12,-1.3367226169727789e-12,-6.5144771121979513e-13,-1.3367226169727789e-12,7.3872724892608116e-12,-1.4112782531568145e-12,-6.5144771121979523e-13,-1.4112782531568143e-12,7.2745285052488144e-12,2.1699445136893164e-03,-4.1418942749684839e-04,-2.0889766186406851e-04,-4.1418942749684801e-04,2.2024497369363565e-03,-4.3571448587526680e-04,-2.0889766186406848e-04,-4.3571448587526713e-04,2.1629116339744545e-03,1.5583535673709579e-05,1.0508794237300858e-05,1.1117646747336491e-05,1.0508794237300465e-05,9.8358720628914901e-06,9.9181503870217839e-06,1.1117646747337194e-05,9.9181503870209402e-06,1.4010102161921273e-05,4.8736247036473389e+02,1.0506079672169567e+02,6.8148139783219506e+01,1.0506079672169557e+02,4.9546316446425311e+02,1.0987372745133699e+02,6.8148139783219492e+01,1.0987372745133707e+02,4.9097040574155585e+02,-5.8347048091346911e+00,-5.1955131309656828e+00,-5.0384450845943123e+00,-5.1955131309656402e+00,-5.1889795089312276e+00,-5.0708004246462988e+00,-5.0384450845944224e+00,-5.0708004246461460e+00,-5.5424720313408473e+00,6.9761116099317444e-01,5.9159251599735441e-01,-3.4454252744541292e-01,-3.7416325676137473e-02,5.6562308088519608e-01,8.5975350688340191e-01,-7.1538142930929427e-01,5.7213160436505495e-01,-3.7542815123457945e-01,-9.6974196755532805e-03,-3.0025367923716979e-02,-1.0529968973564724e-02,-2.0632235956324504e-03,-2.9823463461162318e-02,2.9386381990078075e-02,8.3546627743876292e-03,-3.1036929306118326e-02,-1.3914659562977780e-02,7.0739140429642622e-01,6.3010345440290816e-01,-3.8449275448579795e-01,-2.5067278162498791e-02,5.0928879580527975e-01,8.2509877426737088e-01,-7.0650702386163000e-01,5.8801917501290413e-01,-4.1814036751361250e-01,-8.7180809681469840e-03,-3.4735474070953641e-02,-1.4224120681579489e-02,2.4112688314860075e-03,-2.6558786774882603e-02,2.8173325020737414e-02,9.1401987541925751e-03,-2.9340529309334663e-02,-1.3293398230995127e-02,7.5821538331800459e-06,1.1736386725546416e-04,2.4783452314644336e-06,4.9244429662322351e-03,5.0548143364104788e-03,4.9156337337376392e-03,3.3433145899753626e-04,3.4318266322552418e-04,3.3373338047926269e-04,-3.3116420984054434e-01,-7.6039954670567259e-06,7.4716291172733360e-02,-3.3139731686889501e-01,-2.4776196376615126e-06,-7.7690455551017534e-01
1.5782647919764738e+06,6.1435611998752922e-02,5.4775602066477878e-02,5.3139557573489885e-02,5.4775602066477878e-02,5.4622990830045008e-02,5.3440152661967243e-02,5.3139557573489905e-02,5.3440152661967243e-02,5.8313832503435727e-02,1.6482229212584346e-06,3.7024007482783591e-07,2.4613253932679785e-07,3.7024007482783581e-07,1.6722703652348005e-06,3.8572688805069930e-07,2.4613253932679785e-07,3.8572688805069930e-07,1.6588732774266705e-06,0.0000000000000000e+00,0.0000000000000000e+00,0.0000000000000000e+00,0.0000000000000000e+00,0.0000000000000000e+00,0.0000000000000000e+00,0.0000000000000000e+00,0.0000000000000000e+00,0.0000000000000000e+00,7.3057828974835070e-12,-1.3367226169727787e-12,-6.5144771121979503e-13,-1.3367226169727787e-12,7.3872724892608099e-12,-1.4112782531568141e-12,-6.5144771121979513e-13,-1.4112782531568139e-12,7.2745285052488120e-12,2.1705887420333239e-03,-4.1375611968377633e-04,-2.0844919008934098e-04,-4.1375611968377633e-04,2.2028447570342788e-03,-4.3530678646779426e-04,-2.0844919008934090e-04,-4.3530678646779431e-04,2.1634857820470445e-03,1.5215616207382367e-05,1.0255598673965077e-05,1.0831154566368963e-05,1.0255598673964712e-05,9.5850797469620727e-06,9.6770801439911723e-06,1.0831154566369559e-05,9.6770801439906234e-06,1.3670625765391000e-05,4.8712891869903564e+02,1.0485405865742658e+02,6.7949493107593682e+01,1.0485405865742658e+02,4.9525828504067709e+02,1.0967249007138837e+02,6.7949493107593682e+01,1.0967249007138838e+02,4.9074994747333716e+02,-5.6844032094848904e+00,-5.0591525586032722e+00,-4.9027151498579489e+00,-5.0591525586032278e+00,-5.0507637037879656e+00,-4.9368682060142106e+00,-4.9027151498580483e+00,-4.9368682060141191e+00,-5.3973819231725919e+00,6.9757455604101615e-01,5.9163527689450146e-01,-3.4449142033786717e-01,-3.7526896758306574e-02,5.6562220997823887e-01,8.5975076674172912e-01,-7.1541155162316106e-01,5.7208833543141413e-01,-3.7548143766020486e-01,-9.6788551056625829e-03,-3.0051143964644568e-02,-1.0558823330564838e-02,-2.0127358928079550e-03,-2.9815789239402077e-02,2.9379909651870425e-02,8.3696622441934935e-03,-3.1017714858791325e-02,-1.3903328089198660e-02,7.0738110443023372e-01,6.3017334580950313e-01,-3.8444781649765020e-01,-2.5159813056136470e-02,5.0928572171425890e-01,8.2509627919157158e-01,-7.0651453442374934e-01,5.8794770495514170e-01,-4.1818587857032358e-01,-8.7230404569599608e-03,-3.4702084693166553e-02,-1.4198310012788481e-02,2.3723287053276881e-03,-2.6572100587302108e-02,2.8177857797597201e-02,9.1350076132946465e-03,-2.9363004204887494e-02,-1.3309886594692582e-02,7.9746564618356696e-06,1.2243806752050643e-04,2.5657283582085887e-06,5.2762814672139393e-03,5.4113397869195732e-03,5.2671065201138866e-03,3.3430901418046645e-04,3.4286640710922203e-04,3.3372768288886728e-04,4.4475706817322286e-01,3.4227951782690958e-06,3.6677030871549021e-01,7.1509584365559431e-02,-3.3863259334787015e-06,6.8124087183453796e-01
1.6911411933796073e+06,6.4065726281418295e-02,5.7089756781029025e-02,5.5344718736625366e-02,5.7089756781029045e-02,5.6911158074035302e-02,5.5688976017881593e-02,5.5344718736625359e-02,5.5688976017881586e-02,6.0785578763228265e-02,1.6466926867581404e-06,3.6888538564133026e-07,2.4483127300512520e-07,3.6888538564133037e-07,1.6709287890112027e-06,3.8440874102960901e-07,2.4483127300512509e-07,3.8440874102960880e-07,1.6574299699647567e-06,0.0000000000000000e+00,0.0000000000000000e+00,0.0000000000000000e+00,0.0000000000000000e+00,0.0000000000000000e+00,0.0000000000000000e+00,0.0000000000000000e+00,0.0000000000000000e+00,0.0000000000000000e+00,7.3057828974835086e-12,-1.3367226169727789e-12,-6.5144771121979513e-13,-1.3367226169727789e-12,7.3872724892608116e-12,-1.4112782531568145e-12,-6.5144771121979523e-13,-1.4112782531568141e-12,7.2745285052488136e-12,2.1712154526788404e-03,-4.1333497529147032e-04,-2.0801408080387048e-04,-4.1333497529147059e-04,2.2032284326528348e-03,-4.3491060933933875e-04,-2.0801408080387096e-04,-4.3491060933933848e-04,2.1640439973920908e-03,1.4852551667782541e-05,1.0005928872899236e-05,1.0549677290364424e-05,1.0005928872898960e-05,9.3387673747618984e-06,9.4394964878789573e-06,1.0549677290363660e-05,9.4394964878784270e-06,1.3336144921332121e-05,4.8690215242917014e+02,1.0465344900806625e+02,6.7756886102835622e+01,1.0465344900806635e+02,4.9505951422606898e+02,1.0947724640417735e+02,6.7756886102835736e+01,1.0947724640417731e+02,4.9053597754148444e+02,-5.5368719066696412e+00,-4.9254291570095461e+00,-4.7697832509504581e+00,-4.9254291570094626e+00,-4.9153590123486737e+00,-4.8055758100093282e+00,-4.7697832509502449e+00,-4.8055758100091772e+00,-5.2550965910040395e+00,6.9753887831753258e-01,5.9167688195817747e-01,-3.4444173723903315e-01,-3.7634863944951920e-02,5.6562155215669341e-01,8.5974783976368030e-01,-7.1544088184651788e-01,5.7204604229284184e-01,-3.7553382926217094e-01,-9.6604181233865827e-03,-3.0076593994666088e-02,-1.0587206655553887e-02,-1.9622677752334171e-03,-2.9808574944559983e-02,2.9373925674483964e-02,8.3845489384034022e-03,-3.0998386129808458e-02,-1.3891302848739852e-02,7.0737110116274626e-01,6.3024139574766846e-01,-3.8440405092494290e-01,-2.5250220277824399e-02,5.0928311839175711e-01,8.2509368675278183e-01,-7.0652179993591013e-01,5.8787774444777552e-01,-4.1823047974111893e-01,-8.7279386254798808e-03,-3.4669044665734970e-02,-1.4172785065104334e-02,2.3333114561080292e-03,-2.6584640979634245e-02,2.8182035421492811e-02,9.1299355507660999e-03,-2.9385854485646099e-02,-1.3326706776098292e-02,8.3843968964349492e-06,1.2770774823810029e-04,2.6562273304767935e-06,5.6532658802203595e-03,5.7931658289191116e-03,5.6437131899673542e-03,3.3428704252202443e-04,3.4255955987577496e-04,3.3372217601114994e-04,4.2685574936084020e-01,8.5975784300482774e-07,3.3724961363917544e-01,6.8925004113840782e-02,-2.7095127995367834e-06,6.8857464125079071e-01
1.8120904365888145e+06,6.6797354370931997e-02,5.9492350803075751e-02,5.7633002474338405e-02,5.9492350803075758e-02,5.9286573914292089e-02,5.8023575759680576e-02,5.7633002474338425e-02,5.8023575759680562e-02,6.3352178248004126e-02,1.6452080935374674e-06,3.6757191736215939e-07,2.4357058600512287e-07,3.6757191736215939e-07,1.6696282161994620e-06,3.8313086810405592e-07,2.4357058600512287e-07,3.8313086810405587e-07,1.6560302109313108e-06,0.0000000000000000e+00,0.0000000000000000e+00,0.0000000000000000e+00,0.0000000000000000e+00,0.0000000000000000e+00,0.0000000000000000e+00,0.0000000000000000e+00,0.0000000000000000e+00,0.0000000000000000e+00,7.3057828974835070e-12,-1.3367226169727789e-12,-6.5144771121979503e-13,-1.3367226169727789e-12,7.3872724892608099e-12,-1.4112782531568143e-12,-6.5144771121979523e-13,-1.4112782531568141e-12,7.2745285052488128e-12,2.1718249601584950e-03,-4.1292574873746235e-04,-2.0759200981754279e-04,-4.1292574873746224e-04,2.2036010153405686e-03,-4.3452571562525573e-04,-2.0759200981754295e-04,-4.3452571562525562e-04,2.1645865901169944e-03,1.4494530981574323e-05,9.7599199892578156e-06,1.0273310293482443e-05,9.7599199892575293e-06,9.0969842124087436e-06,9.2055197771554876e-06,1.0273310293483605e-05,9.2055197771546524e-06,1.3006802121510123e-05,4.8668201464329530e+02,1.0445881739992244e+02,6.7570160422279898e+01,1.0445881739992244e+02,4.9486669900010941e+02,1.0928784719656177e+02,6.7570160422279926e+01,1.0928784719656174e+02,4.9032833980666481e+02,-5.3921369912176722e+00,-4.7943612502143118e+00,-4.6396585012490723e+00,-4.7943612502143180e+00,-4.7827717283537465e+00,-4.6769377919058499e+00,-4.6396585012492944e+00,-4.6769377919057149e+00,-5.1156327857083106e+00,6.9750411582291716e-01,5.9171735184035446e-01,-3.4439344838482322e-01,-3.7740242672501409e-02,5.6562108710957593e-01,8.5974474995172079e-01,-7.1546943205435931e-01,5.7200472411526193e-01,-3.7558529921062112e-01,-9.6421287112332422e-03,-3.0101701569933061e-02,-1.0615108818194902e-02,-1.9118824269906290e-03,-2.9801805079677959e-02,2.9368412579017716e-02,8.3993064252637084e-03,-3.0978975361192828e-02,-1.3878633372840347e-02,7.0736138780726254e-01,6.3030763457843719e-01,-3.8436144027028968e-01,-2.5338508673148494e-02,5.0928094655011036e-01,8.2509101259056039e-01,-7.0652882827815044e-01,5.8780929870627752e-01,-4.1827416029072673e-01,-8.7327696474326002e-03,-3.4636381554405911e-02,-1.4147561224628909e-02,2.2942699340612986e-03,-2.6596431625438843e-02,2.8185871326602292e-02,9.1249857169930816e-03,-2.9409028187678897e-02,-1.3343821564051839e-02,8.8120001395415152e-06,1.3318033557373210e-04,2.7499526372058053e-06,6.0571939813556883e-03,6.2020949447414708e-03,6.0472511864977088e-03,3.3426554541936141e-04,3.4226188823206077e-04,3.3371685344145462e-04,-3.4004602667905842e-01,-4.1492132698106586e-07,2.3897751184368512e-02,-2.3664561308577875e-01,1.5913642645336613e-06,-7.5919969249580666e-01
1.9416898856413586e+06,6.9634381356483227e-02,6.1986788285101083e-02,6.0007621200913581e-02,6.1986788285101090e-02,6.1752591438211740e-02,6.0447256717907655e-02,6.0007621200913568e-02,6.0447256717907655e-02,6.6017267840260754e-02,1.6437679850287274e-06,3.6629856724425887e-07,2.4234932653921597e-07,3.6629856724425882e-07,1.6683675339544897e-06,3.8189217896159976e-07,2.4234932653921587e-07,3.8189217896159982e-07,1.6546728600907414e-06,0.0000000000000000e+00,0.0000000000000000e+00,0.0000000000000000e+00,0.0000000000000000e+00,0.0000000000000000e+00,0.0000000000000000e+00,0.0000000000000000e+00,0.0000000000000000e+00,0.0000000000000000e+00,7.3057828974835070e-12,-1.3367226169727789e-12,-6.5144771121979503e-13,-1.3367226169727789e-12,7.3872724892608116e-12,-1.4112782531568143e-12,-6.5144771121979523e-13,-1.4112782531568139e-12,7.2745285052488128e-12,2.1724175874472101e-03,-4.1252819030885093e-04,-2.0718265253450856e-04,-4.1252819030885115e-04,2.2039627578953080e-03,-4.3415186309808711e-04,-2.0718265253450848e-04,-4.3415186309808679e-04,2.1651138760657258e-03,1.4141728318304709e-05,9.5176947041338954e-06,1.0002134976133567e-05,9.5176947041341647e-06,8.8597717062701899e-06,8.9752586569253016e-06,1.0002134976132561e-05,8.9752586569262248e-06,1.2682726772590087e-05,4.8646834819855081e+02,1.0427001390309833e+02,6.7389158925401262e+01,1.0427001390309837e+02,4.9467968717092123e+02,1.0910414383037568e+02,6.7389158925401233e+01,1.0910414383037561e+02,4.9012687842655868e+02,-5.2502196876914482e+00,-4.6659625223958665e+00,-4.5123453259683952e+00,-4.6659625223958630e+00,-4.6530041466817780e+00,-4.5509642536088633e+00,-4.5123453259682123e+00,-4.5509642536090249e+00,-4.9790027492125288e+00,6.9747025572032051e-01,5.9175670777015366e-01,-3.4434652379324704e-01,-3.7843052220968926e-02,5.6562079587076197e-01,8.5974151965675105e-01,-7.1549721491786056e-01,5.7196437812769707e-01,-3.7563582464049872e-01,-9.6240058102240005e-03,-3.0126451370632079e-02,-1.0642520718402309e-02,-1.8616404791020854e-03,-2.9795464188830549e-02,2.9363352872248755e-02,8.4139191645618682e-03,-3.0959513596581875e-02,-1.3865368271989111e-02,7.0735195764004966e-01,6.3037209364882896e-01,-3.8431996621028808e-01,-2.5424690474705924e-02,5.0927916931264305e-01,8.2508827120041406e-01,-7.0653562718072238e-01,5.8774236961496962e-01,-4.1831691222920919e-01,-8.7375280546653916e-03,-3.4604121277325775e-02,-1.4122652911962593e-02,2.2552550306620543e-03,-2.6607496370136752e-02,2.8189378891662280e-02,9.1201608820065967e-03,-2.9432474902057765e-02,-1.3361194781387626e-02,9.2581169518351081e-06,1.3886360065827781e-04,2.8470186053805029e-06,6.4899921030733129e-03,6.6400582553005454e-03,6.4796465008106355e-03,3.3424452334362379e-04,3.4197315979257270e-04,3.3371170899777059e-04,-1.0198313616133893e-01,-3.9766620435169886e-07,5.2594095213959680e-01,-3.8285970802664016e-01,8.4246307103578826e-07,-5.3781861721022528e-01
2.0805581972493131e+06,7.2580873723140801e-02,6.4576633939049319e-02,6.2471939836955065e-02,6.4576633939049319e-02,6.4312720667690712e-02,6.2963479622215171e-02,6.2471939836955072e-02,6.2963479622215157e-02,6.8784654473878326e-02,1.6423712123464385e-06,3.6506424410016933e-07,2.4116635945717662e-07,3.6506424410016938e-07,1.6671456430234223e-06,3.8069159583082377e-07,2.4116635945717662e-07,3.8069159583082383e-07,1.6533567877988056e-06,0.0000000000000000e+00,0.0000000000000000e+00,0.0000000000000000e+00,0.0000000000000000e+00,0.0000000000000000e+00,0.0000000000000000e+00,0.0000000000000000e+00,0.0000000000000000e+00,0.0000000000000000e+00,7.3057828974835070e-12,-1.3367226169727787e-12,-6.5144771121979503e-13,-1.3367226169727787e-12,7.3872724892608116e-12,-1.4112782531568141e-12,-6.5144771121979523e-13,-1.4112782531568139e-12,7.2745285052488128e-12,2.1729936648764857e-03,-4.1214204692171315e-04,-2.0678568469706222e-04,-4.1214204692171266e-04,2.2043139138511743e-03,-4.3378880686190802e-04,-2.0678568469706193e-04,-4.3378880686190818e-04,2.1656261758966761e-03,1.3794303192290243e-05,9.2793635535334460e-06,9.7362193916417365e-06,9.2793635535332122e-06,8.6271636770385591e-06,8.7488103965145666e-06,9.7362193916424107e-06,8.7488103965145209e-06,1.2364035378348806e-05,4.8626099600737717e+02,1.0408688927411261e+02,6.7213725900370747e+01,1.0408688927411249e+02,4.9449832758513196e+02,1.0892598854939929e+02,6.7213725900370676e+01,1.0892598854939935e+02,4.8993143810843065e+02,-5.1111365140264793e+00,-4.5402422174430459e+00,-4.3878437130352932e+00,-4.5402422174430219e+00,-4.5260547411521825e+00,-4.4276610448979783e+00,-4.3878437130354371e+00,-4.4276610448980032e+00,-4.8452143871781743e+00,6.9743728440747177e-01,5.9179497148444493e-01,-3.4430093332502881e-01,-3.7943315458998560e-02,5.6562066076776640e-01,8.5973816963341576e-01,-7.1552424364498823e-01,5.7192499974402189e-01,-3.7568538646795940e-01,-9.6060673285664200e-03,-3.0150829174748428e-02,-1.0669434246702147e-02,-1.8115998943218962e-03,-2.9789536948669794e-02,2.9358729158654572e-02,8.4283724929978075e-03,-3.0940030617625375e-02,-1.3851555016035601e-02,7.0734280391445337e-01,6.3043480518309192e-01,-3.8427960967286001e-01,-2.5508781089719990e-02,5.0927775213902193e-01,8.2508547597642634e-01,-7.0654220421583580e-01,5.8767695591066138e-01,-4.1835873016262681e-01,-8.7422087130221496e-03,-3.4572288140907508e-02,-1.4098073578366250e-02,2.2163155570994299e-03,-2.6617859058516630e-02,2.8192571364085352e-02,9.1154634743172216e-03,-2.9456145901401661e-02,-1.3378791417176704e-02,9.7234256001622378e-06,1.4476568040456585e-04,2.9475435400079961e-06,6.9537243272821949e-03,7.1091247053004826e-03,6.9429628654401089e-03,3.3422397587703383e-04,3.4169314344099537e-04,3.3370673671226001e-04,-1.7810231311034513e-01,3.1584739918418080e-07,-7.4470758387880565e-01,3.3363426128677931e-01,-4.0842543704086201e-07,3.2097845297057747e-03
2.2293582740229922e+06,7.5641090414002299e-02,6.7265622777351486e-02,6.5029484922975195e-02,6.7265622777351514e-02,6.6970638013897160e-02,6.5575870543680539e-02,6.5029484922975195e-02,6.5575870543680526e-02,7.1658325444409227e-02,1.6410166356858957e-06,3.6386786941493379e-07,2.4002056719333251e-07,3.6386786941493390e-07,1.6659614586694535e-06,3.7952805449721252e-07,2.4002056719333251e-07,3.7952805449721246e-07,1.6520808761837635e-06,0.0000000000000000e+00,0.0000000000000000e+00,0.0000000000000000e+00,0.0000000000000000e+00,0.0000000000000000e+00,0.0000000000000000e+00,0.0000000000000000e+00,0.0000000000000000e+00,0.0000000000000000e+00,7.3057828974835086e-12,-1.3367226169727789e-12,-6.5144771121979493e-13,-1.3367226169727789e-12,7.3872724892608099e-12,-1.4112782531568143e-12,-6.5144771121979513e-13,-1.4112782531568141e-12,7.2745285052488128e-12,2.1735535290895898e-03,-4.1176706283782159e-04,-2.0640078306521733e-04,-4.1176706283782154e-04,2.2046547369951527e-03,-4.3343630000571156e-04,-2.0640078306521762e-04,-4.3343630000571151e-04,2.1661238142020676e-03,1.3452400626663440e-05,9.0450252845936994e-06,9.4756188823324410e-06,9.0450252845941636e-06,8.3991865354671623e-06,8.5262612496552515e-06,9.4756188823323800e-06,8.5262612496549279e-06,1.2050831769656013e-05,4.8605980130517440e+02,1.0390929517907676e+02,6.7043707264090969e+01,1.0390929517907678e+02,4.9432247032051947e+02,1.0875323466732657e+02,6.7043707264091026e+01,1.0875323466732657e+02,4.8974186434319228e+02,-4.9748994498038046e+00,-4.4172053421859241e+00,-4.2661494633929289e+00,-4.4172053421860369e+00,-4.4019183455297837e+00,-4.3070299672577885e+00,-4.2661494633929227e+00,-4.3070299672577006e+00,-4.7142714478075725e+00,6.9740518758469239e-01,5.9183216516143766e-01,-3.4425664674356332e-01,-3.8041058585689874e-02,5.6562066536721545e-01,8.5973471910016452e-01,-7.1555053192510987e-01,5.7188658268499848e-01,-3.7573396919664792e-01,-9.5883301575315806e-03,-3.0174821828678491e-02,-1.0695842243250023e-02,-1.7618158657880271e-03,-2.9784008251643974e-02,2.9354524242687727e-02,8.4426526031817824e-03,-3.0920554891867617e-02,-1.3837239737889384e-02,7.0733391987189387e-01,6.3049580217846068e-01,-3.8424035091590381e-01,-2.5590798882938921e-02,5.0927666274336691e-01,8.2508263925695124e-01,-7.0654856679337408e-01,5.8761305336857250e-01,-4.1839961113761370e-01,-8.7468067985906894e-03,-3.4540904880000216e-02,-1.4073835700209767e-02,2.1774981428118482e-03,-2.6627543376680107e-02,2.8195461790661850e-02,9.1108956183379164e-03,-2.9479994248356140e-02,-1.3396577748935917e-02,1.0208633722090972e-05,1.5089509978105740e-04,3.0516498700442270e-06,7.4506023358390005e-03,7.6115109042997594e-03,7.4394116053792241e-03,3.3420390175303692e-04,3.4142160966188690e-04,3.3370193082309834e-04,-3.1569824822439180e-01,1.7699315089553007e-07,-6.0141087858312847e-01,1.7360585915816640e-01,-2.1659062969274647e-07,-4.2600065975234414e-01
2.3888004289068272e+06,7.8819494666205470e-02,7.0057670539520028e-02,6.7683954376361558e-02,7.0057670539520014e-02,6.9730196394611019e-02,6.8288231002231914e-02,6.7683954376361544e-02,6.8288231002231928e-02,7.4642459441077780e-02,1.6397031256044045e-06,3.6270837834096924e-07,2.3891085057851887e-07,3.6270837834096913e-07,1.6648139114901160e-06,3.7840050520406515e-07,2.3891085057851882e-07,3.7840050520406520e-07,1.6508440202142715e-06,0.0000000000000000e+00,0.0000000000000000e+00,0.0000000000000000e+00,0.0000000000000000e+00,0.0000000000000000e+00,0.0000000000000000e+00,0.0000000000000000e+00,0.0000000000000000e+00,0.0000000000000000e+00,7.3057828974835086e-12,-1.3367226169727789e-12,-6.5144771121979503e-13,-1.3367226169727789e-12,7.3872724892608116e-12,-1.4112782531568143e-12,-6.5144771121979523e-13,-1.4112782531568141e-12,7.2745285052488128e-12,2.1740975220414602e-03,-4.1140298033790238e-04,-2.0602762603393521e-04,-4.1140298033790228e-04,2.2049854809139549e-03,-4.3309409421531933e-04,-2.0602762603393491e-04,-4.3309409421531965e-04,2.1666071186714517e-03,1.3116151373237515e-05,8.8147672345283548e-06,9.2203767197384219e-06,8.8147672345287885e-06,8.1758595164848366e-06,8.3076868331773637e-06,9.2203767197370074e-06,8.3076868331771926e-06,1.1743207376571265e-05,4.8586460789911843e+02,1.0373708439772268e+02,6.6878950740544482e+01,1.0373708439772265e+02,4.9415196686149056e+02,1.0858573675708105e+02,6.6878950740544425e+01,1.0858573675708111e+02,4.8955800362100865e+02,-4.8415161116518739e+00,-4.2968528717293815e+00,-4.1472544391487975e+00,-4.2968528717294197e+00,-4.2805863363416172e+00,-4.1890689788315756e+00,-4.1472544391484787e+00,-4.1890689788314655e+00,-4.5861737051339366e+00,6.9737395032149574e-01,5.9186831135732643e-01,-3.4421363376884329e-01,-3.8136310876458357e-02,5.6562079441808000e-01,8.5973118580273178e-01,-7.1557609387506016e-01,5.7184911909942648e-01,-3.7578156072180890e-01,-9.5708101889735962e-03,-3.0198417215342412e-02,-1.0721738457088906e-02,-1.7123407429548310e-03,-2.9778863281136710e-02,2.9350721221750867e-02,8.4567465223892926e-03,-3.0901113531196584e-02,-1.3822467058356219e-02,7.0732529875280770e-01,6.3055511830532152e-01,-3.8420216960223513e-01,-2.5670764963047495e-02,5.0927587100675054e-01,8.2507977237234131e-01,-7.0655472215720638e-01,5.8755065498917758e-01,-4.1843955448640557e-01,-8.7513177738143284e-03,-3.4509992702479203e-02,-1.4049950782910606e-02,2.1388471510288042e-03,-2.6636572707853082e-02,2.8198062955094094e-02,9.1064591710341390e-03,-2.9503974886425786e-02,-1.3414521443958582e-02,1.0714480314347585e-05,1.5726079564696432e-04,3.1594643004910937e-06,7.9829959654357553e-03,8.1495916704288802e-03,7.9713621936438814e-03,3.3418429889888151e-04,3.4115833084299681e-04,3.3369728576663766e-04,3.2346500098898012e-01,-4.1486154121154187e-08,4.9295697101359370e-01,-1.1262767535072463e-01,1.4206252134719314e-07,5.3719461788280465e-01
2.5596457759335358e+06,8.2120766673611081e-02,7.2956884851291537e-02,7.0439227936002963e-02,7.2956884851291523e-02,7.2595436059243887e-02,7.1104548784697796e-02,7.0439227936002963e-02,7.1104548784697810e-02,7.7741438349720540e-02,1.6384295641864287e-06,3.6158472057772322e-07,2.3783612952390672e-07,3.6158472057772322e-07,1.6637019481333996e-06,3.7730791344251975e-07,2.3783612952390672e-07,3.7730791344251985e-07,1.6496451286563714e-06,0.0000000000000000e+00,0.0000000000000000e+00,0.0000000000000000e+00,0.0000000000000000e+00,0.0000000000000000e+00,0.0000000000000000e+00,0.0000000000000000e+00,0.0000000000000000e+00,0.0000000000000000e+00,7.3057828974835086e-12,-1.3367226169727789e-12,-6.5144771121979503e-13,-1.3367226169727789e-12,7.3872724892608116e-12,-1.4112782531568143e-12,-6.5144771121979523e-13,-1.4112782531568141e-12,7.2745285052488128e-12,2.1746259900462276e-03,-4.1104954035097282e-04,-2.0566589419003813e-04,-4.1104954035097260e-04,2.2053063985715562e-03,-4.3276194034364820e-04,-2.0566589419003780e-04,-4.3276194034364788e-04,2.1670764193010687e-03,1.2785672181819571e-05,8.5886657279052244e-06,8.9705247441458852e-06,8.5886657279057174e-06,7.9571949284672395e-06,8.0931525201908166e-06,8.9705247441467831e-06,8.0931525201912757e-06,1.1441241536979219e-05,4.8567526039812566e+02,1.0357011100865584e+02,6.6719306018315180e+01,1.0357011100865579e+02,4.9398667025774108e+02,1.0842335082191951e+02,6.6719306018315066e+01,1.0842335082191943e+02,4.8937970362863769e+02,-4.7109899340343331e+00,-4.1791819554108640e+00,-4.0311468081388222e+00,-4.1791819554110070e+00,-4.1620468161839792e+00,-4.0737723991104344e+00,-4.0311468081390718e+00,-4.0737723991105668e+00,-4.4609171452267660e+00,6.9734355712086782e-01,5.9190343294612680e-01,-3.4417186412641282e-01,-3.8229104433508437e-02,5.6562103379330020e-01,8.5972758608015154e-01,-7.1560094398750751e-01,5.7181259968367748e-01,-3.7582815213328169e-01,-9.5535223375996323e-03,-3.0221604219849471e-02,-1.0747117504452577e-02,-1.6632239734811543e-03,-2.9774087578972385e-02,2.9347303570167672e-02,8.4706420874588930e-03,-3.0881732260369905e-02,-1.3807279932514722e-02,7.0731693380713201e-01,6.3061278781217156e-01,-3.8416504487162334e-01,-2.5748702972943710e-02,5.0927534888546866e-01,8.2507688569418369e-01,-7.0656067738240536e-01,5.8748975118422220e-01,-4.1847856167239961e-01,-8.7557373640550860e-03,-3.4479571337374136e-02,-1.4026429366144051e-02,2.1004046120835281e-03,-2.6644970001533600e-02,2.8200387321764147e-02,9.1021557570452379e-03,-2.9528044714517226e-02,-1.3432591648595144e-02,1.1241737853229399e-05,1.6387214225632198e-04,3.2711179708115335e-06,8.5534445172529439e-03,8.7259113268927224e-03,8.5413535617568127e-03,3.3416516447997156e-04,3.4090308154886275e-04,3.3369279616987906e-04,2.1898130863628526e-01,5.4765651179062567e-08,6.7014471831921318e-01,-2.4004316232535364e-01,5.3277462554349629e-08,2.6599167947057129e-01
2.7427098634826778e+06,8.5549817130028183e-02,7.5967577164115618e-02,7.3299378339482482e-02,7.5967577164115632e-02,7.5570596167442272e-02,7.4029009519771774e-02,7.3299378339482468e-02,7.4029009519771774e-02,8.0959859876828993e-02,1.6371948460945366e-06,3.6049586114027358e-07,2.3679534358395626e-07,3.6049586114027358e-07,1.6626245319153946e-06,3.7624926063504703e-07,2.3679534358395621e-07,3.7624926063504703e-07,1.6484831249224459e-06,0.0000000000000000e+00,0.0000000000000000e+00,0.0000000000000000e+00,0.0000000000000000e+00,0.0000000000000000e+00,0.0000000000000000e+00,0.0000000000000000e+00,0.0000000000000000e+00,0.0000000000000000e+00,7.3057828974835070e-12,-1.3367226169727787e-12,-6.5144771121979493e-13,-1.3367226169727787e-12,7.3872724892608099e-12,-1.4112782531568143e-12,-6.5144771121979513e-13,-1.4112782531568139e-12,7.2745285052488128e-12,2.1751392828747306e-03,-4.1070648303969174e-04,-2.0531527081118041e-04,-4.1070648303969266e-04,2.2056177419175959e-03,-4.3243958893944632e-04,-2.0531527081118079e-04,-4.3243958893944583e-04,2.1675320476504233e-03,1.2461066112660236e-05,8.3667864880566972e-06,8.7260839990906735e-06,8.3667864880558315e-06,7.7431984145635914e-06,7.8827138439648165e-06,8.7260839990897621e-06,7.8827138439652146e-06,1.1145001836278346e-05,4.8549160442407282e+02,1.0340823055630550e+02,6.6564624888220649e+01,1.0340823055630575e+02,4.9382643526650810e+02,1.0826593444883378e+02,6.6564624888220749e+01,1.0826593444883365e+02,4.8920681342879243e+02,-4.5833203537552949e+00,-4.0641861220021926e+00,-3.9178112836103836e+00,-4.0641861220019493e+00,-4.0462847962831585e+00,-3.9611311120732329e+00,-3.9178112836101513e+00,-3.9611311120733008e+00,-4.3384941538240804e+00,6.9731399198207733e-01,5.9193755306297757e-01,-3.4413130759297927e-01,-3.8319473945472013e-02,5.6562137043025129e-01,8.5972393493273058e-01,-7.1562509708054900e-01,5.7177701379885515e-01,-3.7587373751719705e-01,-9.5364805655432285e-03,-3.0244372692858450e-02,-1.0771974825158638e-02,-1.6145120658169916e-03,-2.9769667105906623e-02,2.9344255214738175e-02,8.4843279184745376e-03,-3.0862435394859066e-02,-1.3791719517143893e-02,7.0730881830336811e-01,6.3066884543577051e-01,-3.8412895540699216e-01,-2.5824638883239923e-02,5.0927507031604669e-01,8.2507398868554749e-01,-7.0656643937433627e-01,5.8743032996056888e-01,-4.1851663613985751e-01,-8.7600615351042365e-03,-3.4449659086548547e-02,-1.4003281034906950e-02,2.0622101744948093e-03,-2.6652757654980649e-02,2.8202446985451771e-02,9.0979868017670076e-03,-2.9552162646070110e-02,-1.3450759061767787e-02,1.1791214555284957e-05,1.7073897854076505e-04,3.3867466199265155e-06,9.1646688753497119e-03,9.3431958049580693e-03,9.1521062191429140e-03,3.3414649494542108e-04,3.4065563876647638e-04,3.3368845684324846e-04,1.9638916996861874e-01,-1.1518280864295905e-08,-3.8077745093757204e-01,2.3668030692392411e-01,3.6684590304275360e-08,6.0247006902712630e-01
2.9388665673872912e+06,8.9111801707086435e-02,7.9094275522855265e-02,7.6268683277654889e-02,7.9094275522855251e-02,7.8660127167245575e-02,7.7066009056225987e-02,7.6268683277654875e-02,7.7066009056225987e-02,8.4302551045007057e-02,1.6359978795085176e-06,3.5944078102131095e-07,2.3578745240578571e-07,3.5944078102131084e-07,1.6615806433433868e-06,3.7522354471700115e-07,2.3578745240578568e-07,3.7522354471700115e-07,1.6473569478153587e-06,0.0000000000000000e+00,0.0000000000000000e+00,0.0000000000000000e+00,0.0000000000000000e+00,0.0000000000000000e+00,0.0000000000000000e+00,0.0000000000000000e+00,0.0000000000000000e+00,0.0000000000000000e+00,7.3057828974835070e-12,-1.3367226169727787e-12,-6.5144771121979493e-13,-1.3367226169727787e-12,7.3872724892608099e-12,-1.4112782531568141e-12,-6.5144771121979513e-13,-1.4112782531568141e-12,7.2745285052488128e-12,2.1756377529038398e-03,-4.1037354834197568e-04,-2.0497544230942488e-04,-4.1037354834197546e-04,2.2059197615266709e-03,-4.3212679073494466e-04,-2.0497544230942496e-04,-4.3212679073494488e-04,2.1679743361470460e-03,1.2142422885794987e-05,8.1491850585819172e-06,8.4870653568251106e-06,8.1491850585817935e-06,7.5338692230890679e-06,7.6764169088634627e-06,8.4870653568255002e-06,7.6764169088638946e-06,1.0854544472792627e-05,4.8531348680448389e+02,1.0325130020011406e+02,6.6414761362027193e+01,1.0325130020011403e+02,4.9367111847888071e+02,1.0811334694483062e+02,6.6414761362027221e+01,1.0811334694483068e+02,4.8903918362187488e+02,-4.4585029965834897e+00,-3.9518554828591306e+00,-3.8072293578523397e+00,-3.9518554828591110e+00,-3.9332823771490251e+00,-3.8511327665766597e+00,-3.8072293578524437e+00,-3.8511327665767801e+00,-4.2188937039863106e+00,6.9728523845823254e-01,5.9197069505063182e-01,-3.4409193403896499e-01,-3.8407456446614030e-02,5.6562179227106180e-01,8.5972024609095266e-01,-7.1564856825272694e-01,5.7174234958488446e-01,-3.7591831375850471e-01,-9.5196979112586212e-03,-3.0266713412517448e-02,-1.0796306641751779e-02,-1.5662485649397229e-03,-2.9765588295319879e-02,2.9341560602328051e-02,8.4977933889011040e-03,-3.0843245826885340e-02,-1.3775825053898400e-02,7.0730094553637524e-01,6.3072332631581207e-01,-3.8409387950351243e-01,-2.5898600790140187e-02,5.0927501111859308e-01,8.2507108995173251e-01,-7.0657201486924792e-01,5.8737237710106727e-01,-4.1855378316043196e-01,-8.7642864697896963e-03,-3.4420272879246476e-02,-1.3980514431106853e-02,2.0243010672656337e-03,-2.6659957406754704e-02,2.8204253626601200e-02,9.0939535645002626e-03,-2.9576289653774960e-02,-1.3468995998352161e-02,1.2363756787134638e-05,1.7787163728100533e-04,3.5064907579702280e-06,9.8195844916213575e-03,1.0004365610949330e-02,9.8065352392885923e-03,3.3412828607428600e-04,3.4041578212390237e-04,3.3368426277368524e-04,-6.0755618596220494e-02,3.0149178828607854e-09,6.2574607380397718e-01,-2.8400917324876079e-01,-1.8599487990327598e-08,-3.2308347241509028e-01
3.1490522624728610e+06,9.2812136519980992e-02,8.2341738208618731e-02,7.9351638170363864e-02,8.2341738208618717e-02,8.1868704017868860e-02,8.0220166689766031e-02,7.9351638170363836e-02,8.0220166689766004e-02,8.7774582609258966e-02,1.6348375869555635e-06,3.5841847775116759e-07,2.3481143607221283e-07,3.5841847775116744e-07,1.6605692805485080e-06,3.7422978062098302e-07,2.3481143607221283e-07,3.7422978062098297e-07,1.6462655521713831e-06,0.0000000000000000e+00,0.0000000000000000e+00,0.0000000000000000e+00,0.0000000000000000e+00,0.0000000000000000e+00,0.0000000000000000e+00,0.0000000000000000e+00,0.0000000000000000e+00,0.0000000000000000e+00,7.3057828974835086e-12,-1.3367226169727789e-12,-6.5144771121979493e-13,-1.3367226169727789e-12,7.3872724892608116e-12,-1.4112782531568141e-12,-6.5144771121979523e-13,-1.4112782531568141e-12,7.2745285052488128e-12,2.1761217543187976e-03,-4.1005047646933943e-04,-2.0464609862198027e-04,-4.1005047646933948e-04,2.2062127062681476e-03,-4.3182329709299269e-04,-2.0464609862198087e-04,-4.3182329709299280e-04,2.1684036174397145e-03,1.1829819261171932e-05,7.9359072311203500e-06,8.2534701312458776e-06,7.9359072311198113e-06,7.3292004841141806e-06,7.4742988048922553e-06,8.2534701312448290e-06,7.4742988048924264e-06,1.0569914643705885e-05,4.8514075574699882e+02,1.0309917884655212e+02,6.6269571773218502e+01,1.0309917884655216e+02,4.9352057843071441e+02,1.0796544945670870e+02,6.6269571773218658e+01,1.0796544945670875e+02,4.8887666649056666e+02,-4.3365298644753052e+00,-3.8421769318206151e+00,-3.6993795287389277e+00,-3.8421769318204424e+00,-3.8230189262354726e+00,-3.7437619728842773e+00,-3.6993795287386693e+00,-3.7437619728842848e+00,-4.1021015424391356e+00,6.9725727971302931e-01,5.9200288240983057e-01,-3.4405371346569058e-01,-3.8493091091293952e-02,5.6562228820257110e-01,8.5971653208500765e-01,-7.1567137283827098e-01,5.7170859407100050e-01,-3.7596188034708405e-01,-9.5031865198141156e-03,-3.0288618044129651e-02,-1.0820109916353455e-02,-1.5184740460247323e-03,-2.9761838101068722e-02,2.9339204760208522e-02,8.5110285952509513e-03,-3.0824185019586853e-02,-1.3759633771213399e-02,7.0729330883485875e-01,6.3077626591554070e-01,-3.8405979512847432e-01,-2.5970618721193224e-02,5.0927514889868408e-01,8.2506819729116954e-01,-7.0657741043535727e-01,5.8731587634072369e-01,-4.1859000968838195e-01,-8.7684085453912913e-03,-3.4391428329391335e-02,-1.3958137270596950e-02,1.9867120783350154e-03,-2.6666590240789056e-02,2.8205818471675088e-02,9.0900571696544662e-03,-2.9600388801323246e-02,-1.3487276438832343e-02,1.2960251633330879e-05,1.8528097627512619e-04,3.6304958450623347e-06,1.0521315299288500e-02,1.0712549718869979e-02,1.0507764174654943e-02,3.3411053302197062e-04,3.4018329408282730e-04,3.3368020911801234e-04,-2.6123353666468985e-01,-8.9779601892437999e-09,5.9969086316948632e-02,-8.1384405119703629e-02,-2.5255364405208279e-10,-6.9296191493483328e-01
3.3742702924418277e+06,9.6656514631961898e-02,8.5714968301368252e-02,8.2552969804726553e-02,8.5714968301368252e-02,8.5201240299999217e-02,8.3496339281684553e-02,8.2552969804726553e-02,8.3496339281684553e-02,9.1381284441241911e-02,1.6337129060347886e-06,3.5742796586072187e-07,2.3386629534563912e-07,3.5742796586072187e-07,1.6595894596321989e-06,3.7326700066888533e-07,2.3386629534563910e-07,3.7326700066888533e-07,1.6452079094057465e-06,0.0000000000000000e+00,0.0000000000000000e+00,0.0000000000000000e+00,0.0000000000000000e+00,0.0000000000000000e+00,0.0000000000000000e+00,0.0000000000000000e+00,0.0000000000000000e+00,0.0000000000000000e+00,7.3057828974835070e-12,-1.3367226169727787e-12,-6.5144771121979493e-13,-1.3367226169727787e-12,7.3872724892608099e-12,-1.4112782531568143e-12,-6.5144771121979523e-13,-1.4112782531568141e-12,7.2745285052488120e-12,2.1765916423693243e-03,-4.0973700836278678e-04,-2.0432693355196168e-04,-4.0973700836278775e-04,2.2064968230062314e-03,-4.3152886041459171e-04,-2.0432693355196214e-04,-4.3152886041459166e-04,2.1688202238003993e-03,1.1523319443597321e-05,7.7269894757285101e-06,8.0252906750335021e-06,7.7269894757288082e-06,7.1291794895114536e-06,7.2763880225858718e-06,8.0252906750323298e-06,7.2763880225863267e-06,1.0291146946536242e-05,4.8497326099603532e+02,1.0295172726462798e+02,6.6128914860851651e+01,1.0295172726462825e+02,4.9337467569870279e+02,1.0782210507500663e+02,6.6128914860851793e+01,1.0782210507500659e+02,4.8871911612775318e+02,-4.2173895219476920e+00,-3.7351343407285462e+00,-3.5942375182379802e+00,-3.7351343407285547e+00,-3.7154712515934145e+00,-3.6390004942999510e+00,-3.5942375182377440e+00,-3.6390004942999981e+00,-3.9881003733581197e+00,6.9723009857344809e-01,5.9203413875271327e-01,-3.4401661604045530e-01,-3.8576418933447626e-02,5.6562284799725893e-01,8.5971280431400088e-01,-7.1569352636627981e-01,5.7167573328220955e-01,-3.7600443918665710e-01,-9.4869576760324009e-03,-3.0310079099243666e-02,-1.0843382308783282e-02,-1.4712261202599738e-03,-2.9758404039339589e-02,2.9337173349452555e-02,8.5240243245986152e-03,-3.0805273007716110e-02,-1.3743180800955044e-02,7.0728590156744742e-01,6.3082769994693078e-01,-3.8402667998095236e-01,-2.6040724446394312e-02,5.0927546294953618e-01,8.2506531774578851e-01,-7.0658263247545272e-01,5.8726080953800386e-01,-4.1862532421731602e-01,-8.7724243113280892e-03,-3.4363139794982588e-02,-1.3936156361439321e-02,1.9494755436264639e-03,-2.6672676300876226e-02,2.8207152258460873e-02,9.0862986368183025e-03,-2.9624425263084449e-02,-1.3505576069236908e-02,1.3581629631177163e-05,1.9297841160705216e-04,3.7589124772842168e-06,1.1273208621313136e-02,1.1471100454650596e-02,1.1259139966768578e-02,3.3409323036641365e-04,3.3995796010607700e-04,3.3367629119660056e-04,-2.2429802818551553e-01,-3.7831602275359166e-09,2.3350423819539293e-01,-1.2572836929729397e-01,1.7292108579479229e-09,-6.4575620959358704e-01
3.6155957594411643e+06,1.0065092364419032e-01,8.9219229202955067e-02,8.5877650873445455e-02,8.9219229202955053e-02,8.8662903252664196e-02,8.6899636308567091e-02,8.5877650873445427e-02,8.6899636308567077e-02,9.5128261924556284e-02,1.6326227900397260e-06,3.5646827725212959e-07,2.3295105181982054e-07,3.5646827725212953e-07,1.6586402149308620e-06,3.7233425487657637e-07,2.3295105181982051e-07,3.7233425487657632e-07,1.6441830079649007e-06,0.0000000000000000e+00,0.0000000000000000e+00,0.0000000000000000e+00,0.0000000000000000e+00,0.0000000000000000e+00,0.0000000000000000e+00,0.0000000000000000e+00,0.0000000000000000e+00,0.0000000000000000e+00,7.3057828974835070e-12,-1.3367226169727787e-12,-6.5144771121979493e-13,-1.3367226169727787e-12,7.3872724892608099e-12,-1.4112782531568141e-12,-6.5144771121979523e-13,-1.4112782531568139e-12,7.2745285052488120e-12,2.1770477726797003e-03,-4.0943288610717694e-04,-2.0401764506185557e-04,-4.0943288610717710e-04,2.2067723563295289e-03,-4.3124323450782884e-04,-2.0401764506185535e-04,-4.3124323450782781e-04,2.1692244865744400e-03,1.1222975506725933e-05,7.5224593704394942e-06,7.8025109582055431e-06,7.5224593704384371e-06,6.9337879738390631e-06,7.0827048651662219e-06,7.8025109582059649e-06,7.0827048651665260e-06,1.0018265791321730e-05,4.8481085397213218e+02,1.0280880818557434e+02,6.5992651837489404e+01,1.0280880818557441e+02,4.9323327298224922e+02,1.0768317892283038e+02,6.5992651837489319e+01,1.0768317892283009e+02,4.8856638854839628e+02,-4.1010672802305645e+00,-3.6307087495347452e+00,-3.4917764820615589e+00,-3.6307087495345187e+00,-3.6106137705684209e+00,-3.5368274329523892e+00,-3.4917764820616197e+00,-3.5368274329524958e+00,-3.8768700384144354e+00,6.9720367757920898e-01,5.9206448776026299e-01,-3.4398061212649411e-01,-3.8657482716697632e-02,5.6562346225451410e-01,8.5970907311473266e-01,-7.1571504452272228e-01,5.7164375234128550e-01,-3.7604599440948799e-01,-9.4710218395016171e-03,-3.0331089893131581e-02,-1.0866122134550908e-02,-1.4245394525836902e-03,-2.9755274225773107e-02,2.9335452712257241e-02,8.5367720208788210e-03,-3.0786528404686618e-02,-1.3726499109116655e-02,7.0727871714839907e-01,6.3087766430168968e-01,-3.8399451154700603e-01,-2.6108951298656889e-02,5.0927593415430672e-01,8.2506245765104635e-01,-7.0658768722982956e-01,5.8720715684001046e-01,-4.1865973664188205e-01,-8.7763304668004444e-03,-3.4335420439370115e-02,-1.3914577624650903e-02,1.9126213473710616e-03,-2.6678234814084857e-02,2.8208265205487883e-02,9.0826789099136343e-03,-2.9648366333185724e-02,-1.3523872311891611e-02,1.4228867681437798e-05,2.0097595310950012e-04,3.8918965801657642e-06,1.2078851144881860e-02,1.2283609442719685e-02,1.2064248922664009e-02,3.3407637215363917e-04,3.3973956880119449e-04,3.3367250448730173e-04,1.3793304243064670e-02,-1.8694961124046277e-09,6.7664299087086488e-01,-2.4062223488506868e-01,-3.3338416285208284e-12,-3.6108279343504940e-02
3.8741806561764344e+06,1.0480166441087699e-01,9.2860061155026138e-02,8.9330915444537334e-02,9.2860061155026166e-02,9.2259129769776030e-02,9.0435435876247472e-02,8.9330915444537348e-02,9.0435435876247472e-02,9.9021413397779590e-02,1.6315662084827652e-06,3.5553846148243179e-07,2.3206474798641083e-07,3.5553846148243185e-07,1.6577205992031324e-06,3.7143061117622841e-07,2.3206474798641088e-07,3.7143061117622852e-07,1.6431898536898085e-06,0.0000000000000000e+00,0.0000000000000000e+00,0.0000000000000000e+00,0.0000000000000000e+00,0.0000000000000000e+00,0.0000000000000000e+00,0.0000000000000000e+00,0.0000000000000000e+00,0.0000000000000000e+00,7.3057828974835070e-12,-1.3367226169727787e-12,-6.5144771121979493e-13,-1.3367226169727787e-12,7.3872724892608099e-12,-1.4112782531568141e-12,-6.5144771121979513e-13,-1.4112782531568139e-12,7.2745285052488120e-12,2.1774905006127598e-03,-4.0913785330524619e-04,-2.0371793552254825e-04,-4.0913785330524662e-04,2.2070395483095116e-03,-4.3096617491941112e-04,-2.0371793552254839e-04,-4.3096617491941090e-04,2.1696167356784687e-03,1.0928827830496467e-05,7.3223360267186120e-06,7.5851071255094623e-06,7.3223360267183113e-06,6.7430023935753337e-06,6.8932618550510133e-06,7.5851071255090777e-06,6.8932618550513801e-06,9.7512858189141130e-06,4.8465338789450925e+02,1.0267028638743326e+02,6.5860646442219263e+01,1.0267028638743338e+02,4.9309623517175015e+02,1.0754853823027847e+02,6.5860646442219320e+01,1.0754853823027841e+02,4.8841834178594621e+02,-3.9875453778921237e+00,-3.5288785500153868e+00,-3.3919672097015496e+00,-3.5288785500152935e+00,-3.5084186726550741e+00,-3.4372194088375849e+00,-3.3919672097014630e+00,-3.4372194088376578e+00,-3.7683876919731656e+00,6.9717799902946898e-01,5.9209395314316660e-01,-3.4394567231130485e-01,-3.8736326676055935e-02,5.6562412234318959e-01,8.5970534782953645e-01,-7.1573594311473276e-01,5.7161263556603514e-01,-3.7608655219484644e-01,-9.4553886816263564e-03,-3.0351644501653251e-02,-1.0888328322921853e-02,-1.3784457892275803e-03,-2.9752437407858844e-02,2.9334029913655985e-02,8.5492637496976300e-03,-3.0767968414938517e-02,-1.3709619439292166e-02,7.0727174904151291e-01,6.3092619498757752e-01,-3.8396326715029772e-01,-2.6175334000348407e-02,5.0927654488958296e-01,8.2505962268492872e-01,-7.0659258078104115e-01,5.8715489684107880e-01,-4.1869325812585539e-01,-8.7801238389306393e-03,-3.4308282294171218e-02,-1.3893406116034351e-02,1.8761769321691121e-03,-2.6683284022463491e-02,2.8209166985432167e-02,9.0791988849700349e-03,-2.9672181424928508e-02,-1.3542144348362421e-02,1.4902992142888843e-05,2.0928624210242094e-04,4.0296096098661919e-06,1.2942086038183438e-02,1.3153924690621360e-02,1.2926933833941922e-02,3.3405995194236602e-04,3.3952791204123740e-04,3.3366884461965104e-04,2.2347441084295050e-01,-4.8367570434327270e-10,-4.8074490202949773e-02,2.8664172289336137e-02,-6.5515842705110636e-10,6.6660691543684703e-01
4.1512593650711416e+06,1.0911537090980385e-01,9.6643298777232420e-02,9.2918275385129506e-02,9.6643298777232420e-02,9.5995643380802631e-02,9.4109401722428460e-02,9.2918275385129506e-02,9.4109401722428432e-02,1.0306694867266752e-01,1.6305421475257622e-06,3.5463758596514320e-07,2.3120644722299036e-07,3.5463758596514309e-07,1.6568296837443028e-06,3.7055515556133144e-07,2.3120644722299036e-07,3.7055515556133144e-07,1.6422274700947199e-06,0.0000000000000000e+00,0.0000000000000000e+00,0.0000000000000000e+00,0.0000000000000000e+00,0.0000000000000000e+00,0.0000000000000000e+00,0.0000000000000000e+00,0.0000000000000000e+00,0.0000000000000000e+00,7.3057828974835070e-12,-1.3367226169727789e-12,-6.5144771121979493e-13,-1.3367226169727789e-12,7.3872724892608099e-12,-1.4112782531568143e-12,-6.5144771121979513e-13,-1.4112782531568141e-12,7.2745285052488128e-12,2.1779201806871279e-03,-4.0885165541264484e-04,-2.0342751192074516e-04,-4.0885165541264484e-04,2.2072986382869037e-03,-4.3069743923013990e-04,-2.0342751192074522e-04,-4.3069743923013979e-04,2.1699972991450762e-03,1.0640905546620843e-05,7.1266305077626341e-06,7.3730480303930304e-06,7.1266305077621656e-06,6.5567942023157243e-06,6.7080641319876571e-06,7.3730480303921707e-06,6.7080641319876715e-06,9.4902123209510046e-06,4.8450071788748488e+02,1.0253602876531124e+02,6.5732764979770650e+01,1.0253602876531123e+02,4.9296342940398893e+02,1.0741805239523097e+02,6.5732764979770650e+01,1.0741805239523096e+02,4.8827483597398532e+02,-3.8768031566998173e+00,-3.4296196621921027e+00,-3.2947783141816624e+00,-3.4296196621919561e+00,-3.4088560756722202e+00,-3.3401507312928871e+00,-3.2947783141814422e+00,-3.3401507312928631e+00,-3.6626279703959050e+00,6.9715304502470765e-01,5.9212255860627083e-01,-3.4391176742988111e-01,-3.8812996345984285e-02,5.6562482034522776e-01,8.5970163687290979e-01,-7.1575623803946031e-01,5.7158236656182027e-01,-3.7612612059500594e-01,-9.4400671231312672e-03,-3.0371737717626697e-02,-1.0910000377621432e-02,-1.3329739956843244e-03,-2.9749882993480779e-02,2.9332892778346588e-02,8.5614921632557271e-03,-3.0749608850628472e-02,-1.3692570264932506e-02,7.0726499076403948e-01,6.3097332807003714e-01,-3.8393292400224160e-01,-2.6239908500127800e-02,5.0927727893017616e-01,8.2505681791614627e-01,-7.0659731905843326e-01,5.8710400673466612e-01,-4.1872590097222723e-01,-8.7838013600529362e-03,-3.4281736323073818e-02,-1.3872646051115468e-02,1.8401673144754383e-03,-2.6687841122132527e-02,2.8209866701920754e-02,9.0758594380645589e-03,-2.9695842062111510e-02,-1.3560373133853722e-02,1.5605082118231923e-05,2.1792259146747629e-04,4.1722187623472375e-06,1.3867031291156811e-02,1.4086168892787711e-02,1.3851312320162266e-02,3.3404396284738441e-04,3.3932278506395642e-04,3.3366530736931899e-04,-6.4076742615311211e-02,1.2971812640421978e-10,-6.2724134380109864e-01,2.0001619906247597e-01,-3.1790749171332119e-10,-2.0170321465889951e-01
4.4481545507221390e+06,1.1359903128456283e-01,1.0057508963860344e-01,9.6645537749859983e-02,1.0057508963860345e-01,9.9878472227953735e-02,9.7927501220147914e-02,9.6645537749859997e-02,9.7927501220147914e-02,1.0727140864196122e-01,1.6295496103213156e-06,3.5376473609499071e-07,2.3037523370912118e-07,3.5376473609499081e-07,1.6559665584324590e-06,3.6970699215945325e-07,2.3037523370912123e-07,3.6970699215945325e-07,1.6412948985660422e-06,0.0000000000000000e+00,0.0000000000000000e+00,0.0000000000000000e+00,0.0000000000000000e+00,0.0000000000000000e+00,0.0000000000000000e+00,0.0000000000000000e+00,0.0000000000000000e+00,0.0000000000000000e+00,7.3057828974835070e-12,-1.3367226169727787e-12,-6.5144771121979493e-13,-1.3367226169727787e-12,7.3872724892608099e-12,-1.4112782531568143e-12,-6.5144771121979513e-13,-1.4112782531568141e-12,7.2745285052488128e-12,2.1783371660468792e-03,-4.0857404003541659e-04,-2.0314608602755330e-04,-4.0857404003541653e-04,2.2075498626850927e-03,-4.3043678731577678e-04,-2.0314608602755373e-04,-4.3043678731577645e-04,2.1703665027130894e-03,1.0359226986925223e-05,6.9353462367029280e-06,7.1662957435337822e-06,6.9353462367030915e-06,6.3751301196776990e-06,6.5271098402163888e-06,7.1662957435336907e-06,6.5271098402162228e-06,9.2350416572781659e-06,4.8435270107139860e+02,1.0240590438806026e+02,6.5608876346704932e+01,1.0240590438806026e+02,4.9283472510531118e+02,1.0729159303126170e+02,6.5608876346705017e+01,1.0729159303126167e+02,4.8813573341379407e+02,-3.7688172315341006e+00,-3.3329057026011633e+00,-3.2001764109171047e+00,-3.3329057026012006e+00,-3.3118941744728332e+00,-3.2455935621242875e+00,-3.2001764109170838e+00,-3.2455935621242418e+00,-3.5595631544544699e+00,6.9712879750604317e-01,5.9215032781669708e-01,-3.4387886858752170e-01,-3.8887538382309683e-02,5.6562554900089201e-01,8.5969794779663777e-01,-7.1577594525488131e-01,5.7155292830876847e-01,-3.7616470936518293e-01,-9.4250653741964879e-03,-3.0391365006870310e-02,-1.0931138335607517e-02,-1.2881500984319966e-03,-2.9747601075653701e-02,2.9332029922936872e-02,8.5734504628918913e-03,-3.0731464152433913e-02,-1.3675377753849438e-02,7.0725843588811255e-01,6.3101909961940661e-01,-3.8390345924645752e-01,-2.6302711815611793e-02,5.0927812135600847e-01,8.2505404785092429e-01,-7.0660190784511334e-01,5.8705446245746584e-01,-4.1875767850129264e-01,-8.7873600465065531e-03,-3.4255792486555720e-02,-1.3852300827842053e-02,1.8046151101735238e-03,-2.6691922208977471e-02,2.8210372869474379e-02,9.0726614508255150e-03,-2.9719321863017057e-02,-1.3578541408409925e-02,1.6336272936871767e-05,2.2689902809115529e-04,4.3198971908103786e-06,1.4858099367724165e-02,1.5084759040340141e-02,1.4841796484135450e-02,3.3402839758146476e-04,3.3912398655058410e-04,3.3366188865281102e-04,-1.9262018369284245e-01,1.2202238116800760e-10,1.4350251882528864e-01,-3.1754977530555825e-02,-6.8483603287577920e-11,-6.3315756981301252e-01
4.7662834737792863e+06,1.1826001005613238e-01,1.0466191385792997e-01,1.0051882312807664e-01,1.0466191385792997e-01,1.0391396803592540e-01,1.0189602437770914e-01,1.0051882312807665e-01,1.0189602437770913e-01,1.1164168597361900e-01,1.6285876172694478e-06,3.5291901530102422e-07,2.2957021227680723e-07,3.5291901530102422e-07,1.6551303317109828e-06,3.6888524323784618e-07,2.2957021227680726e-07,3.6888524323784618e-07,1.6403911984861048e-06,0.0000000000000000e+00,0.0000000000000000e+00,0.0000000000000000e+00,0.0000000000000000e+00,0.0000000000000000e+00,0.0000000000000000e+00,0.0000000000000000e+00,0.0000000000000000e+00,0.0000000000000000e+00,7.3057828974835086e-12,-1.3367226169727791e-12,-6.5144771121979503e-13,-1.3367226169727791e-12,7.3872724892608116e-12,-1.4112782531568143e-12,-6.5144771121979523e-13,-1.4112782531568141e-12,7.2745285052488128e-12,2.1787418079823300e-03,-4.0830475719159497e-04,-2.0287337453101949e-04,-4.0830475719159519e-04,2.2077934548494025e-03,-4.3018398157486913e-04,-2.0287337453101981e-04,-4.3018398157486864e-04,2.1707246694619982e-03,1.0083800129536611e-05,6.7484793919696055e-06,6.9648060340885068e-06,6.7484793919697834e-06,6.1979723917300587e-06,6.3503905022059161e-06,6.9648060340882933e-06,6.3503905022074738e-06,8.9857616667628701e-06,4.8420919663877612e+02,1.0227978454220518e+02,6.5488852045667173e+01,1.0227978454220528e+02,4.9270999402331375e+02,1.0716903400346918e+02,6.5488852045667230e+01,1.0716903400346906e+02,4.8800089862859443e+02,-3.6635616532244790e+00,-3.2387081436065515e+00,-3.1081262851209650e+00,-3.2387081436065506e+00,-3.2174993814329467e+00,-3.1535180696478871e+00,-3.1081262851209912e+00,-3.1535180696482294e+00,-3.4591633239068162e+00,6.9710523829214444e-01,5.9217728437552808e-01,-3.4384694717506681e-01,-3.8960000397318971e-02,5.6562630165526306e-01,8.5969428735323872e-01,-7.1579508075241138e-01,5.7152430324406323e-01,-3.7620232980433693e-01,-9.4103909732770660e-03,-3.0410522464079760e-02,-1.0951742728022918e-02,-1.2439973371526994e-03,-2.9745582454500302e-02,2.9331430784515604e-02,8.5851323634653937e-03,-3.0713547413265058e-02,-1.3658065739158995e-02,7.0725207804363077e-01,6.3106354566354683e-01,-3.8387484999745541e-01,-2.6363781889820095e-02,5.0927905846079569e-01,8.2505131647857044e-01,-7.0660635278306794e-01,5.8700623882620562e-01,-4.1878860493633630e-01,-8.7907969767683346e-03,-3.4230459806870069e-02,-1.3832373054103446e-02,1.7695405637675556e-03,-2.6695542229880454e-02,2.8210693396068263e-02,9.0696058359798892e-03,-2.9742596518671251e-02,-1.3596633699405744e-02,1.7097759838373911e-05,2.3623033767116580e-04,4.4728242315602683e-06,1.5920018263278948e-02,1.6154427429967401e-02,1.5903113972936762e-02,3.3401324849559631e-04,3.3893131868546246e-04,3.3365858452239411e-04,-1.2788798494727005e-01,4.3338645525953851e-11,5.0292264165342937e-01,-1.2795216980246293e-01,-3.3922294788789684e-11,-3.9478381545977381e-01
5.1071647563894698e+06,1.2310607147651763e-01,1.0891060470641867e-01,1.0454458492242143e-01,1.0891060470641868e-01,1.0810882604856745e-01,1.0602160380873338e-01,1.0454458492242143e-01,1.0602160380873336e-01,1.1618504686488006e-01,1.6276552061946726e-06,3.5209954503338514e-07,2.2879050820160053e-07,3.5209954503338504e-07,1.6543201305121281e-06,3.6808904914703280e-07,2.2879050820160050e-07,3.6808904914703285e-07,1.6395154472867380e-06,0.0000000000000000e+00,0.0000000000000000e+00,0.0000000000000000e+00,0.0000000000000000e+00,0.0000000000000000e+00,0.0000000000000000e+00,0.0000000000000000e+00,0.0000000000000000e+00,0.0000000000000000e+00,7.3057828974835086e-12,-1.3367226169727789e-12,-6.5144771121979503e-13,-1.3367226169727789e-12,7.3872724892608116e-12,-1.4112782531568145e-12,-6.5144771121979523e-13,-1.4112782531568141e-12,7.2745285052488136e-12,2.1791344555004157e-03,-4.0804355953859793e-04,-2.0260909913538341e-04,-4.0804355953859793e-04,2.2080296449110441e-03,-4.2993878712522203e-04,-2.0260909913538393e-04,-4.2993878712522187e-04,2.1710721194888936e-03,9.8146230380828762e-06,6.5660192871746367e-06,6.7685288219939999e-06,6.5660192871738083e-06,6.0252790408647918e-06,6.1778913766469771e-06,6.7685288219937339e-06,6.1778913766469111e-06,8.7423520676079217e-06,4.8407006591650327e+02,1.0215754276392654e+02,6.5372566188667648e+01,1.0215754276392657e+02,4.9258911024778257e+02,1.0705025145303266e+02,6.5372566188667776e+01,1.0705025145303266e+02,4.8787019840524385e+02,-3.5610080632181695e+00,-3.1469964629826874e+00,-3.0185910472347004e+00,-3.1469964629824889e+00,-3.1256364579994567e+00,-3.0638925729467843e+00,-3.0185910472345991e+00,-3.0638925729467754e+00,-3.3613965033270015e+00,6.9708234910937916e-01,5.9220345179308387e-01,-3.4381597488637061e-01,-3.9030430797953326e-02,5.6562707220629449e-01,8.5969066155784091e-01,-7.1581366053612128e-01,5.7149647333902986e-01,-3.7623899459761878e-01,-9.3960508286576143e-03,-3.0429206769037875e-02,-1.0971814544091940e-02,-1.2005362161325002e-03,-2.9743818656454087e-02,2.9331085646106377e-02,8.5965320550419333e-03,-3.0695870404384526e-02,-1.3640655694645086e-02,7.0724591091719546e-01,6.3110670214594011e-01,-3.8384707338247476e-01,-2.6423157450398971e-02,5.0928007766309158e-01,8.2504862731593198e-01,-7.0661065938215950e-01,5.8695930966647281e-01,-4.1881869528844107e-01,-8.7941092687141564e-03,-3.4205746433312659e-02,-1.3812864571166084e-02,1.7349615794421932e-03,-2.6698714938733086e-02,2.8210835567872305e-02,9.0666935632428419e-03,-2.9765643766142887e-02,-1.3614636324145378e-02,1.7890801857032802e-05,2.4593211182969386e-04,4.6311856387238240e-06,1.7057854067903118e-02,1.7300244171541884e-02,1.7040330545180591e-02,3.3399850761740911e-04,3.3874458719777742e-04,3.3365539116124616e-04,-1.6628885173260788e-01,-1.1390674082359970e-11,1.7449615761509910e-01,-1.6584455798788662e-02,-1.7474887078638974e-11,-6.0464225236908709e-01
5.4724256315004248e+06,1.2814540396459542e-01,1.1332837015639627e-01,1.0872962950322887e-01,1.1332837015639628e-01,1.1247010587852212e-01,1.1031123561732430e-01,1.0872962950322887e-01,1.1031123561732432e-01,1.2090915379895835e-01,1.6267514324487081e-06,3.5130546468912509e-07,2.2803526694050465e-07,3.5130546468912509e-07,1.6535351001264908e-06,3.6731756820758935e-07,2.2803526694050470e-07,3.6731756820758925e-07,1.6386667404377889e-06,0.0000000000000000e+00,0.0000000000000000e+00,0.0000000000000000e+00,0.0000000000000000e+00,0.0000000000000000e+00,0.0000000000000000e+00,0.0000000000000000e+00,0.0000000000000000e+00,0.0000000000000000e+00,7.3057828974835070e-12,-1.3367226169727787e-12,-6.5144771121979493e-13,-1.3367226169727787e-12,7.3872724892608099e-12,-1.4112782531568141e-12,-6.5144771121979523e-13,-1.4112782531568141e-12,7.2745285052488128e-12,2.1795154549428481e-03,-4.0779020256832377e-04,-2.0235298662980966e-04,-4.0779020256832322e-04,2.2082586596744690e-03,-4.2970097197076156e-04,-2.0235298662980985e-04,-4.2970097197076140e-04,2.1714091696260975e-03,9.5516842892346006e-06,6.3879487329960765e-06,6.5774085998039184e-06,6.3879487329962527e-06,5.8570041030961316e-06,6.0095917984348931e-06,6.5774085998044571e-06,6.0095917984343061e-06,8.5047848434103583e-06,4.8393517241482942e+02,1.0203905485995327e+02,6.5259895490364585e+01,1.0203905485995315e+02,4.9247195022163424e+02,1.0693512381131156e+02,6.5259895490364613e+01,1.0693512381131154e+02,4.8774350182418306e+02,-3.4611258390235200e+00,-3.0577382830207012e+00,-2.9315322758882139e+00,-3.0577382830207775e+00,-3.0362686365907119e+00,-2.9766836756535673e+00,-2.9315322758883209e+00,-2.9766836756534523e+00,-3.2662287983036546e+00,6.9706011162190640e-01,5.9222885346767751e-01,-3.4378592372845385e-01,-3.9098878642956830e-02,5.6562785505440893e-01,8.5968707574815550e-01,-7.1583170060113488e-01,5.7146942017112801e-01,-3.7627471766993503e-01,-9.3820512584001526e-03,-3.0447415143278287e-02,-1.0991355191151395e-02,-1.1577845625436063e-03,-2.9742301951469947e-02,2.9330985659044621e-02,8.6076441665046619e-03,-3.0678443603036031e-02,-1.3623166720714853e-02,7.0723992825246240e-01,6.3114860488908853e-01,-3.8382010657304982e-01,-2.6480877882838944e-02,5.0928116741946372e-01,8.2504598345022584e-01,-7.0661483302725459e-01,5.8691364793398748e-01,-4.1884796525382340e-01,-8.7972940598546254e-03,-3.4181659706914003e-02,-1.3793776480405754e-02,1.7008937609635352e-03,-2.6701452856660361e-02,2.8210806035960375e-02,9.0639256813900473e-03,-2.9788443358256925e-02,-1.3632537386400377e-02,1.8716725904096501e-05,2.5602079741125251e-04,4.7951738278913449e-06,1.8277035142968696e-02,1.8527641301217011e-02,1.8258874252280073e-02,3.3398416668766156e-04,3.3856360138670568e-04,3.3365230487881239e-04,1.1734457492382898e-01,5.4310572089218034e-12,-5.0310343310382011e-01,9.9523991358845945e-02,5.3249706468608205e-12,3.6076249997939747e-01
5.8638097106298087e+06,1.3338664552223012e-01,1.1792281528183467e-01,1.1308113714694620e-01,1.1792281528183463e-01,1.1700525317938799e-01,1.1477230110639638e-01,1.1308113714694619e-01,1.1477230110639636e-01,1.2582208920767696e-01,1.6258753689443754e-06,3.5053593148260488e-07,2.2730365382278506e-07,3.5053593148260472e-07,1.6527744040233806e-06,3.6656997654547011e-07,2.2730365382278514e-07,3.6656997654547005e-07,1.6378441913759460e-06,0.0000000000000000e+00,0.0000000000000000e+00,0.0000000000000000e+00,0.0000000000000000e+00,0.0000000000000000e+00,0.0000000000000000e+00,0.0000000000000000e+00,0.0000000000000000e+00,0.0000000000000000e+00,7.3057828974835070e-12,-1.3367226169727789e-12,-6.5144771121979493e-13,-1.3367226169727789e-12,7.3872724892608099e-12,-1.4112782531568143e-12,-6.5144771121979513e-13,-1.4112782531568141e-12,7.2745285052488128e-12,2.1798851496498649e-03,-4.0754444477189122e-04,-2.0210476892927303e-04,-4.0754444477189106e-04,2.2084807225266467e-03,-4.2947030714069758e-04,-2.0210476892927338e-04,-4.2947030714069747e-04,2.1717361331972844e-03,9.2949633840665176e-06,6.2142443786444087e-06,6.3913848226054665e-06,6.2142443786437073e-06,5.6930978508211495e-06,5.8454654985200843e-06,6.3913848226054512e-06,5.8454654985198548e-06,8.2730246113377551e-06,4.8380438186408378e+02,1.0192419891823890e+02,6.5150719252309500e+01,1.0192419891823887e+02,4.9235839274267590e+02,1.0682353180435356e+02,6.5150719252309571e+01,1.0682353180435356e+02,4.8762068027852183e+02,-3.3638822293946844e+00,-2.9708994984281132e+00,-2.8469101479038734e+00,-2.9708994984279573e+00,-2.9493577321563733e+00,-2.8918563885966115e+00,-2.8469101479038290e+00,-2.8918563885965738e+00,-3.1736245211428185e+00,6.9703850745615625e-01,5.9225351266795945e-01,-3.4375676603219441e-01,-3.9165393506062685e-02,5.6562864505337229e-01,8.5968353464287928e-01,-7.1584921691730441e-01,5.7144312499099259e-01,-3.7630951404271012e-01,-9.3683980313765298e-03,-3.0465145307167318e-02,-1.1010366462575786e-02,-1.1157575833898525e-03,-2.9741025368450743e-02,2.9331122863607374e-02,8.6184637280489022e-03,-3.0661276221413167e-02,-1.3605615527122207e-02,7.0723412384743523e-01,6.3118928956354647e-01,-3.8379392681711622e-01,-2.6536983108151946e-02,5.0928231713987171e-01,8.2504338758080253e-01,-7.0661887898824860e-01,5.8686922582785439e-01,-4.1887643111253059e-01,-8.8003484837482857e-03,-3.4158206224594659e-02,-1.3775109167238597e-02,1.6673504456173795e-03,-2.6703767235360852e-02,2.8210610804439533e-02,9.0613033439617061e-03,-2.9810977030748548e-02,-1.3650326773158391e-02,1.9576931038901439e-05,2.6651374775671886e-04,4.9649881289996759e-06,1.9583378026474675e-02,1.9842438614334733e-02,1.9564561349123412e-02,3.3397021719470672e-04,3.3838817413131122e-04,3.3364932210636246e-04,-6.0801288843691619e-02,8.5830574845747060e-13,-4.4281408250134724e-01,1.2742076837197658e-01,2.5214318532189382e-12,-4.1758855260598221e-01
6.2831853071795860e+06,1.3883890997497139e-01,1.2270196536797860e-01,1.1760668362063820e-01,1.2270196536797857e-01,1.2172212200339587e-01,1.1941258917009234e-01,1.1760668362063820e-01,1.1941258917009236e-01,1.3093237989292553e-01,1.6250261061266208e-06,3.4979012026621433e-07,2.2659485369984223e-07,3.4979012026621417e-07,1.6520372236272576e-06,3.6584546788139663e-07,2.2659485369984217e-07,3.6584546788139663e-07,1.6370469313794757e-06,0.0000000000000000e+00,0.0000000000000000e+00,0.0000000000000000e+00,0.0000000000000000e+00,0.0000000000000000e+00,0.0000000000000000e+00,0.0000000000000000e+00,0.0000000000000000e+00,0.0000000000000000e+00,7.3057828974835070e-12,-1.3367226169727789e-12,-6.5144771121979503e-13,-1.3367226169727789e-12,7.3872724892608116e-12,-1.4112782531568141e-12,-6.5144771121979523e-13,-1.4112782531568141e-12,7.2745285052488128e-12,2.1802438796671929e-03,-4.0730604777615832e-04,-2.0186418309039558e-04,-4.0730604777615843e-04,2.2086960533668504e-03,-4.2924656680295130e-04,-2.0186418309039577e-04,-4.2924656680295097e-04,2.1720533198099526e-03,9.0444311388150162e-06,6.0448770305280838e-06,6.2103922646464062e-06,6.0448770305283396e-06,5.5335069991167391e-06,5.6854809014954153e-06,6.2103922646465188e-06,5.6854809014955567e-06,8.0470289688831134e-06,4.8367756224003631e+02,1.0181285530933448e+02,6.5044919339143362e+01,1.0181285530933448e+02,4.9224831895698441e+02,1.0671535844868109e+02,6.5044919339143391e+01,1.0671535844868103e+02,4.8750160748313004e+02,-3.2692424782327150e+00,-2.8864443922901613e+00,-2.7646835548602988e+00,-2.8864443922902221e+00,-2.8648642427015978e+00,-2.8093742406354587e+00,-2.7646835548603428e+00,-2.8093742406354898e+00,-3.0835463052155641e+00,6.9701751822234503e-01,5.9227745251841379e-01,-3.4372847445738558e-01,-3.9230025349452038e-02,5.6562943746270744e-01,8.5968004239808937e-01,-7.1586622541534850e-01,5.7141756878472105e-01,-3.7634339970044639e-01,-9.3550964072147622e-03,-3.0482395438388762e-02,-1.1028850501595732e-02,-1.0744679247142964e-03,-2.9739982709222457e-02,2.9331490207607946e-02,8.6289861348659309e-03,-3.0644376235619712e-02,-1.3588016424110384e-02,7.0722849155252598e-01,6.3122879166172796e-01,-3.8376851146775248e-01,-2.6591513472592278e-02,5.0928351710546205e-01,8.2504084205950778e-01,-7.0662280242884012e-01,5.8682601489648589e-01,-4.1890410963276453e-01,-8.8032696499989356e-03,-3.4135391902334680e-02,-1.3756862325843703e-02,1.6343427449810549e-03,-2.6705668023110647e-02,2.8210255219924631e-02,9.0588278306933546e-03,-2.9833228467791368e-02,-1.3667996148587200e-02,2.0472892912671699e-05,2.7742927563649718e-04,5.1408350486462286e-06,2.0983115190715343e-02,2.1250871340597277e-02,2.0963624057852123e-02,3.3395665040689853e-04,3.3821812188659494e-04,3.3364643939273427e-04,1.2432565699360042e-01,1.7789525241500533e-13,-3.6225944491296541e-01,3.4726039186503563e-02,-8.7625223710661292e-13,4.7584666179131285e-01
